id,code_prefix_start,name,parent_id
account_group_1,1,ATIVO,
account_group_12,12,ATIVO CIRCULANTE,account_group_1
account_group_121,121,DISPONÍVEL,account_group_12
account_group_1211,1211,CAIXA,account_group_121
account_group_12111,12111,CAIXA,account_group_1211
account_group_121119,121119,CAIXA,account_group_12111
account_group_12111901,12111901,CAIXA,account_group_121119
account_group_121119011,121119011,CAIXA,account_group_12111901
account_group_1212,1212,NUMERÁRIO EM TRANSITO,account_group_121
account_group_12121,12121,NUMERÁRIO EM TRANSITO,account_group_1212
account_group_121219,121219,Numerário em Trânsito,account_group_12121
account_group_12121901,12121901,Numerário em Trânsito,account_group_121219
account_group_121219011,121219011,Numerário em Trânsito,account_group_12121901
account_group_1213,1213,BANCOS CONTA MOVIMENTO,account_group_121
account_group_12131,12131,BANCOS CONTA MOVIMENTO,account_group_1213
account_group_121319,121319,Bancos Conta Movimento,account_group_12131
account_group_12131901,12131901,Bancos Conta Movimento,account_group_121319
account_group_121319011,121319011,Bancos Conta Movimento,account_group_12131901
account_group_1214,1214,APLICAÇÕES DE LIQUIDEZ IMEDIATA,account_group_121
account_group_12141,12141,APLICAÇÕES DE LIQUIDEZ IMEDIATA,account_group_1214
account_group_121419,121419,Aplicações de Liquidez Imediata,account_group_12141
account_group_12141901,12141901,Aplicações de Liquidez Imediata,account_group_121419
account_group_121419011,121419011,Aplicações de Liquidez Imediata,account_group_12141901
account_group_122,122,APLICAÇÕES FINANCEIRAS,account_group_12
account_group_1221,1221,APLICAÇÕES GARANTIDORAS DE PROVISÕES TÉCNICAS,account_group_122
account_group_12211,12211,TÍTULOS DE RENDA FIXA - PRIVADOS,account_group_1221
account_group_122119,122119,Títulos de Renda Fixa - Privados,account_group_12211
account_group_12211901,12211901,Depósitos Bancários a Prazo - CDB/RDB,account_group_122119
account_group_122119011,122119011,Depósitos Bancários a Prazo - CDB/RDB,account_group_12211901
account_group_12211902,12211902,Cotas de Fundos de Investimentos,account_group_122119
account_group_122119022,122119022,Cotas de Fundos de Investimentos,account_group_12211902
account_group_12211908,12211908,Outros Títulos de Renda Fixa,account_group_122119
account_group_122119088,122119088,Outros Títulos de Renda Fixa,account_group_12211908
account_group_12211909,12211909,(-) Provisão para Desvalorização de Títulos de Renda Fixa - Privados,account_group_122119
account_group_122119099,122119099,(-) Provisão para Desvalorização de Títulos de Renda Fixa - Privados,account_group_12211909
account_group_12212,12212,TÍTULOS DE RENDA FIXA - PÚBLICOS,account_group_1221
account_group_122129,122129,Títulos de Renda Fixa - Públicos,account_group_12212
account_group_12212901,12212901,Títulos da Dívida Pública Interna,account_group_122129
account_group_122129011,122129011,Títulos da Dívida Pública Interna,account_group_12212901
account_group_12212902,12212902,Cotas de Fundos de Investimentos,account_group_122129
account_group_122129022,122129022,Cotas de Fundos de Investimentos,account_group_12212902
account_group_12212908,12212908,Outros Títulos de Renda Fixa,account_group_122129
account_group_122129088,122129088,Outros Títulos de Renda Fixa,account_group_12212908
account_group_12212909,12212909,(-) Provisão para Desvalorização de Títulos de Renda Fixa - Públicos,account_group_122129
account_group_122129099,122129099,(-) Provisão para Desvalorização de Títulos de Renda Fixa - Públicos,account_group_12212909
account_group_12213,12213,TÍTULOS DE RENDA VARIÁVEL,account_group_1221
account_group_122139,122139,Títulos de Renda Variável,account_group_12213
account_group_12213901,12213901,Cotas de Fundos de Investimentos,account_group_122139
account_group_122139011,122139011,Cotas de Fundos de Investimentos,account_group_12213901
account_group_12213902,12213902,Ações e Ouro,account_group_122139
account_group_122139022,122139022,Ações e Ouro,account_group_12213902
account_group_12213908,12213908,Outros Títulos de Renda Variável,account_group_122139
account_group_122139088,122139088,Outros Títulos de Renda Variável,account_group_12213908
account_group_12213909,12213909,(-) Provisão para Desvalorização de Títulos de Renda Variável,account_group_122139
account_group_122139099,122139099,(-) Provisão para Desvalorização de Títulos de Renda Variável,account_group_12213909
account_group_12218,12218,OUTRAS APLICAÇÕES,account_group_1221
account_group_122189,122189,Outras Aplicações,account_group_12218
account_group_12218908,12218908,Outras Aplicações,account_group_122189
account_group_122189088,122189088,Outras Aplicações,account_group_12218908
account_group_12218909,12218909,(-) Provisão para Desvalorização de Outras Aplicações,account_group_122189
account_group_122189099,122189099,(-) Provisão para Desvalorização de Outras Aplicações,account_group_12218909
account_group_1222,1222,APLICAÇÕES LIVRES,account_group_122
account_group_12221,12221,TÍTULOS DE RENDA FIXA - PRIVADOS,account_group_1222
account_group_122219,122219,Títulos de Renda Fixa - Privados,account_group_12221
account_group_12221901,12221901,Depósitos Bancários a Prazo - CDB/RDB,account_group_122219
account_group_122219011,122219011,Depósitos Bancários a Prazo - CDB/RDB,account_group_12221901
account_group_12221902,12221902,Cotas de Fundos de Investimentos,account_group_122219
account_group_122219022,122219022,Cotas de Fundos de Investimentos,account_group_12221902
account_group_12221908,12221908,Outros Títulos de Renda Fixa,account_group_122219
account_group_122219088,122219088,Outros Títulos de Renda Fixa,account_group_12221908
account_group_12221909,12221909,(-) Provisão para Desvalorização de Títulos de Renda Fixa - Privados,account_group_122219
account_group_122219099,122219099,(-) Provisão para Desvalorização de Títulos de Renda Fixa - Privados,account_group_12221909
account_group_12222,12222,TÍTULOS DE RENDA FIXA - PÚBLICOS,account_group_1222
account_group_122229,122229,Títulos de Renda Fixa - Públicos,account_group_12222
account_group_12222901,12222901,Títulos da Dívida Pública Interna,account_group_122229
account_group_122229011,122229011,Títulos da Dívida Pública Interna,account_group_12222901
account_group_12222902,12222902,Cotas de Fundos de Investimentos,account_group_122229
account_group_122229022,122229022,Cotas de Fundos de Investimentos,account_group_12222902
account_group_12222908,12222908,Outros Títulos de Renda Fixa,account_group_122229
account_group_122229088,122229088,Outros Títulos de Renda Fixa,account_group_12222908
account_group_12222909,12222909,(-) Provisão para Desvalorização de Títulos de Renda Fixa - Públicos,account_group_122229
account_group_122229099,122229099,(-) Provisão para Desvalorização de Títulos de Renda Fixa - Públicos,account_group_12222909
account_group_12223,12223,TÍTULOS DE RENDA VARIÁVEL,account_group_1222
account_group_122239,122239,Títulos de Renda Variável,account_group_12223
account_group_12223901,12223901,Cotas de Fundos de Investimentos,account_group_122239
account_group_122239011,122239011,Cotas de Fundos de Investimentos,account_group_12223901
account_group_12223902,12223902,Ações e Ouro,account_group_122239
account_group_122239022,122239022,Ações e Ouro,account_group_12223902
account_group_12223903,12223903,"Derivativos com Liquidação em Sistema de Liquidação Autorizado pelo BACEN, interpondo-se à câmara como contraparte central",account_group_122239
account_group_122239033,122239033,"Derivativos com Liquidação em Sistema de Liquidação Autorizado pelo BACEN, interpondo-se à câmara como contraparte central",account_group_12223903
account_group_12223904,12223904,"Derivativos sem Liquidação em Sistema de Liquidação Autorizado pelo BACEN, interpondo-se à câmara como contraparte central",account_group_122239
account_group_122239044,122239044,"Derivativos sem Liquidação em Sistema de Liquidação Autorizado pelo BACEN, interpondo-se à câmara como contraparte central",account_group_12223904
account_group_12223908,12223908,Outros Títulos de Renda Variável,account_group_122239
account_group_122239088,122239088,Outros Títulos de Renda Variável,account_group_12223908
account_group_12223909,12223909,(-) Provisão para Desvalorização de Títulos de Renda Variável,account_group_122239
account_group_122239099,122239099,(-) Provisão para Desvalorização de Títulos de Renda Variável,account_group_12223909
account_group_12228,12228,OUTRAS APLICAÇÕES,account_group_1222
account_group_122289,122289,Outras Aplicações,account_group_12228
account_group_12228908,12228908,Outras Aplicações,account_group_122289
account_group_122289088,122289088,Outras Aplicações,account_group_12228908
account_group_12228909,12228909,(-) Provisão para Desvalorização de Outras Aplicações,account_group_122289
account_group_122289099,122289099,(-) Provisão para Desvalorização de Outras Aplicações,account_group_12228909
account_group_123,123,CRÉDITOS DE OPERAÇÕES COM PLANOS DE ASSISTÊNCIA À SAÚDE,account_group_12
account_group_1231,1231,CONTRAPRESTAÇÃO PECUNIÁRIA/PRÊMIO A RECEBER,account_group_123
account_group_12311,12311,CONTRAPRESTAÇÃO PECUNIÁRIA/PRÊMIOS A RECEBER DE ASSISTÊNCIA MÉDICO HOSPITALAR,account_group_1231
account_group_123111,123111,Cobertura Assistencial com Preço Preestabelecido,account_group_12311
account_group_12311101,12311101,Contraprestação Pecuniária/Prêmios a Receber,account_group_123111
account_group_123111011,123111011,Contraprestação Pecuniária/Prêmios a Receber,account_group_12311101
account_group_12311109,12311109,(-) Provisão para Perdas Sobre Créditos,account_group_123111
account_group_123111099,123111099,(-) Provisão para Perdas Sobre Créditos,account_group_12311109
account_group_123112,123112,Cobertura Assistencial com Preço Pós-estabelecido,account_group_12311
account_group_12311201,12311201,Contraprestação Pecuniária/Prêmios a Receber,account_group_123112
account_group_123112011,123112011,Contraprestação Pecuniária/Prêmios a Receber,account_group_12311201
account_group_12311202,12311202,Contraprestação Pecuniária/Prêmios a Emitir,account_group_123112
account_group_123112022,123112022,Contraprestação Pecuniária/Prêmios a Emitir,account_group_12311202
account_group_12311209,12311209,(-) Provisão para Perdas Sobre Créditos,account_group_123112
account_group_123112099,123112099,(-) Provisão para Perdas Sobre Créditos,account_group_12311209
account_group_12312,12312,CONTRAPRESTAÇÃO PECUNIÁRIA/PRÊMIOS A RECEBER DE ASSISTÊNCIA ODONTOLÓGICA,account_group_1231
account_group_123121,123121,Cobertura Assistencial com Preço Preestabelecido,account_group_12312
account_group_12312101,12312101,Contraprestação Pecuniária/Prêmios a Receber,account_group_123121
account_group_123121011,123121011,Contraprestação Pecuniária/Prêmios a Receber,account_group_12312101
account_group_12312109,12312109,(-) Provisão para Perdas Sobre Créditos,account_group_123121
account_group_123121099,123121099,(-) Provisão para Perdas Sobre Créditos,account_group_12312109
account_group_123122,123122,Cobertura Assistencial com Preço Pós-estabelecido,account_group_12312
account_group_12312201,12312201,Contraprestação Pecuniária/Prêmios a Receber,account_group_123122
account_group_123122011,123122011,Contraprestação Pecuniária/Prêmios a Receber,account_group_12312201
account_group_12312202,12312202,Contraprestação Pecuniária/Prêmios a Emitir,account_group_123122
account_group_123122022,123122022,Contraprestação Pecuniária/Prêmios a Emitir,account_group_12312202
account_group_12312209,12312209,(-) Provisão para Perdas Sobre Créditos,account_group_123122
account_group_123122099,123122099,(-) Provisão para Perdas Sobre Créditos,account_group_12312209
account_group_1232,1232,CRÉDITOS DE OPERAÇÕES DE ADMINISTRAÇÃO DE BENEFÍCIOS,account_group_123
account_group_12321,12321,ADMINISTRAÇÃO DE BENEFÍCIOS DE PLANOS DE ASSISTÊNCIA MÉDICO-HOSPITALAR,account_group_1232
account_group_123219,123219,Administração de Benefícios de Planos de Assistência Médico-Hospitalar,account_group_12321
account_group_12321901,12321901,Taxa de Administração de Benefícios a Receber,account_group_123219
account_group_123219011,123219011,Taxa de Administração de Benefícios a Receber,account_group_12321901
account_group_12321902,12321902,Créditos a Receber de Contraprestações a Repassar,account_group_123219
account_group_123219022,123219022,Créditos a Receber de Contraprestações a Repassar,account_group_12321902
account_group_12322,12322,ADMINISTRAÇÃO DE BENEFÍCIOS DE ASSISTÊNCIA ODONTOLÓGICA,account_group_1232
account_group_123229,123229,Administração de Benefícios de Assistência Odontológica,account_group_12322
account_group_12322901,12322901,Taxa de Administração de Benefícios a Receber,account_group_123229
account_group_123229011,123229011,Taxa de Administração de Benefícios a Receber,account_group_12322901
account_group_12322902,12322902,Contraprestações/Prêmios a Receber,account_group_123229
account_group_123229022,123229022,Contraprestações/Prêmios a Receber,account_group_12322902
account_group_1233,1233,PARTICIPAÇÃO DOS BENEFICIÁRIOS EM EVENTOS/SINISTROS INDENIZADOS,account_group_123
account_group_12331,12331,PARTICIPAÇÃO DOS BENEFICIÁRIOS EM EVENTOS/SINISTROS INDENIZADOS DE ASSISTÊNCIA MÉDICO-HOSPITALAR,account_group_1233
account_group_123311,123311,Cobertura Assistencial com Preço Preestabelecido,account_group_12331
account_group_12331101,12331101,Participação dos Beneficiários em Eventos/Sinistros Indenizados a Receber,account_group_123311
account_group_123311011,123311011,Participação dos Beneficiários em Eventos/Sinistros Indenizados a Receber,account_group_12331101
account_group_12331102,12331102,Participação dos Beneficiários em Eventos/Sinistros Indenizados a Cobrar,account_group_123311
account_group_123311022,123311022,Participação dos Beneficiários em Eventos/Sinistros Indenizados a Cobrar,account_group_12331102
account_group_123312,123312,Cobertura Assistencial com Preço Pós-estabelecido,account_group_12331
account_group_12331201,12331201,Participação dos Beneficiários em Eventos/Sinistros Indenizados a Receber,account_group_123312
account_group_123312011,123312011,Participação dos Beneficiários em Eventos/Sinistros Indenizados a Receber,account_group_12331201
account_group_12331202,12331202,Participação dos Beneficiários em Eventos/Sinistros Indenizados a Cobrar,account_group_123312
account_group_123312022,123312022,Participação dos Beneficiários em Eventos/Sinistros Indenizados a Cobrar,account_group_12331202
account_group_12332,12332,PARTICIPAÇÃO DOS BENEFICIÁRIOS EM EVENTOS/SINISTROS INDENIZADOS DE ASSISTÊNCIA ODONTOLÓGICA,account_group_1233
account_group_123321,123321,Cobertura Assistencial com Preço Preestabelecido,account_group_12332
account_group_12332101,12332101,Participação dos Beneficiários em Eventos/Sinistros Indenizados a Receber,account_group_123321
account_group_123321011,123321011,Participação dos Beneficiários em Eventos/Sinistros Indenizados a Receber,account_group_12332101
account_group_12332102,12332102,Participação dos Beneficiários em Eventos/Sinistros Indenizados a Cobrar,account_group_123321
account_group_123321022,123321022,Participação dos Beneficiários em Eventos/Sinistros Indenizados a Cobrar,account_group_12332102
account_group_123322,123322,Cobertura Assistencial com Preço Pós-estabelecido,account_group_12332
account_group_12332201,12332201,Participação dos Beneficiários em Eventos/Sinistros Indenizados a Receber,account_group_123322
account_group_123322011,123322011,Participação dos Beneficiários em Eventos/Sinistros Indenizados a Receber,account_group_12332201
account_group_12332202,12332202,Participação dos Beneficiários em Eventos/Sinistros Indenizados a Cobrar,account_group_123322
account_group_123322022,123322022,Participação dos Beneficiários em Eventos/Sinistros Indenizados a Cobrar,account_group_12332202
account_group_1234,1234,OPERADORAS DE PLANOS DE ASSISTÊNCIA À SAÚDE,account_group_123
account_group_12341,12341,OPERADORAS DE PLANOS DE ASSISTÊNCIA MÉDICO-HOSPITALAR,account_group_1234
account_group_123411,123411,Cobertura Assistencial com Preço Preestabelecido,account_group_12341
account_group_12341101,12341101,Contraprestação Corresponsabilidade Assumida,account_group_123411
account_group_123411011,123411011,Contraprestação Corresponsabilidade Assumida,account_group_12341101
account_group_12341102,12341102,Cosseguro Aceito,account_group_123411
account_group_123411022,123411022,Cosseguro Aceito,account_group_12341102
account_group_12341103,12341103,Cosseguro Cedido,account_group_123411
account_group_123411033,123411033,Cosseguro Cedido,account_group_12341103
account_group_12341108,12341108,Outros,account_group_123411
account_group_123411088,123411088,Outros,account_group_12341108
account_group_12341109,12341109,(-) Provisão para Perdas Sobre Créditos,account_group_123411
account_group_123411099,123411099,(-) Provisão para Perdas Sobre Créditos,account_group_12341109
account_group_123412,123412,Cobertura Assistencial com Preço Pós-estabelecido,account_group_12341
account_group_12341201,12341201,Contraprestação Corresponsabilidade Assumida,account_group_123412
account_group_123412011,123412011,Contraprestação Corresponsabilidade Assumida,account_group_12341201
account_group_12341202,12341202,Cosseguro Aceito,account_group_123412
account_group_123412022,123412022,Cosseguro Aceito,account_group_12341202
account_group_12341203,12341203,Cosseguro Cedido,account_group_123412
account_group_123412033,123412033,Cosseguro Cedido,account_group_12341203
account_group_12341208,12341208,Outros,account_group_123412
account_group_123412088,123412088,Outros,account_group_12341208
account_group_12341209,12341209,(-) Provisão para Perdas Sobre Créditos,account_group_123412
account_group_123412099,123412099,(-) Provisão para Perdas Sobre Créditos,account_group_12341209
account_group_12342,12342,OPERADORAS DE PLANOS DE ASSISTÊNCIA ODONTOLÓGICA,account_group_1234
account_group_123421,123421,Cobertura Assistencial com Preço Preestabelecido,account_group_12342
account_group_12342101,12342101,Contraprestação Corresponsabilidade Assumida,account_group_123421
account_group_123421011,123421011,Contraprestação Corresponsabilidade Assumida,account_group_12342101
account_group_12342102,12342102,Cosseguro Aceito,account_group_123421
account_group_123421022,123421022,Cosseguro Aceito,account_group_12342102
account_group_12342103,12342103,Cosseguro Cedido,account_group_123421
account_group_123421033,123421033,Cosseguro Cedido,account_group_12342103
account_group_12342108,12342108,Outros,account_group_123421
account_group_123421088,123421088,Outros,account_group_12342108
account_group_12342109,12342109,(-) Provisão para Perdas Sobre Créditos,account_group_123421
account_group_123421099,123421099,(-) Provisão para Perdas Sobre Créditos,account_group_12342109
account_group_123422,123422,Cobertura Assistencial com Preço Pós-estabelecido,account_group_12342
account_group_12342201,12342201,Contraprestação Corresponsabilidade Assumida,account_group_123422
account_group_123422011,123422011,Contraprestação Corresponsabilidade Assumida,account_group_12342201
account_group_12342202,12342202,Cosseguro Aceito,account_group_123422
account_group_123422022,123422022,Cosseguro Aceito,account_group_12342202
account_group_12342203,12342203,Cosseguro Cedido,account_group_123422
account_group_123422033,123422033,Cosseguro Cedido,account_group_12342203
account_group_12342208,12342208,Outros,account_group_123422
account_group_123422088,123422088,Outros,account_group_12342208
account_group_12342209,12342209,(-) Provisão para Perdas Sobre Créditos,account_group_123422
account_group_123422099,123422099,(-) Provisão para Perdas Sobre Créditos,account_group_12342209
account_group_1239,1239,OUTROS CRÉDITOS DE OPERAÇÕES COM PLANOS DE ASSISTÊNCIA À SAÚDE,account_group_123
account_group_12391,12391,OUTROS CRÉDITOS DE OPERAÇÕES DE ASSISTÊNCIA MÉDICO-HOSPITALAR,account_group_1239
account_group_123911,123911,Cobertura Assistencial com Preço Preestabelecido,account_group_12391
account_group_12391101,12391101,Resseguros,account_group_123911
account_group_123911011,123911011,Resseguros,account_group_12391101
account_group_12391102,12391102,Seguros,account_group_123911
account_group_123911022,123911022,Seguros,account_group_12391102
account_group_12391108,12391108,Outros Créditos de Operações de Assistência Médico-Hospitalar,account_group_123911
account_group_123911088,123911088,Outros Créditos de Operações de Assistência Médico-Hospitalar,account_group_12391108
account_group_123912,123912,Cobertura Assistencial com Preço Pós-estabelecido,account_group_12391
account_group_12391208,12391208,Outros Créditos de Operações de Assistência Médico-Hospitalar,account_group_123912
account_group_123912088,123912088,Outros Créditos de Operações de Assistência Médico-Hospitalar,account_group_12391208
account_group_12392,12392,OUTROS CRÉDITOS DE OPERAÇÕES DE ASSISTÊNCIA ODONTOLÓGICA,account_group_1239
account_group_123921,123921,Cobertura Assistencial com Preço Preestabelecido,account_group_12392
account_group_12392101,12392101,Resseguros,account_group_123921
account_group_123921011,123921011,Resseguros,account_group_12392101
account_group_12392102,12392102,Seguros,account_group_123921
account_group_123921022,123921022,Seguros,account_group_12392102
account_group_12392108,12392108,Outros Créditos de Operações de Assistência Odontológica,account_group_123921
account_group_123921088,123921088,Outros Créditos de Operações de Assistência Odontológica,account_group_12392108
account_group_123922,123922,Cobertura Assistencial com Preço Pós-estabelecido,account_group_12392
account_group_12392208,12392208,Outros Créditos de Operações de Assistência Odontológica,account_group_123922
account_group_123922088,123922088,Outros Créditos de Operações de Assistência Odontológica,account_group_12392208
account_group_124,124,CRÉDITOS DE OPERAÇÕES DE ASSISTÊNCIA À SAÚDE NÃO RELACIONADOS COM PLANOS DE SAÚDE DA OPERADORA,account_group_12
account_group_1241,1241,CRÉDITOS DE OPERAÇÕES DE ASSISTÊNCIA À SAÚDE NÃO RELACIONADOS COM PLANOS DE SAÚDE DA OPERADORA,account_group_124
account_group_12411,12411,CRÉDITOS A RECEBER DE PRESTAÇÃO DE SERVIÇOS DE ASSISTÊNCIA MÉDICO-HOSPITALAR,account_group_1241
account_group_124119,124119,Contas a Receber de Prestação de Serviços Médico- Hospitalar,account_group_12411
account_group_12411901,12411901,Contas a Receber,account_group_124119
account_group_124119011,124119011,Contas a Receber,account_group_12411901
account_group_12411902,12411902,Intercâmbio a Receber - Atendimento Eventual,account_group_124119
account_group_124119022,124119022,Intercâmbio a Receber - Atendimento Eventual,account_group_12411902
account_group_12411908,12411908,Outros Créditos Operacionais de Prestação de Serviço Médico-Hospitalar,account_group_124119
account_group_124119088,124119088,Outros Créditos Operacionais de Prestação de Serviço Médico-Hospitalar,account_group_12411908
account_group_12412,12412,CRÉDITOS A RECEBER DE PRESTAÇÃO DE SERVIÇOS DE ASSISTÊNCIA ODONTOLÓGICA,account_group_1241
account_group_124129,124129,Contas a Receber de Prestação de Serviços Odontológica,account_group_12412
account_group_12412901,12412901,Contas a Receber,account_group_124129
account_group_124129011,124129011,Contas a Receber,account_group_12412901
account_group_12412902,12412902,Intercâmbio a Receber - Atendimento Eventual,account_group_124129
account_group_124129022,124129022,Intercâmbio a Receber - Atendimento Eventual,account_group_12412902
account_group_12412908,12412908,Outros Créditos Operacionais de Prestação de Serviço Odontológico,account_group_124129
account_group_124129088,124129088,Outros Créditos Operacionais de Prestação de Serviço Odontológico,account_group_12412908
account_group_125,125,DESPESAS DIFERIDAS,account_group_12
account_group_1251,1251,COMISSÕES DIFERIDAS COM OPERAÇÕES DE ASSISTÊNCIA A SAÚDE,account_group_125
account_group_12511,12511,COMISSÕES/AGENCIAMENTOS DIFERIDOS COM PLANOS DE ASSISTÊNCIA MÉDICO-HOSPITALAR,account_group_1251
account_group_125119,125119,Comissões/Agenciamentos Diferidos com Planos de Assistência Médico-Hospitalar,account_group_12511
account_group_12511901,12511901,Comissões/Agenciamentos Diferidos com Planos de Assistência Médico-Hospitalar,account_group_125119
account_group_125119011,125119011,Comissões/Agenciamentos Diferidos com Planos de Assistência Médico-Hospitalar,account_group_12511901
account_group_12511902,12511902,Comissões/Agenciamentos Diferidos - Seguros,account_group_125119
account_group_125119022,125119022,Comissões/Agenciamentos Diferidos - Seguros,account_group_12511902
account_group_12512,12512,COMISSÕES/AGENCIAMENTOS DIFERIDOS COM PLANOS DE ASSISTÊNCIA ODONTOLÓGICA,account_group_1251
account_group_125129,125129,Comissões/Agenciamentos Diferidos com Planos de Assistência Odontológica,account_group_12512
account_group_12512901,12512901,Comissões/Agenciamentos Diferidos com Planos de Assistência Odontológica,account_group_125129
account_group_125129011,125129011,Comissões/Agenciamentos Diferidos com Planos de Assistência Odontológica,account_group_12512901
account_group_12512902,12512902,Comissões/Agenciamentos Diferidos - Seguros,account_group_125129
account_group_125129022,125129022,Comissões/Agenciamentos Diferidos - Seguros,account_group_12512902
account_group_1252,1252,DESPESAS DE RESSEGURO DIFERIDAS,account_group_125
account_group_12521,12521,PRÊMIO DE RESSEGURO DIFERIDO COM PLANOS DE ASSISTÊNCIA MÉDICO-HOSPITALAR,account_group_1252
account_group_125219,125219,Prêmio de Resseguro Diferido com Planos de Assistência Médico-Hospitalar,account_group_12521
account_group_12521901,12521901,Prêmio de Resseguro Diferido com Planos de Assistência Médico-Hospitalar,account_group_125219
account_group_125219011,125219011,Prêmio de Resseguro Diferido com Planos de Assistência Médico-Hospitalar,account_group_12521901
account_group_12522,12522,PRÊMIO DE RESSEGURO DIFERIDO COM PLANOS DE ASSISTÊNCIA ODONTOLÓGICO,account_group_1252
account_group_125229,125229,Prêmio de Resseguro Diferido com Planos de Assistência Odontológico,account_group_12522
account_group_12522901,12522901,Prêmio de Resseguro Diferido com Planos de Assistência Odontológico,account_group_125229
account_group_125229011,125229011,Prêmio de Resseguro Diferido com Planos de Assistência Odontológico,account_group_12522901
account_group_126,126,CRÉDITOS TRIBUTÁRIOS E PREVIDÊNCIÁRIOS,account_group_12
account_group_1261,1261,CRÉDITOS TRIBUTÁRIOS E PREVIDÊNCIARIOS,account_group_126
account_group_12611,12611,CRÉDITOS TRIBUTÁRIOS,account_group_1261
account_group_126119,126119,Créditos Tributários,account_group_12611
account_group_12611901,12611901,Imposto de Renda,account_group_126119
account_group_126119011,126119011,Imposto de Renda,account_group_12611901
account_group_12611902,12611902,Contribuição Social Sobre o Lucro Liquido - CSLL,account_group_126119
account_group_126119022,126119022,Contribuição Social Sobre o Lucro Liquido - CSLL,account_group_12611902
account_group_12611903,12611903,Crédito de Previdência Social,account_group_126119
account_group_126119033,126119033,Crédito de Previdência Social,account_group_12611903
account_group_12611904,12611904,Créditos de PIS e COFINS,account_group_126119
account_group_126119044,126119044,Créditos de PIS e COFINS,account_group_12611904
account_group_12611905,12611905,Imposto Sobre Serviços - ISS,account_group_126119
account_group_126119055,126119055,Imposto Sobre Serviços - ISS,account_group_12611905
account_group_12611908,12611908,Outros Créditos Tributários e Previdenciários,account_group_126119
account_group_126119088,126119088,Outros Créditos Tributários e Previdenciários,account_group_12611908
account_group_127,127,BENS E TÍTULOS A RECEBER,account_group_12
account_group_1271,1271,ESTOQUE,account_group_127
account_group_12711,12711,ESTOQUE,account_group_1271
account_group_127119,127119,Estoques,account_group_12711
account_group_12711901,12711901,Estoques,account_group_127119
account_group_127119011,127119011,Estoques,account_group_12711901
account_group_1272,1272,BENS A VENDA,account_group_127
account_group_12721,12721,BENS A VENDA,account_group_1272
account_group_127219,127219,Bens a Venda,account_group_12721
account_group_12721901,12721901,Bens a Venda,account_group_127219
account_group_127219011,127219011,Bens a Venda,account_group_12721901
account_group_1273,1273,DEPENDÊNCIAS NO PAÍS,account_group_127
account_group_12731,12731,DEPENDÊNCIAS NO PAÍS,account_group_1273
account_group_127319,127319,Dependências no País,account_group_12731
account_group_12731901,12731901,Dependências no País,account_group_127319
account_group_127319011,127319011,Dependências no País,account_group_12731901
account_group_1274,1274,ADIANTAMENTOS,account_group_127
account_group_12741,12741,ADIANTAMENTOS,account_group_1274
account_group_127419,127419,Adiantamentos,account_group_12741
account_group_12741901,12741901,Adiantamentos,account_group_127419
account_group_127419011,127419011,Adiantamentos,account_group_12741901
account_group_1276,1276,EMPRÉSTIMOS E DEPÓSITOS COMPULSÓRIOS,account_group_127
account_group_12761,12761,EMPRÉSTIMOS E DEPÓSITOS COMPULSÓRIOS,account_group_1276
account_group_127619,127619,Empréstimos e Depósitos Compulsórios,account_group_12761
account_group_12761901,12761901,Empréstimos e Depósitos Compulsórios,account_group_127619
account_group_127619011,127619011,Empréstimos e Depósitos Compulsórios,account_group_12761901
account_group_1277,1277,TÍTULOS A RECEBER,account_group_127
account_group_12771,12771,TÍTULOS A RECEBER,account_group_1277
account_group_127719,127719,Títulos a Receber,account_group_12771
account_group_12771901,12771901,Títulos a Receber,account_group_127719
account_group_127719011,127719011,Títulos a Receber,account_group_12771901
account_group_12772,12772,DIREITOS RESULTANTES DA VENDA DE CARTEIRAS,account_group_1277
account_group_127729,127729,Direitos Resultantes da Venda de Carteira,account_group_12772
account_group_12772901,12772901,Direitos Resultantes da Venda de Carteira,account_group_127729
account_group_127729011,127729011,Direitos Resultantes da Venda de Carteira,account_group_12772901
account_group_12773,12773,ADMINISTRADORA DE BENEFÍCIOS - OUTROS CRÉDITOS OPERACIONAIS,account_group_1277
account_group_127739,127739,Administradora de Benefícios - Outros Créditos Operacionais,account_group_12773
account_group_12773901,12773901,Administradora de Benefícios - Outros Créditos Operacionais,account_group_127739
account_group_127739011,127739011,Administradora de Benefícios - Outros Créditos Operacionais,account_group_12773901
account_group_1278,1278,OUTROS BENS E TÍTULOS A RECEBER,account_group_127
account_group_12781,12781,OUTROS BENS E TÍTULOS A RECEBER,account_group_1278
account_group_127819,127819,Outros Bens e Títulos a Receber,account_group_12781
account_group_12781901,12781901,Outros Bens e Títulos a Receber,account_group_127819
account_group_127819011,127819011,Outros Bens e Títulos a Receber,account_group_12781901
account_group_128,128,DESPESAS ANTECIPADAS,account_group_12
account_group_1281,1281,DESPESAS ADMINISTRATIVAS,account_group_128
account_group_12811,12811,DESPESAS ADMINISTRATIVAS,account_group_1281
account_group_128119,128119,Despesas Administrativas,account_group_12811
account_group_12811901,12811901,Despesas Administrativas,account_group_128119
account_group_128119011,128119011,Despesas Administrativas,account_group_12811901
account_group_1282,1282,DESPESAS PATRIMONIAIS,account_group_128
account_group_12821,12821,DESPESAS PATRIMONIAIS,account_group_1282
account_group_128219,128219,Despesas Patrimoniais,account_group_12821
account_group_12821901,12821901,Despesas Patrimoniais,account_group_128219
account_group_128219011,128219011,Despesas Patrimoniais,account_group_12821901
account_group_1283,1283,DESPESAS OPERACIONAIS,account_group_128
account_group_12831,12831,DESPESAS OPERACIONAIS,account_group_1283
account_group_128319,128319,Despesas Operacionais Antecipadas,account_group_12831
account_group_12831901,12831901,Despesas Operacionais Antecipadas,account_group_128319
account_group_128319011,128319011,Despesas Operacionais Antecipadas,account_group_12831901
account_group_1289,1289,OUTRAS DESPESAS ANTECIPADAS,account_group_128
account_group_12891,12891,OUTRAS DESPESAS ANTECIPADAS,account_group_1289
account_group_128919,128919,Outras Despesas Antecipadas,account_group_12891
account_group_12891901,12891901,Outras Despesas Antecipadas,account_group_128919
account_group_128919011,128919011,Outras Despesas Antecipadas,account_group_12891901
account_group_129,129,CONTA-CORRENTE COM COOPERADOS,account_group_12
account_group_1291,1291,CRÉDITOS A RECEBER DE COOPERADOS,account_group_129
account_group_12911,12911,CRÉDITOS A RECEBER DE COOPERADOS,account_group_1291
account_group_129119,129119,Créditos a receber de Cooperados,account_group_12911
account_group_12911901,12911901,Créditos a receber de Cooperados,account_group_129119
account_group_129119011,129119011,Créditos a receber de Cooperados,account_group_12911901
account_group_13,13,ATIVO NÃO CIRCULANTE,account_group_1
account_group_131,131,REALIZÁVEL A LONGO PRAZO,account_group_13
account_group_1311,1311,APLICAÇÕES GARANTIDORAS DE PROVISÕES TÉCNICAS,account_group_131
account_group_13111,13111,TÍTULOS DE RENDA FIXA - PRIVADOS,account_group_1311
account_group_131119,131119,Títulos de Renda Fixa - Privados,account_group_13111
account_group_13111901,13111901,Depósitos Bancários a Prazo - CDB/RDB,account_group_131119
account_group_131119011,131119011,Depósitos Bancários a Prazo - CDB/RDB,account_group_13111901
account_group_13111902,13111902,Cotas de Fundos de Investimentos,account_group_131119
account_group_131119022,131119022,Cotas de Fundos de Investimentos,account_group_13111902
account_group_13111908,13111908,Outros Títulos de Renda Fixa,account_group_131119
account_group_131119088,131119088,Outros Títulos de Renda Fixa,account_group_13111908
account_group_13111909,13111909,(-) Provisão para Desvalorização de Títulos de Renda Fixa - Privados,account_group_131119
account_group_131119099,131119099,(-) Provisão para Desvalorização de Títulos de Renda Fixa - Privados,account_group_13111909
account_group_13112,13112,TÍTULOS DE RENDA FIXA - PÚBLICOS,account_group_1311
account_group_131129,131129,Títulos de Renda Fixa - Públicos,account_group_13112
account_group_13112901,13112901,Títulos da Dívida Pública Interna,account_group_131129
account_group_131129011,131129011,Títulos da Dívida Pública Interna,account_group_13112901
account_group_13112902,13112902,Cotas de Fundos de Investimentos,account_group_131129
account_group_131129022,131129022,Cotas de Fundos de Investimentos,account_group_13112902
account_group_13112908,13112908,Outros Títulos de Renda Fixa,account_group_131129
account_group_131129088,131129088,Outros Títulos de Renda Fixa,account_group_13112908
account_group_13112909,13112909,(-) Provisão para Desvalorização de Títulos de Renda Fixa - Públicos,account_group_131129
account_group_131129099,131129099,(-) Provisão para Desvalorização de Títulos de Renda Fixa - Públicos,account_group_13112909
account_group_13113,13113,TÍTULOS DE RENDA VARIÁVEL,account_group_1311
account_group_131139,131139,Títulos de Renda Variável,account_group_13113
account_group_13113901,13113901,Cotas de Fundos de Investimentos,account_group_131139
account_group_131139011,131139011,Cotas de Fundos de Investimentos,account_group_13113901
account_group_13113902,13113902,Ações e Ouro,account_group_131139
account_group_131139022,131139022,Ações e Ouro,account_group_13113902
account_group_13113908,13113908,Outros Títulos de Renda Variável,account_group_131139
account_group_131139088,131139088,Outros Títulos de Renda Variável,account_group_13113908
account_group_13113909,13113909,(-) Provisão para Desvalorização de Títulos de Renda Variável,account_group_131139
account_group_131139099,131139099,(-) Provisão para Desvalorização de Títulos de Renda Variável,account_group_13113909
account_group_13118,13118,OUTRAS APLICAÇÕES,account_group_1311
account_group_131189,131189,Outras Aplicações,account_group_13118
account_group_13118908,13118908,Outras Aplicações,account_group_131189
account_group_131189088,131189088,Outras Aplicações,account_group_13118908
account_group_13118909,13118909,(-) Provisão para Desvalorização de Outras Aplicações,account_group_131189
account_group_131189099,131189099,(-) Provisão para Desvalorização de Outras Aplicações,account_group_13118909
account_group_1312,1312,APLICAÇÕES LIVRES,account_group_131
account_group_13121,13121,TÍTULOS DE RENDAS FIXA,account_group_1312
account_group_131219,131219,Títulos de Renda Fixa - Privados,account_group_13121
account_group_13121901,13121901,Depósitos Bancários a Prazo - CDB/RDB,account_group_131219
account_group_131219011,131219011,Depósitos Bancários a Prazo - CDB/RDB,account_group_13121901
account_group_13121902,13121902,Cotas de Fundos de Investimentos,account_group_131219
account_group_131219022,131219022,Cotas de Fundos de Investimentos,account_group_13121902
account_group_13121908,13121908,Outros Títulos de Renda Fixa,account_group_131219
account_group_131219088,131219088,Outros Títulos de Renda Fixa,account_group_13121908
account_group_13121909,13121909,(-) Provisão para Desvalorização de Títulos de Renda Fixa - Privados,account_group_131219
account_group_131219099,131219099,(-) Provisão para Desvalorização de Títulos de Renda Fixa - Privados,account_group_13121909
account_group_13122,13122,TÍTULOS DE RENDA FIXA - PÚBLICOS,account_group_1312
account_group_131229,131229,Títulos de Renda Fixa - Públicos,account_group_13122
account_group_13122901,13122901,Títulos da Dívida Pública Interna,account_group_131229
account_group_131229011,131229011,Títulos da Dívida Pública Interna,account_group_13122901
account_group_13122902,13122902,Cotas de Fundos de Investimentos,account_group_131229
account_group_131229022,131229022,Cotas de Fundos de Investimentos,account_group_13122902
account_group_13122908,13122908,Outros Títulos de Renda Fixa,account_group_131229
account_group_131229088,131229088,Outros Títulos de Renda Fixa,account_group_13122908
account_group_13122909,13122909,(-) Provisão para Desvalorização de Títulos de Renda Fixa - Públicos,account_group_131229
account_group_131229099,131229099,(-) Provisão para Desvalorização de Títulos de Renda Fixa - Públicos,account_group_13122909
account_group_13123,13123,TÍTULOS DE RENDA VARIÁVEL,account_group_1312
account_group_131239,131239,Títulos de Renda Variável,account_group_13123
account_group_13123901,13123901,Cotas de Fundos de Investimentos,account_group_131239
account_group_131239011,131239011,Cotas de Fundos de Investimentos,account_group_13123901
account_group_13123902,13123902,Ações e Ouro,account_group_131239
account_group_131239022,131239022,Ações e Ouro,account_group_13123902
account_group_13123903,13123903,"Derivativos com Liquidação em Sistema de Liquidação Autorizado pelo BACEN, interpondo-se à câmara como contraparte central",account_group_131239
account_group_131239033,131239033,"Derivativos com Liquidação em Sistema de Liquidação Autorizado pelo BACEN, interpondo-se à câmara como contraparte central",account_group_13123903
account_group_13123904,13123904,"Derivativos sem Liquidação em Sistema de Liquidação Autorizado pelo BACEN, interpondo-se à câmara como contraparte central",account_group_131239
account_group_131239044,131239044,"Derivativos sem Liquidação em Sistema de Liquidação Autorizado pelo BACEN, interpondo-se à câmara como contraparte central",account_group_13123904
account_group_13123908,13123908,Outros Títulos de Renda Variável,account_group_131239
account_group_131239088,131239088,Outros Títulos de Renda Variável,account_group_13123908
account_group_13123909,13123909,(-) Provisão para Desvalorização de Títulos de Renda Variável,account_group_131239
account_group_131239099,131239099,(-) Provisão para Desvalorização de Títulos de Renda Variável,account_group_13123909
account_group_13128,13128,OUTRAS APLICAÇÕES,account_group_1312
account_group_131289,131289,Outras Aplicações,account_group_13128
account_group_13128908,13128908,Outras Aplicações,account_group_131289
account_group_131289088,131289088,Outras Aplicações,account_group_13128908
account_group_13128909,13128909,(-) Provisão para Desvalorização de Outras Aplicações,account_group_131289
account_group_131289099,131289099,(-) Provisão para Desvalorização de Outras Aplicações,account_group_13128909
account_group_1313,1313,CRÉDITOS TRIBUTÁRIOS E PREVIDENCIÁRIOS,account_group_131
account_group_13131,13131,CRÉDITOS TRIBUTÁRIOS E PREVIDÊNCIÁRIOS,account_group_1313
account_group_131319,131319,Créditos Tributários,account_group_13131
account_group_13131901,13131901,Créditos Tributários,account_group_131319
account_group_131319011,131319011,Créditos Tributários,account_group_13131901
account_group_1314,1314,TÍTULOS E CRÉDITOS A RECEBER,account_group_131
account_group_13141,13141,CRÉDITOS A RECEBER,account_group_1314
account_group_131419,131419,Créditos a Receber,account_group_13141
account_group_13141901,13141901,Direitos Resultantes da Venda de Imóveis,account_group_131419
account_group_131419011,131419011,Direitos Resultantes da Venda de Imóveis,account_group_13141901
account_group_13141902,13141902,Direitos Resultantes da Venda de Carteira de Beneficiários de Planos de Saúde,account_group_131419
account_group_131419022,131419022,Direitos Resultantes da Venda de Carteira de Beneficiários de Planos de Saúde,account_group_13141902
account_group_13141903,13141903,Contraprestação Pecuniária/Prêmio em Contestação - Depósito Judicial pelo Contratante,account_group_131419
account_group_131419033,131419033,Contraprestação Pecuniária/Prêmio em Contestação - Depósito Judicial pelo Contratante,account_group_13141903
account_group_13142,13142,TÍTULOS A RECEBER,account_group_1314
account_group_131429,131429,Títulos a Receber,account_group_13142
account_group_13142901,13142901,Notas Promissórias,account_group_131429
account_group_131429011,131429011,Notas Promissórias,account_group_13142901
account_group_13142908,13142908,Outros Títulos a Receber,account_group_131429
account_group_131429088,131429088,Outros Títulos a Receber,account_group_13142908
account_group_13143,13143,EMPRÉSTIMOS E DEPÓSITOS COMPULSÓRIOS,account_group_1314
account_group_131439,131439,Empréstimos e Depósitos Compulsórios,account_group_13143
account_group_13143901,13143901,Empréstimos,account_group_131439
account_group_131439011,131439011,Empréstimos,account_group_13143901
account_group_13143902,13143902,Depósitos,account_group_131439
account_group_131439022,131439022,Depósitos,account_group_13143902
account_group_13148,13148,OUTROS VALORES E BENS,account_group_1314
account_group_131489,131489,Outros Valores e Bens,account_group_13148
account_group_13148901,13148901,Outros Valores e Bens,account_group_131489
account_group_131489011,131489011,Outros Valores e Bens,account_group_13148901
account_group_1315,1315,DESPESAS DE COMERCIALIZAÇÃO DIFERIDAS,account_group_131
account_group_13151,13151,COMISSÕES/AGENCIAMENTOS DIFERIDOS COM PLANOS DE ASSISTÊNCIA MÉDICO-HOSPITALAR,account_group_1315
account_group_131519,131519,Comissões/Agenciamentos Diferidos com Planos de Assistência Médico-Hospitalar,account_group_13151
account_group_13151901,13151901,Comissões/Agenciamentos Diferidos com Planos de Assistência Médico-Hospitalar,account_group_131519
account_group_131519011,131519011,Comissões/Agenciamentos Diferidos com Planos de Assistência Médico-Hospitalar,account_group_13151901
account_group_13151902,13151902,Comissões/Agenciamentos Diferidos - Seguros,account_group_131519
account_group_131519022,131519022,Comissões/Agenciamentos Diferidos - Seguros,account_group_13151902
account_group_13151908,13151908,Outras Comissões Diferidas - Assistência Médico- Hospitalar,account_group_131519
account_group_131519088,131519088,Outras Comissões Diferidas - Assistência Médico- Hospitalar,account_group_13151908
account_group_13152,13152,COMISSÕES/AGENCIAMENTOS DIFERIDOS COM PLANOS DE ASSISTÊNCIA ODONTOLÓGICA,account_group_1315
account_group_131529,131529,Comissões/Agenciamentos Diferidos com Planos de Assistência Odontológica,account_group_13152
account_group_13152901,13152901,Comissões/Agenciamentos Diferidos com Planos de Assistência Odontológica,account_group_131529
account_group_131529011,131529011,Comissões/Agenciamentos Diferidos com Planos de Assistência Odontológica,account_group_13152901
account_group_13152902,13152902,Comissões/Agenciamentos Diferidos - Seguros,account_group_131529
account_group_131529022,131529022,Comissões/Agenciamentos Diferidos - Seguros,account_group_13152902
account_group_13152908,13152908,Outras Comissões Diferidas – Assistência Odontológica,account_group_131529
account_group_131529088,131529088,Outras Comissões Diferidas – Assistência Odontológica,account_group_13152908
account_group_1316,1316,ATIVO FISCAL DIFERIDO,account_group_131
account_group_13161,13161,ATIVO FISCAL DIFERIDO,account_group_1316
account_group_131619,131619,Ativo Fiscal Diferido,account_group_13161
account_group_13161901,13161901,Crédito Tributário sobre Prejuízo Fiscal,account_group_131619
account_group_131619011,131619011,Crédito Tributário sobre Prejuízo Fiscal,account_group_13161901
account_group_13161902,13161902,Crédito Tributário sobre Diferenças Temporárias,account_group_131619
account_group_131619022,131619022,Crédito Tributário sobre Diferenças Temporárias,account_group_13161902
account_group_1317,1317,DEPÓSITOS JUDICIAIS E FISCAIS,account_group_131
account_group_13171,13171,DEPÓSITOS JUDICIAIS E FISCAIS,account_group_1317
account_group_131719,131719,Depósitos Judiciais e Fiscais,account_group_13171
account_group_13171901,13171901,Depósitos Judiciais e Fiscais,account_group_131719
account_group_131719011,131719011,Depósitos Judiciais e Fiscais,account_group_13171901
account_group_1318,1318,OUTROS CRÉDITOS A RECEBER E DIREITOS A LONGO PRAZO,account_group_131
account_group_13181,13181,OUTROS CRÉDITOS A RECEBER A LONGO PRAZO,account_group_1318
account_group_131819,131819,Outros Créditos a Receber a Longo Prazo,account_group_13181
account_group_13181901,13181901,Outros Créditos a Receber a Longo Prazo,account_group_131819
account_group_131819011,131819011,Outros Créditos a Receber a Longo Prazo,account_group_13181901
account_group_13182,13182,DESPESAS ANTECIPADAS DE LONGO PRAZO,account_group_1318
account_group_131829,131829,Despesas Operacionais Antecipadas de Longo Prazo,account_group_13182
account_group_13182903,13182903,Despesas Operacionais Antecipadas de Longo Prazo,account_group_131829
account_group_131829033,131829033,Despesas Operacionais Antecipadas de Longo Prazo,account_group_13182903
account_group_1319,1319,CONTA-CORRENTE COM COOPERADOS,account_group_131
account_group_13191,13191,CRÉDITOS A RECEBER DE COOPERADOS,account_group_1319
account_group_131919,131919,Créditos a Receber de Cooperados,account_group_13191
account_group_13191901,13191901,Passivo Tributário a Receber de Cooperados,account_group_131919
account_group_131919011,131919011,Passivo Tributário a Receber de Cooperados,account_group_13191901
account_group_132,132,INVESTIMENTOS,account_group_13
account_group_1321,1321,PARTICIPAÇÕES SOCIETÁRIAS PELO MÉTODO DE EQUIVALÊNCIA PATRIMONIAL,account_group_132
account_group_13211,13211,PARTICIPAÇÕES EM OPERADORA DE PLANOS DE ASSISTÊNCIA A SAÚDE,account_group_1321
account_group_132119,132119,Participações em Operadora de Planos de Assistência à Saúde,account_group_13211
account_group_13211901,13211901,Ações / Quotas de Empresas - Controladas,account_group_132119
account_group_132119011,132119011,Ações / Quotas de Empresas - Controladas,account_group_13211901
account_group_13211902,13211902,Ações / Quotas de Empresas - Coligadas,account_group_132119
account_group_132119022,132119022,Ações / Quotas de Empresas - Coligadas,account_group_13211902
account_group_13212,13212,PARTICIPAÇÕES SOCIETÁRIAS EM REDE ASSISTENCIAL NÃO HOSPITALAR,account_group_1321
account_group_132129,132129,Participações Societárias em Rede Assistencial não Hospitalar,account_group_13212
account_group_13212901,13212901,Ações / Quotas de Empresas - Controladas,account_group_132129
account_group_132129011,132129011,Ações / Quotas de Empresas - Controladas,account_group_13212901
account_group_13212902,13212902,Ações / Quotas de Empresas - Coligadas,account_group_132129
account_group_132129022,132129022,Ações / Quotas de Empresas - Coligadas,account_group_13212902
account_group_13213,13213,PARTICIPAÇÕES SOCIETÁRIAS EM REDE HOSPITALAR,account_group_1321
account_group_132139,132139,Participações Societárias em Rede Hospitalar,account_group_13213
account_group_13213901,13213901,Ações/Quotas de Empresas - Controladas,account_group_132139
account_group_132139011,132139011,Ações/Quotas de Empresas - Controladas,account_group_13213901
account_group_13213902,13213902,Ações/Quotas de Empresas - Coligadas,account_group_132139
account_group_132139022,132139022,Ações/Quotas de Empresas - Coligadas,account_group_13213902
account_group_13214,13214,"PARTICIPAÇÕES EM INSTITUIÇÕES REGULADAS (SUSEP, BACEN, PREVIC)",account_group_1321
account_group_132149,132149,"Participações em Instituições Reguladas (SUSEP, BACEN, PREVIC)",account_group_13214
account_group_13214901,13214901,Ações / Quotas de Empresas - Controladas,account_group_132149
account_group_132149011,132149011,Ações / Quotas de Empresas - Controladas,account_group_13214901
account_group_13214902,13214902,Ações / Quotas de Empresas - Coligadas,account_group_132149
account_group_132149022,132149022,Ações / Quotas de Empresas - Coligadas,account_group_13214902
account_group_13215,13215,PARTICIPAÇÕES EM INSTITUIÇÕES NÃO REGULADAS,account_group_1321
account_group_132159,132159,Participações em Instituições Não Reguladas,account_group_13215
account_group_13215901,13215901,Ações / Quotas de Empresas - Controladas,account_group_132159
account_group_132159011,132159011,Ações / Quotas de Empresas - Controladas,account_group_13215901
account_group_13215902,13215902,Ações / Quotas de Empresas - Coligadas,account_group_132159
account_group_132159022,132159022,Ações / Quotas de Empresas - Coligadas,account_group_13215902
account_group_1322,1322,PARTICIPAÇÕES SOCIETÁRIAS PELO MÉTODO DE CUSTO,account_group_132
account_group_13221,13221,PARTICIPAÇÕES SOCIETÁRIAS PELO MÉTODO DE CUSTO,account_group_1322
account_group_132219,132219,Participações Societárias pelo Método de Custo,account_group_13221
account_group_13221901,13221901,Participações em Operadoras e Rede Assistencial,account_group_132219
account_group_132219011,132219011,Participações em Operadoras e Rede Assistencial,account_group_13221901
account_group_13221902,13221902,"Participações em Instituições Reguladas (SUSEP, BACEN, PREVIC)",account_group_132219
account_group_132219022,132219022,"Participações em Instituições Reguladas (SUSEP, BACEN, PREVIC)",account_group_13221902
account_group_13221903,13221903,Outras Participações,account_group_132219
account_group_132219033,132219033,Outras Participações,account_group_13221903
account_group_1323,1323,INCENTIVOS FISCAIS,account_group_132
account_group_13231,13231,INCENTIVOS FISCAIS,account_group_1323
account_group_132319,132319,Incentivos Fiscais,account_group_13231
account_group_13231901,13231901,Incentivos Fiscais,account_group_132319
account_group_132319011,132319011,Incentivos Fiscais,account_group_13231901
account_group_1324,1324,IMÓVEIS DESTINADOS À RENDA,account_group_132
account_group_13241,13241,IMÓVEIS DESTINADOS À RENDA,account_group_1324
account_group_132419,132419,Imóveis destinados à renda,account_group_13241
account_group_13241901,13241901,Custo de Aquisição,account_group_132419
account_group_132419011,132419011,Custo de Aquisição,account_group_13241901
account_group_13241902,13241902,(-) Provisão para Desvalorização,account_group_132419
account_group_132419022,132419022,(-) Provisão para Desvalorização,account_group_13241902
account_group_13241903,13241903,(-) Depreciação Acumulada,account_group_132419
account_group_132419033,132419033,(-) Depreciação Acumulada,account_group_13241903
account_group_1328,1328,OUTROS INVESTIMENTOS,account_group_132
account_group_13281,13281,OUTROS INVESTIMENTOS,account_group_1328
account_group_132819,132819,Outros Investimentos,account_group_13281
account_group_13281901,13281901,Títulos Patrimoniais,account_group_132819
account_group_132819011,132819011,Títulos Patrimoniais,account_group_13281901
account_group_13281909,13281909,(-) Provisão para Desvalorização,account_group_132819
account_group_132819099,132819099,(-) Provisão para Desvalorização,account_group_13281909
account_group_133,133,IMOBILIZADO,account_group_13
account_group_1331,1331,IMÓVEIS DE USO PRÓPRIO,account_group_133
account_group_13311,13311,IMÓVEIS - HOSPITALARES/ODONTOLÓGICOS,account_group_1331
account_group_133119,133119,Imóveis - Hospitalares/Odontológicos,account_group_13311
account_group_13311901,13311901,Custo de Aquisição,account_group_133119
account_group_133119011,133119011,Custo de Aquisição,account_group_13311901
account_group_13311902,13311902,(-) Provisão para perda por redução de valore recuperável,account_group_133119
account_group_133119022,133119022,(-) Provisão para perda por redução de valore recuperável,account_group_13311902
account_group_13311903,13311903,(-) Depreciação acumulada,account_group_133119
account_group_133119033,133119033,(-) Depreciação acumulada,account_group_13311903
account_group_13311909,13311909,Reavaliação,account_group_133119
account_group_133119099,133119099,Reavaliação,account_group_13311909
account_group_13312,13312,IMÓVEIS - NÃO HOSPITALARES/ODONTOLÓGICOS,account_group_1331
account_group_133129,133129,Imóveis - Não Hospitalares/Odontológicos,account_group_13312
account_group_13312901,13312901,Custo de Aquisição,account_group_133129
account_group_133129011,133129011,Custo de Aquisição,account_group_13312901
account_group_13312902,13312902,(-) Provisão para perda por redução de valore recuperável,account_group_133129
account_group_133129022,133129022,(-) Provisão para perda por redução de valore recuperável,account_group_13312902
account_group_13312903,13312903,(-) Depreciação acumulada,account_group_133129
account_group_133129033,133129033,(-) Depreciação acumulada,account_group_13312903
account_group_13312909,13312909,Reavaliação,account_group_133129
account_group_133129099,133129099,Reavaliação,account_group_13312909
account_group_1332,1332,IMOBILIZADO DE USO PRÓPRIO,account_group_133
account_group_13321,13321,HOSPITALARES/ODONTOLÓGICOS,account_group_1332
account_group_133219,133219,Hospitalares/Odontológicos,account_group_13321
account_group_13321901,13321901,Custo de Aquisição,account_group_133219
account_group_133219011,133219011,Custo de Aquisição,account_group_13321901
account_group_13321902,13321902,(-) Provisão para perda por redução de valore recuperável,account_group_133219
account_group_133219022,133219022,(-) Provisão para perda por redução de valore recuperável,account_group_13321902
account_group_13321903,13321903,(-) Depreciação acumulada,account_group_133219
account_group_133219033,133219033,(-) Depreciação acumulada,account_group_13321903
account_group_13321909,13321909,Reavaliação,account_group_133219
account_group_133219099,133219099,Reavaliação,account_group_13321909
account_group_13322,13322,NÃO HOSPITALARES/ODONTOLÓGICOS,account_group_1332
account_group_133229,133229,Não Hospitalares/Odontológicos,account_group_13322
account_group_13322901,13322901,Custo de Aquisição,account_group_133229
account_group_133229011,133229011,Custo de Aquisição,account_group_13322901
account_group_13322902,13322902,(-) Provisão para perda por redução de valore recuperável,account_group_133229
account_group_133229022,133229022,(-) Provisão para perda por redução de valore recuperável,account_group_13322902
account_group_13322903,13322903,(-) Depreciação acumulada,account_group_133229
account_group_133229033,133229033,(-) Depreciação acumulada,account_group_13322903
account_group_13322909,13322909,Reavaliação,account_group_133229
account_group_133229099,133229099,Reavaliação,account_group_13322909
account_group_1333,1333,IMOBILIZAÇÕES EM CURSO,account_group_133
account_group_13331,13331,HOSPITALARES/ODONTOLÓGICOS,account_group_1333
account_group_133319,133319,Hospitalares/Odontológicos,account_group_13331
account_group_13331901,13331901,Custo de Aquisição,account_group_133319
account_group_133319011,133319011,Custo de Aquisição,account_group_13331901
account_group_13331902,13331902,(-) Provisão para perda por redução de valor recuperável,account_group_133319
account_group_133319022,133319022,(-) Provisão para perda por redução de valor recuperável,account_group_13331902
account_group_13332,13332,NÃO HOSPITALARES/ODONTOLÓGICOS,account_group_1333
account_group_133329,133329,Não Hospitalares/Odontológicos,account_group_13332
account_group_13332901,13332901,Custo de Aquisição,account_group_133329
account_group_133329011,133329011,Custo de Aquisição,account_group_13332901
account_group_13332902,13332902,(-) Provisão para perda por redução de valore recuperável,account_group_133329
account_group_133329022,133329022,(-) Provisão para perda por redução de valore recuperável,account_group_13332902
account_group_1334,1334,OUTRAS IMOBILIZAÇÕES,account_group_133
account_group_13341,13341,HOSPITALARES/ODONTOLÓGICOS,account_group_1334
account_group_133419,133419,Hospitalares/Odontológicos,account_group_13341
account_group_13341901,13341901,Custo de aquisição,account_group_133419
account_group_133419011,133419011,Custo de aquisição,account_group_13341901
account_group_13341902,13341902,(-) Provisão para perda por redução ao valor recuperável,account_group_133419
account_group_133419022,133419022,(-) Provisão para perda por redução ao valor recuperável,account_group_13341902
account_group_13341903,13341903,(-) Depreciação/amortização acumulada,account_group_133419
account_group_133419033,133419033,(-) Depreciação/amortização acumulada,account_group_13341903
account_group_13341909,13341909,Reavaliação,account_group_133419
account_group_133419099,133419099,Reavaliação,account_group_13341909
account_group_13342,13342,NÃO HOSPITALARES/ NÃO ODONTOLÓGICOS,account_group_1334
account_group_133429,133429,Não Hospitalares/Não Odontológicos,account_group_13342
account_group_13342901,13342901,Custo de aquisição,account_group_133429
account_group_133429011,133429011,Custo de aquisição,account_group_13342901
account_group_13342902,13342902,(-) Provisão para perda por redução ao valor recuperável,account_group_133429
account_group_133429022,133429022,(-) Provisão para perda por redução ao valor recuperável,account_group_13342902
account_group_13342903,13342903,(-) Depreciação/amortização acumulada,account_group_133429
account_group_133429033,133429033,(-) Depreciação/amortização acumulada,account_group_13342903
account_group_13342909,13342909,Reavaliação,account_group_133429
account_group_133429099,133429099,Reavaliação,account_group_13342909
account_group_1335,1335,DIREITO DE USO DE ARRENDAMENTOS,account_group_133
account_group_13351,13351,HOSPITALARES/ODONTOLÓGICOS,account_group_1335
account_group_133519,133519,Hospitalares/Odontológicos,account_group_13351
account_group_13351901,13351901,Custo de aquisição,account_group_133519
account_group_133519011,133519011,Custo de aquisição,account_group_13351901
account_group_13351903,13351903,(-) Depreciação/amortização acumulada,account_group_133519
account_group_133519033,133519033,(-) Depreciação/amortização acumulada,account_group_13351903
account_group_13352,13352,NÃO HOSPITALARES/ODONTOLÓGICOS,account_group_1335
account_group_133529,133529,Não Hospitalares/Odontológicos,account_group_13352
account_group_13352901,13352901,Custo de aquisição,account_group_133529
account_group_133529011,133529011,Custo de aquisição,account_group_13352901
account_group_13352903,13352903,(-) Depreciação/amortização acumulada,account_group_133529
account_group_133529033,133529033,(-) Depreciação/amortização acumulada,account_group_13352903
account_group_134,134,INTANGÍVEL,account_group_13
account_group_1341,1341,ATIVO INTANGÍVEL,account_group_134
account_group_13411,13411,HOSPITALARES/ODONTOLÓGICOS,account_group_1341
account_group_134119,134119,Hospitalares/Odontológicos,account_group_13411
account_group_13411901,13411901,Custo de Aquisição,account_group_134119
account_group_134119011,134119011,Custo de Aquisição,account_group_13411901
account_group_13411902,13411902,(-) Provisão para Perda por Redução ao Valor Recuperável,account_group_134119
account_group_134119022,134119022,(-) Provisão para Perda por Redução ao Valor Recuperável,account_group_13411902
account_group_13411903,13411903,(-) Amortização Acumulada,account_group_134119
account_group_134119033,134119033,(-) Amortização Acumulada,account_group_13411903
account_group_13412,13412,NÃO HOSPITALARES/NÃO ODONTOLÓGICOS,account_group_1341
account_group_134129,134129,Não Hospitalares/Não Odontológicos,account_group_13412
account_group_13412901,13412901,Custo de Aquisição,account_group_134129
account_group_134129011,134129011,Custo de Aquisição,account_group_13412901
account_group_13412902,13412902,(-) Provisão para Perda por Redução ao Valor Recuperável,account_group_134129
account_group_134129022,134129022,(-) Provisão para Perda por Redução ao Valor Recuperável,account_group_13412902
account_group_13412903,13412903,(-) Amortização Acumulada,account_group_134129
account_group_134129033,134129033,(-) Amortização Acumulada,account_group_13412903
account_group_19,19,COMPENSAÇÃO - ATIVO,account_group_1
account_group_191,191,COMPENSAÇÃO - ATIVO,account_group_19
account_group_1911,1911,COMPENSAÇÃO - ATIVO,account_group_191
account_group_19111,19111,COMPENSAÇÃO - ATIVO,account_group_1911
account_group_191119,191119,Compensação - Ativo,account_group_19111
account_group_19111901,19111901,Compensação - Ativo,account_group_191119
account_group_191119011,191119011,Compensação - Ativo,account_group_19111901
account_group_2,2,PASSIVO,account_group_19111901
account_group_21,21,PASSIVO CIRCULANTE,account_group_2
account_group_211,211,PROVISÕES TÉCNICAS DE OPERAÇÕES DE ASSISTÊNCIA À SAÚDE,account_group_21
account_group_2111,2111,PROVISÕES TÉCNICAS DE OPERAÇÕES DE ASSISTÊNCIA À SAÚDE,account_group_211
account_group_21111,21111,PROVISÕES TÉCNICAS DE OPERAÇÕES DE ASSISTÊNCIA MÉDICO-HOSPITALAR,account_group_2111
account_group_211111,211111,Cobertura Assistencial com Preço Preestabelecido,account_group_21111
account_group_21111101,21111101,Provisões de Prêmios/Contraprestação,account_group_211111
account_group_211111011,211111011,Provisões de Prêmios/Contraprestação,account_group_21111101
account_group_21111102,21111102,Provisão de Eventos/Sinistros a Liquidar para o SUS,account_group_211111
account_group_211111022,211111022,Provisão de Eventos/Sinistros a Liquidar para o SUS,account_group_21111102
account_group_21111103,21111103,Provisão de Eventos/Sinistros a Liquidar para Outros Prestadores de Serviços Assistenciais,account_group_211111
account_group_211111033,211111033,Provisão de Eventos/Sinistros a Liquidar para Outros Prestadores de Serviços Assistenciais,account_group_21111103
account_group_21111104,21111104,Provisão para Eventos/Sinistros Ocorridos e Não Avisados (PEONA),account_group_211111
account_group_211111044,211111044,Provisão para Eventos/Sinistros Ocorridos e Não Avisados (PEONA),account_group_21111104
account_group_21111108,21111108,Outras Provisões Técnicas,account_group_211111
account_group_211111088,211111088,Outras Provisões Técnicas,account_group_21111108
account_group_211112,211112,Cobertura Assistencial com Preço Pós-estabelecido,account_group_21111
account_group_21111202,21111202,Provisão de Eventos/Sinistros a Liquidar para o SUS,account_group_211112
account_group_211112022,211112022,Provisão de Eventos/Sinistros a Liquidar para o SUS,account_group_21111202
account_group_21111203,21111203,Provisão de Eventos/Sinistros a Liquidar para Outros Prestadores de Serviços Assistenciais,account_group_211112
account_group_211112033,211112033,Provisão de Eventos/Sinistros a Liquidar para Outros Prestadores de Serviços Assistenciais,account_group_21111203
account_group_21111208,21111208,Outras Provisões Técnicas,account_group_211112
account_group_211112088,211112088,Outras Provisões Técnicas,account_group_21111208
account_group_21112,21112,PROVISÕES TÉCNICAS DE OPERAÇÕES DE ASSISTÊNCIA ODONTOLÓGICA,account_group_2111
account_group_211121,211121,Cobertura Assistencial com Preço Preestabelecido,account_group_21112
account_group_21112101,21112101,Provisões de Prêmios/Contraprestação,account_group_211121
account_group_211121011,211121011,Provisões de Prêmios/Contraprestação,account_group_21112101
account_group_21112102,21112102,Provisão de Eventos/Sinistros a Liquidar para o SUS,account_group_211121
account_group_211121022,211121022,Provisão de Eventos/Sinistros a Liquidar para o SUS,account_group_21112102
account_group_21112103,21112103,Provisão de Eventos/Sinistros a Liquidar para Outros Prestadores de Serviços Assistenciais,account_group_211121
account_group_211121033,211121033,Provisão de Eventos/Sinistros a Liquidar para Outros Prestadores de Serviços Assistenciais,account_group_21112103
account_group_21112104,21112104,Provisão para Eventos/Sinistros Ocorridos e Não Avisados (PEONA),account_group_211121
account_group_211121044,211121044,Provisão para Eventos/Sinistros Ocorridos e Não Avisados (PEONA),account_group_21112104
account_group_21112108,21112108,Outras Provisões Técnicas,account_group_211121
account_group_211121088,211121088,Outras Provisões Técnicas,account_group_21112108
account_group_211122,211122,Cobertura Assistencial com Preço Pós-estabelecido,account_group_21112
account_group_21112202,21112202,Provisão de Eventos/Sinistros a Liquidar para o SUS,account_group_211122
account_group_211122022,211122022,Provisão de Eventos/Sinistros a Liquidar para o SUS,account_group_21112202
account_group_21112203,21112203,Provisão de Eventos/Sinistros a Liquidar para Outros Prestadores de Serviços Assistenciais,account_group_211122
account_group_211122033,211122033,Provisão de Eventos/Sinistros a Liquidar para Outros Prestadores de Serviços Assistenciais,account_group_21112203
account_group_21112208,21112208,Outras Provisões Técnicas,account_group_211122
account_group_211122088,211122088,Outras Provisões Técnicas,account_group_21112208
account_group_213,213,DÉBITOS DE OPERAÇÕES DE ASSISTÊNCIA À SAÚDE,account_group_21
account_group_2131,2131,CONTRAPRESTAÇÕES/PRÊMIOS A RESTITUIR,account_group_213
account_group_21311,21311,CONTRAPRESTAÇÕES/PRÊMIOS A RESTITUIR DE ASSISTÊNCIA MÉDICO-HOSPITALAR,account_group_2131
account_group_213119,213119,Contraprestações/Prêmios a Restituir de Assistência Médico-Hospitalar,account_group_21311
account_group_21311901,21311901,Contraprestações/Prêmios a Restituir de Assistência Médico-Hospitalar,account_group_213119
account_group_213119011,213119011,Contraprestações/Prêmios a Restituir de Assistência Médico-Hospitalar,account_group_21311901
account_group_21312,21312,CONTRAPRESTAÇÕES/PRÊMIOS A RESTITUIR DE ASSISTÊNCIA ODONTOLÓGICA,account_group_2131
account_group_213129,213129,Contraprestações/Prêmios a Restituir de Assistência Odontológica,account_group_21312
account_group_21312901,21312901,Contraprestações/Prêmios a Restituir de Assistência Odontológica,account_group_213129
account_group_213129011,213129011,Contraprestações/Prêmios a Restituir de Assistência Odontológica,account_group_21312901
account_group_2132,2132,RECEITA ANTECIPADA DE CONTRAPRESTAÇÕES/PRÊMIOS,account_group_213
account_group_21321,21321,CONTRAPRESTAÇÃO PECUNIÁRIA/PRÊMIOS RECEBIDOS ANTECIPADAMENTE - ASSISTÊNCIA MÉDICO HOSPITALAR,account_group_2132
account_group_213219,213219,Contraprestação Pecuniária/Prêmios Recebidos Antecipadamente - Assistência Médico Hospitalar,account_group_21321
account_group_21321901,21321901,Contraprestação Pecuniária/Prêmios Recebidos Antecipadamente - Assistência Médico Hospitalar,account_group_213219
account_group_213219011,213219011,Contraprestação Pecuniária/Prêmios Recebidos Antecipadamente - Assistência Médico Hospitalar,account_group_21321901
account_group_21322,21322,CONTRAPRESTAÇÃO PECUNIÁRIA/PRÊMIOS RECEBIDOS ANTECIPADAMENTE - ASSISTÊNCIA ODONTOLÓGICA,account_group_2132
account_group_213229,213229,Contraprestação Pecuniária/Prêmios Recebidos Antecipadamente - Assistência Odontológica,account_group_21322
account_group_21322901,21322901,Contraprestação Pecuniária/Prêmios Recebidos Antecipadamente - Assistência Odontológica,account_group_213229
account_group_213229011,213229011,Contraprestação Pecuniária/Prêmios Recebidos Antecipadamente - Assistência Odontológica,account_group_21322901
account_group_2134,2134,COMERCIALIZAÇÃO SOBRE OPERAÇÕES,account_group_213
account_group_21341,21341,COMERCIALIZAÇÃO SOBRE OPERAÇÕES DE ASSISTÊNCIA MÉDICO-HOSPITALAR,account_group_2134
account_group_213419,213419,Comercialização sobre Operações de Assistência Médico-Hospitalar,account_group_21341
account_group_21341901,21341901,Comercialização sobre Operações de Assistência Médico-Hospitalar,account_group_213419
account_group_213419011,213419011,Comercialização sobre Operações de Assistência Médico-Hospitalar,account_group_21341901
account_group_21342,21342,COMERCIALIZAÇÃO SOBRE OPERAÇÕES DE ASSISTÊNCIA ODONTOLÓGICA,account_group_2134
account_group_213429,213429,Comercialização sobre Operações de Assistência Odontológica,account_group_21342
account_group_21342901,21342901,Comercialização sobre Operações de Assistência Odontológica,account_group_213429
account_group_213429011,213429011,Comercialização sobre Operações de Assistência Odontológica,account_group_21342901
account_group_2135,2135,OPERADORAS DE PLANOS DE ASSISTÊNCIA À SAÚDE,account_group_213
account_group_21351,21351,OPERADORAS DE PLANOS DE ASSISTÊNCIA MÉDICO-HOSPITALAR,account_group_2135
account_group_213511,213511,Intercâmbio a Pagar de Corresponsabilidade Cedida - Preço Preestabelecido,account_group_21351
account_group_21351101,21351101,Intercâmbio a Pagar de Corresponsabilidade Cedida - Preço Preestabelecido,account_group_213511
account_group_213511011,213511011,Intercâmbio a Pagar de Corresponsabilidade Cedida - Preço Preestabelecido,account_group_21351101
account_group_213512,213512,Intercâmbio a Pagar de Corresponsabilidade Cedida - Preço Pós-estabelecido,account_group_21351
account_group_21351201,21351201,Intercâmbio a Pagar de Corresponsabilidade Cedida - Preço Pós-estabelecido,account_group_213512
account_group_213512011,213512011,Intercâmbio a Pagar de Corresponsabilidade Cedida - Preço Pós-estabelecido,account_group_21351201
account_group_213519,213519,Co - Seguradoras,account_group_21351
account_group_21351901,21351901,Cosseguro Aceito,account_group_213519
account_group_213519011,213519011,Cosseguro Aceito,account_group_21351901
account_group_21351902,21351902,Cosseguro Cedido,account_group_213519
account_group_213519022,213519022,Cosseguro Cedido,account_group_21351902
account_group_21352,21352,OPERADORAS DE PLANOS DE ASSISTÊNCIA ODONTOLÓGICA,account_group_2135
account_group_213521,213521,Intercâmbio a Pagar de Corresponsabilidade Cedida - Preço Pre-estabelecido,account_group_21352
account_group_21352101,21352101,Intercâmbio a Pagar de Corresponsabilidade Cedida - Preço Pre-estabelecido,account_group_213521
account_group_213521011,213521011,Intercâmbio a Pagar de Corresponsabilidade Cedida - Preço Pre-estabelecido,account_group_21352101
account_group_213522,213522,Intercâmbio a Pagar de Corresponsabilidade Cedida - Preço Pós-estabelecido,account_group_21352
account_group_21352201,21352201,Intercâmbio a Pagar de Corresponsabilidade Cedida - Preço Pós-estabelecido,account_group_213522
account_group_213522011,213522011,Intercâmbio a Pagar de Corresponsabilidade Cedida - Preço Pós-estabelecido,account_group_21352201
account_group_213529,213529,Co - Seguradoras,account_group_21352
account_group_21352901,21352901,Co - Seguradoras - Cosseguro Aceito,account_group_213529
account_group_213529011,213529011,Co - Seguradoras - Cosseguro Aceito,account_group_21352901
account_group_21352902,21352902,Cosseguro Cedido,account_group_213529
account_group_213529022,213529022,Cosseguro Cedido,account_group_21352902
account_group_2136,2136,DÉBITOS DE OPERAÇÕES DE ADMINISTRAÇÃO DE BENEFÍCIOS,account_group_213
account_group_21361,21361,DÉBITOS DE ADMINISTRAÇÃO DE BENEFÍCIOS DE PLANOS DE ASSISTÊNCIA MÉDICO HOSPITALAR,account_group_2136
account_group_213619,213619,Débitos de Administração de Benefícios de Planos de Assistência Médico-Hospitalar,account_group_21361
account_group_21361901,21361901,Contraprestações Pecuniárias/Prêmios a Repassar - Contratos Estipulados,account_group_213619
account_group_213619011,213619011,Contraprestações Pecuniárias/Prêmios a Repassar - Contratos Estipulados,account_group_21361901
account_group_21362,21362,DÉBITOS DE ADMINISTRAÇÃO DE BENEFÍCIOS DE PLANOS DE ASSISTÊNCIA ODONTOLÓGICA,account_group_2136
account_group_213629,213629,Débitos de Administração de Benefícios de Planos de Assistência Odontológica,account_group_21362
account_group_21362901,21362901,Contraprestações Pecuniárias/Prêmios a Repassar - Contratos Estipulados,account_group_213629
account_group_213629011,213629011,Contraprestações Pecuniárias/Prêmios a Repassar - Contratos Estipulados,account_group_21362901
account_group_2138,2138,OUTROS DÉBITOS DE OPERAÇÕES COM PLANOS DE ASSISTÊNCIA À SAÚDE,account_group_213
account_group_21381,21381,OUTROS DÉBITOS DE OPERAÇÕES COM PLANOS DE ASSISTÊNCIA MÉDICO HOSPITALAR,account_group_2138
account_group_213811,213811,Débitos de Seguros de Despesas Assistenciais,account_group_21381
account_group_21381101,21381101,Resseguros,account_group_213811
account_group_213811011,213811011,Resseguros,account_group_21381101
account_group_21381102,21381102,Seguros,account_group_213811
account_group_213811022,213811022,Seguros,account_group_21381102
account_group_213819,213819,Outros Débitos de Operações com Planos de Assistência Médico-Hospitalar,account_group_21381
account_group_21381908,21381908,Outros Débitos de Operações com Planos de Assistência Médico-Hospitalar,account_group_213819
account_group_213819088,213819088,Outros Débitos de Operações com Planos de Assistência Médico-Hospitalar,account_group_21381908
account_group_21382,21382,OUTROS DÉBITOS DE OPERAÇÕES COM PLANOS DE ASSISTÊNCIA ODONTOLÓGICA,account_group_2138
account_group_213821,213821,Débitos de Seguros de Despesas Assistenciais,account_group_21382
account_group_21382101,21382101,Resseguros,account_group_213821
account_group_213821011,213821011,Resseguros,account_group_21382101
account_group_21382102,21382102,Seguros,account_group_213821
account_group_213821022,213821022,Seguros,account_group_21382102
account_group_213829,213829,Outros Débitos de Operações com Planos de Assistência Odontológica,account_group_21382
account_group_21382908,21382908,Outros Débitos de Operações com Planos de Assistência Odontológica,account_group_213829
account_group_213829088,213829088,Outros Débitos de Operações com Planos de Assistência Odontológica,account_group_21382908
account_group_214,214,DÉBITOS COM OPERAÇÕES DE ASSISTÊNCIA À SAÚDE NÃO RELACIONADAS COM PLANOS DE SAÚDE DA OPERADORA,account_group_21
account_group_2141,2141,DÉBITOS A PRESTADORES DE SERVIÇOS DE ASSISTÊNCIA À SAÚDE,account_group_214
account_group_21411,21411,DÉBITOS A PRESTADORES DE SERVIÇOS DE ASSISTÊNCIA À SAÚDE,account_group_2141
account_group_214119,214119,Débitos a Prestadores de Serviços de Assistência à Saúde,account_group_21411
account_group_21411901,21411901,Prestadores de Serviços de Assistência à Saúde,account_group_214119
account_group_214119011,214119011,Prestadores de Serviços de Assistência à Saúde,account_group_21411901
account_group_2148,2148,OUTROS DÉBITOS NÃO RELACIONADOS COM PLANOS DE SAÚDE DA OPERADORA,account_group_214
account_group_21488,21488,OUTROS DÉBITOS NÃO RELACIONADOS COM PLANOS DE SAÚDE DA OPERADORA,account_group_2148
account_group_214889,214889,Outros Débitos Não Relacionados com Planos de Saúde da Operadora,account_group_21488
account_group_21488908,21488908,Outros Débitos Não Relacionados com Planos de Saúde da Operadora,account_group_214889
account_group_214889088,214889088,Outros Débitos Não Relacionados com Planos de Saúde da Operadora,account_group_21488908
account_group_215,215,PROVISÕES,account_group_21
account_group_2151,2151,PROVISÃO PARA IMPOSTO DE RENDA E CONTRIBUIÇÃO SOCIAL,account_group_215
account_group_21511,21511,PROVISÃO PARA IMPOSTO DE RENDA E CONTRIBUIÇÃO SOCIAL,account_group_2151
account_group_215119,215119,Provisão para Imposto de Renda e Contribuição Social,account_group_21511
account_group_21511901,21511901,Provisão para Imposto de Renda e Contribuição Social,account_group_215119
account_group_215119011,215119011,Provisão para Imposto de Renda e Contribuição Social,account_group_21511901
account_group_2153,2153,PROVISÕES PARA AÇÕES JUDICIAIS,account_group_215
account_group_21531,21531,PROVISÕES PARA AÇÕES JUDICIAIS,account_group_2153
account_group_215319,215319,Provisões para Ações Judiciais,account_group_21531
account_group_21531901,21531901,Provisões para Ações Judiciais,account_group_215319
account_group_215319011,215319011,Provisões para Ações Judiciais,account_group_21531901
account_group_216,216,TRIBUTOS E ENCARGOS SOCIAIS A RECOLHER,account_group_21
account_group_2161,2161,TRIBUTOS E CONTRIBUIÇÕES,account_group_216
account_group_21611,21611,TRIBUTOS E CONTRIBUIÇÕES,account_group_2161
account_group_216119,216119,Tributos e Contribuições,account_group_21611
account_group_21611901,21611901,Imposto de Renda Pessoa Jurídica a Pagar,account_group_216119
account_group_216119011,216119011,Imposto de Renda Pessoa Jurídica a Pagar,account_group_21611901
account_group_21611902,21611902,Contribuição Social sobre o Lucro Líquido a Pagar,account_group_216119
account_group_216119022,216119022,Contribuição Social sobre o Lucro Líquido a Pagar,account_group_21611902
account_group_21611903,21611903,Outros Tributos e Contribuições,account_group_216119
account_group_216119033,216119033,Outros Tributos e Contribuições,account_group_21611903
account_group_2162,2162,RETENÇÕES DE IMPOSTOS E CONTRIBUIÇÕES,account_group_216
account_group_21621,21621,RETENÇÕES DE IMPOSTOS E CONTRIBUIÇÕES,account_group_2162
account_group_216219,216219,Retenções de Imposto e Contribuições,account_group_21621
account_group_21621901,21621901,Retenções de Imposto e Contribuições,account_group_216219
account_group_216219011,216219011,Retenções de Imposto e Contribuições,account_group_21621901
account_group_2163,2163,PARCELAMENTO DE TRIBUTOS E CONTRIBUIÇÕES,account_group_216
account_group_21631,21631,PARCELAMENTO DE TRIBUTOS E CONTRIBUIÇÕES,account_group_2163
account_group_216319,216319,Parcelamento de Tributos e Contribuições,account_group_21631
account_group_21631901,21631901,Parcelamento de Tributos e Contribuições,account_group_216319
account_group_216319011,216319011,Parcelamento de Tributos e Contribuições,account_group_21631901
account_group_21632,21632,TRIBUTOS E CONTRIBUIÇÕES ASSUMIDOS PELOS COOPERADOS – DÉBITOS ANTERIORES A 2008,account_group_2163
account_group_216329,216329,Tributos Assumidos pelos Cooperados – Débitos Anteriores a 2008,account_group_21632
account_group_21632901,21632901,Tributos e Contribuições,account_group_216329
account_group_216329011,216329011,Tributos e Contribuições,account_group_21632901
account_group_217,217,EMPRÉSTIMOS E FINANCIAMENTOS A PAGAR,account_group_21
account_group_2171,2171,EMPRÉSTIMOS,account_group_217
account_group_21711,21711,EMPRÉSTIMOS,account_group_2171
account_group_217119,217119,Empréstimos,account_group_21711
account_group_21711901,21711901,Empréstimos,account_group_217119
account_group_217119011,217119011,Empréstimos,account_group_21711901
account_group_2172,2172,FINANCIAMENTOS,account_group_217
account_group_21721,21721,FINANCIAMENTOS,account_group_2172
account_group_217219,217219,Financiamentos,account_group_21721
account_group_21721901,21721901,Financiamentos,account_group_217219
account_group_217219011,217219011,Financiamentos,account_group_21721901
account_group_218,218,DÉBITOS DIVERSOS,account_group_21
account_group_2181,2181,OBRIGAÇÕES COM PESSOAL,account_group_218
account_group_21811,21811,OBRIGAÇÕES COM PESSOAL,account_group_2181
account_group_218119,218119,Obrigações com Pessoal,account_group_21811
account_group_21811901,21811901,Obrigações com Pessoal,account_group_218119
account_group_218119011,218119011,Obrigações com Pessoal,account_group_21811901
account_group_2182,2182,FORNECEDORES,account_group_218
account_group_21821,21821,FORNECEDORES,account_group_2182
account_group_218219,218219,Fornecedores,account_group_21821
account_group_21821901,21821901,Fornecedores,account_group_218219
account_group_218219011,218219011,Fornecedores,account_group_21821901
account_group_2183,2183,DEPENDÊNCIAS NO PAÍS,account_group_218
account_group_21831,21831,DEPENDÊNCIAS NO PAÍS,account_group_2183
account_group_218319,218319,Dependencias no País,account_group_21831
account_group_21831901,21831901,Dependências no País,account_group_218319
account_group_218319011,218319011,Dependências no País,account_group_21831901
account_group_2184,2184,PROGRAMAS ASSISTENCIAIS E CULTURAIS AOS PARTICIPANTES,account_group_218
account_group_21841,21841,PROGRAMAS ASSISTENCIAIS E CULTURAIS AOS PARTICIPANTES,account_group_2184
account_group_218419,218419,Programas Assistenciais e Culturais aos Participantes,account_group_21841
account_group_21841901,21841901,Programas Assistenciais e Culturais aos Participantes,account_group_218419
account_group_218419011,218419011,Programas Assistenciais e Culturais aos Participantes,account_group_21841901
account_group_2185,2185,DEPÓSITOS DE BENEFICIÁRIOS E DE TERCEIROS,account_group_218
account_group_21851,21851,DEPÓSITOS DE BENEFICIÁRIOS E DE TERCEIROS,account_group_2185
account_group_218519,218519,Depósitos de Beneficiários e de Terceiros,account_group_21851
account_group_21851901,21851901,Depósitos de Beneficiários e de Terceiros,account_group_218519
account_group_218519011,218519011,Depósitos de Beneficiários e de Terceiros,account_group_21851901
account_group_2186,2186,DÉBITOS COM AQUISIÇÃO DE CARTEIRA,account_group_218
account_group_21861,21861,DÉBITOS COM AQUISIÇÃO DE CARTEIRA,account_group_2186
account_group_218619,218619,Débitos com Aquisição de Carteira,account_group_21861
account_group_21861901,21861901,Débitos com Aquisição de Carteira,account_group_218619
account_group_218619011,218619011,Débitos com Aquisição de Carteira,account_group_21861901
account_group_2187,2187,PASSIVO DE ARRENDAMENTOS - VALOR PRESENTE,account_group_218
account_group_21871,21871,PASSIVO DE ARRENDAMENTOS - VALOR PRESENTE,account_group_2187
account_group_218719,218719,Passivo de Arrendamentos - Valor Presente,account_group_21871
account_group_21871901,21871901,Passivo de Arrendamentos - Valor Presente,account_group_218719
account_group_218719011,218719011,Passivo de Arrendamentos - Valor Presente,account_group_21871901
account_group_2188,2188,OUTROS DÉBITOS A PAGAR,account_group_218
account_group_21881,21881,MULTAS ADMINISTRATIVAS A PAGAR,account_group_2188
account_group_218819,218819,Multas administrativas a pagar,account_group_21881
account_group_21881901,21881901,Mutas administrativas a pagar,account_group_218819
account_group_218819011,218819011,Mutas administrativas a pagar,account_group_21881901
account_group_21888,21888,OUTROS DÉBITOS A PAGAR,account_group_2188
account_group_218889,218889,Outros Débitos a Pagar,account_group_21888
account_group_21888908,21888908,Outros Débitos a Pagar,account_group_218889
account_group_218889088,218889088,Outros Débitos a Pagar,account_group_21888908
account_group_219,219,CONTA-CORRENTE DE COOPERADOS,account_group_21
account_group_2191,2191,CONTA-CORRENTE DE COOPERADOS,account_group_219
account_group_21911,21911,CONTA-CORRENTE DE COOPERADOS,account_group_2191
account_group_219119,219119,Conta-Corrente de Cooperados,account_group_21911
account_group_21911901,21911901,Conta-Corrente de Cooperados,account_group_219119
account_group_219119011,219119011,Conta-Corrente de Cooperados,account_group_21911901
account_group_23,23,PASSIVO NÃO CIRCULANTE,account_group_2
account_group_231,231,PROVISÕES TÉCNICAS DE OPERAÇÕES DE ASSISTÊNCIA A SAÚDE,account_group_23
account_group_2311,2311,PROVISÕES TÉCNICAS DE OPERAÇÕES DE ASSISTÊNCIA A SAÚDE,account_group_231
account_group_23111,23111,PROVISÕES TÉCNICAS DE OPERAÇÕES DE ASSISTÊNCIA MÉDICO-HOSPITALAR,account_group_2311
account_group_231111,231111,Cobertura Assistencial com Preço Preestabelecido,account_group_23111
account_group_23111101,23111101,Provisão de Prêmios/Contraprestações,account_group_231111
account_group_231111011,231111011,Provisão de Prêmios/Contraprestações,account_group_23111101
account_group_23111102,23111102,Provisão de Eventos/Sinistros a Liquidar para o SUS,account_group_231111
account_group_231111022,231111022,Provisão de Eventos/Sinistros a Liquidar para o SUS,account_group_23111102
account_group_23111103,23111103,Provisão de Eventos/Sinistros a Liquidar para Outros Prestadores de Serviços Assistenciais,account_group_231111
account_group_231111033,231111033,Provisão de Eventos/Sinistros a Liquidar para Outros Prestadores de Serviços Assistenciais,account_group_23111103
account_group_23111104,23111104,Provisão para Eventos/Sinistros Ocorridos e Não Avisados (PEONA),account_group_231111
account_group_231111044,231111044,Provisão para Eventos/Sinistros Ocorridos e Não Avisados (PEONA),account_group_23111104
account_group_23111108,23111108,Outras Provisões Técnicas,account_group_231111
account_group_231111088,231111088,Outras Provisões Técnicas,account_group_23111108
account_group_231112,231112,Cobertura Assistencial com Preço Pós-estabelecido,account_group_23111
account_group_23111202,23111202,Provisão de Eventos/Sinistros a Liquidar para o SUS,account_group_231112
account_group_231112022,231112022,Provisão de Eventos/Sinistros a Liquidar para o SUS,account_group_23111202
account_group_23111203,23111203,Provisão de Eventos/Sinistros a Liquidar para Outros Prestadores de Serviços Assistenciais,account_group_231112
account_group_231112033,231112033,Provisão de Eventos/Sinistros a Liquidar para Outros Prestadores de Serviços Assistenciais,account_group_23111203
account_group_23111208,23111208,Outras Provisões Técnicas,account_group_231112
account_group_231112088,231112088,Outras Provisões Técnicas,account_group_23111208
account_group_23112,23112,PROVISÕES TÉCNICAS DE OPERAÇÕES DE ASSISTÊNCIA ODONTOLÓGICA,account_group_2311
account_group_231121,231121,Cobertura Assistencial com Preço Preestabelecido,account_group_23112
account_group_23112101,23112101,Provisão de Prêmios/Contraprestações,account_group_231121
account_group_231121011,231121011,Provisão de Prêmios/Contraprestações,account_group_23112101
account_group_23112102,23112102,Provisão de Eventos/Sinistros a Liquidar para o SUS,account_group_231121
account_group_231121022,231121022,Provisão de Eventos/Sinistros a Liquidar para o SUS,account_group_23112102
account_group_23112103,23112103,Provisão de Eventos/Sinistros a Liquidar para Outros Prestadores de Serviços Assistenciais,account_group_231121
account_group_231121033,231121033,Provisão de Eventos/Sinistros a Liquidar para Outros Prestadores de Serviços Assistenciais,account_group_23112103
account_group_23112104,23112104,Provisão para Eventos/Sinistros Ocorridos e Não Avisados (PEONA),account_group_231121
account_group_231121044,231121044,Provisão para Eventos/Sinistros Ocorridos e Não Avisados (PEONA),account_group_23112104
account_group_23112108,23112108,Outras Provisões Técnicas,account_group_231121
account_group_231121088,231121088,Outras Provisões Técnicas,account_group_23112108
account_group_231122,231122,Cobertura Assistencial com Preço Pós-estabelecido,account_group_23112
account_group_23112202,23112202,Provisão de Eventos/Sinistros a Liquidar para o SUS,account_group_231122
account_group_231122022,231122022,Provisão de Eventos/Sinistros a Liquidar para o SUS,account_group_23112202
account_group_23112203,23112203,Provisão de Eventos/Sinistros a Liquidar para Outros Prestadores de Serviços Assistenciais,account_group_231122
account_group_231122033,231122033,Provisão de Eventos/Sinistros a Liquidar para Outros Prestadores de Serviços Assistenciais,account_group_23112203
account_group_23112208,23112208,Outras Provisões Técnicas,account_group_231122
account_group_231122088,231122088,Outras Provisões Técnicas,account_group_23112208
account_group_235,235,PROVISÕES,account_group_23
account_group_2353,2353,PROVISÕES,account_group_235
account_group_23531,23531,PROVISÕES PARA TRIBUTOS DIFERIDOS,account_group_2353
account_group_235319,235319,Provisões para Tributos Diferidos,account_group_23531
account_group_23531901,23531901,Provisões para Tributos Diferidos,account_group_235319
account_group_235319011,235319011,Provisões para Tributos Diferidos,account_group_23531901
account_group_23532,23532,PROVISÕES PARA AÇÕES JUDICIAIS,account_group_2353
account_group_235329,235329,Provisões para Ações Judiciais,account_group_23532
account_group_23532901,23532901,Provisões para Ações Judiciais,account_group_235329
account_group_235329011,235329011,Provisões para Ações Judiciais,account_group_23532901
account_group_23533,23533,PROVISÕES PARA OUTRAS CONTINGÊNCIAS,account_group_2353
account_group_235339,235339,Provisões para Outras Contingências,account_group_23533
account_group_23533901,23533901,Provisões para Outras Contingências,account_group_235339
account_group_235339011,235339011,Provisões para Outras Contingências,account_group_23533901
account_group_236,236,TRIBUTOS E ENCARGOS SOCIAIS A RECOLHER,account_group_23
account_group_2364,2364,TRIBUTOS E ENCARGOS SOCIAIS A RECOLHER,account_group_236
account_group_23641,23641,TRIBUTOS E CONTRIBUIÇÕES,account_group_2364
account_group_236419,236419,Tributos e Contribuições,account_group_23641
account_group_23641901,23641901,Tributos e Contribuições,account_group_236419
account_group_236419011,236419011,Tributos e Contribuições,account_group_23641901
account_group_23642,23642,PARCELAMENTO DE TRIBUTOS E CONTRIBUIÇÕES,account_group_2364
account_group_236429,236429,Parcelamento de Tributos e Contribuições,account_group_23642
account_group_23642901,23642901,Parcelamento de Tributos e Contribuições,account_group_236429
account_group_236429011,236429011,Parcelamento de Tributos e Contribuições,account_group_23642901
account_group_23643,23643,TRIBUTOS E CONTRIBUIÇÕES ASSUMIDOS PELOS COOPERADOS – PARCELAMENTO DÉBITOS ANTERIORES A 2008,account_group_2364
account_group_236439,236439,Tributos Assumidos pelos Cooperados – Parcelamento Débitos Anteriores a 2008,account_group_23643
account_group_23643901,23643901,Tributos e Contribuições,account_group_236439
account_group_236439011,236439011,Tributos e Contribuições,account_group_23643901
account_group_237,237,EMPRÉSTIMOS E FINANCIAMENTOS A PAGAR,account_group_23
account_group_2377,2377,EMPRÉSTIMOS E FINANCIAMENTOS A PAGAR,account_group_237
account_group_23771,23771,EMPRÉSTIMOS,account_group_2377
account_group_237719,237719,Empréstimos,account_group_23771
account_group_23771901,23771901,Empréstimos,account_group_237719
account_group_237719011,237719011,Empréstimos,account_group_23771901
account_group_23772,23772,FINANCIAMENTOS,account_group_2377
account_group_237729,237729,Financiamentos,account_group_23772
account_group_23772901,23772901,Financiamentos,account_group_237729
account_group_237729011,237729011,Financiamentos,account_group_23772901
account_group_238,238,DÉBITOS DIVERSOS,account_group_23
account_group_2388,2388,DÉBITOS DIVERSOS,account_group_238
account_group_23881,23881,FORNECEDORES,account_group_2388
account_group_238819,238819,Fornecedores,account_group_23881
account_group_23881901,23881901,Fornecedores,account_group_238819
account_group_238819011,238819011,Fornecedores,account_group_23881901
account_group_23882,23882,OUTROS DÉBITOS,account_group_2388
account_group_238829,238829,Outros Débitos,account_group_23882
account_group_23882901,23882901,Outros Débitos,account_group_238829
account_group_238829011,238829011,Outros Débitos,account_group_23882901
account_group_23883,23883,DEPÓSITOS DE TERCEIROS,account_group_2388
account_group_238839,238839,Depósitos de Terceiros,account_group_23883
account_group_23883901,23883901,Depósitos de Terceiros,account_group_238839
account_group_238839011,238839011,Depósitos de Terceiros,account_group_23883901
account_group_23884,23884,MULTAS ADMINISTRATIVAS A PAGAR,account_group_2388
account_group_238849,238849,Multas administrativas a pagar,account_group_23884
account_group_23884901,23884901,Mutas administrativas a pagar,account_group_238849
account_group_238849011,238849011,Mutas administrativas a pagar,account_group_23884901
account_group_23888,23888,OUTRAS EXIGIBILIDADES DE LONGO PRAZO,account_group_2388
account_group_238889,238889,Outras Exigibilidades de longo Prazo,account_group_23888
account_group_23888908,23888908,Outras Exigibilidades de longo Prazo,account_group_238889
account_group_238889088,238889088,Outras Exigibilidades de longo Prazo,account_group_23888908
account_group_25,25,PATRIMÔNIO LÍQUIDO / PATRIMÔNIO SOCIAL,account_group_2
account_group_251,251,CAPITAL SOCIAL/PATRIMÔNIO SOCIAL,account_group_25
account_group_2511,2511,CAPITAL SOCIAL SUBSCRITO / PATRIMÔNIO SOCIAL,account_group_251
account_group_25111,25111,CAPITAL SOCIAL NACIONAL,account_group_2511
account_group_251119,251119,Capital Social Nacional,account_group_25111
account_group_25111901,25111901,Capital Social Nacional,account_group_251119
account_group_251119011,251119011,Capital Social Nacional,account_group_25111901
account_group_25112,25112,CAPITAL SOCIAL ESTRANGEIRO,account_group_2511
account_group_251129,251129,Capital Social Estrangeiro,account_group_25112
account_group_25112901,25112901,Capital Social Estrangeiro,account_group_251129
account_group_251129011,251129011,Capital Social Estrangeiro,account_group_25112901
account_group_25113,25113,PATRIMÔNIO SOCIAL,account_group_2511
account_group_251139,251139,Patrimônio Social,account_group_25113
account_group_25113901,25113901,Patrimônio Social,account_group_251139
account_group_251139011,251139011,Patrimônio Social,account_group_25113901
account_group_2512,2512,(-) ACIONISTAS/COTISTAS CAPITAL A INTEGRALIZAR,account_group_251
account_group_25121,25121,(-) ACIONISTAS/COTISTAS CAPITAL A INTEGRALIZAR,account_group_2512
account_group_251219,251219,(-) Acionistas / Cotistas Capital a Integralizar,account_group_25121
account_group_25121901,25121901,(-) Acionistas / Cotistas Capital a Integralizar,account_group_251219
account_group_251219011,251219011,(-) Acionistas / Cotistas Capital a Integralizar,account_group_25121901
account_group_252,252,ADIANTAMENTO PARA FUTURO AUMENTO DE CAPITAL,account_group_25
account_group_2521,2521,ADIANTAMENTO PARA FUTURO AUMENTO DE CAPITAL,account_group_252
account_group_25211,25211,ADIANTAMENTO PARA FUTURO AUMENTO DE CAPITAL,account_group_2521
account_group_252119,252119,Adiantamento para Futuro Aumento de Capital,account_group_25211
account_group_25211901,25211901,Adiantamento para Futuro Aumento de Capital,account_group_252119
account_group_252119011,252119011,Adiantamento para Futuro Aumento de Capital,account_group_25211901
account_group_253,253,RESERVAS,account_group_25
account_group_2531,2531,RESERVAS DE CAPITAL / RESERVAS PATRIMONIAIS,account_group_253
account_group_25311,25311,RESERVAS DE CAPITAL / RESERVAS PATRIMONIAIS,account_group_2531
account_group_253119,253119,Reservas de Capital/Reservas Patrimoniais,account_group_25311
account_group_25311901,25311901,Reservas de Capital/Reservas Patrimoniais,account_group_253119
account_group_253119011,253119011,Reservas de Capital/Reservas Patrimoniais,account_group_25311901
account_group_2532,2532,RESERVAS DE REAVALIAÇÃO,account_group_253
account_group_25321,25321,RESERVAS DE REAVALIAÇÃO,account_group_2532
account_group_253219,253219,Reservas de Reavaliação,account_group_25321
account_group_25321901,25321901,Reservas de Reavaliação,account_group_253219
account_group_253219011,253219011,Reservas de Reavaliação,account_group_25321901
account_group_25325,25325,(-) TRIBUTOS DIFERIDOS,account_group_2532
account_group_253259,253259,(-) Tributos Diferidos,account_group_25325
account_group_25325901,25325901,(-) Tributos Diferidos,account_group_253259
account_group_253259011,253259011,(-) Tributos Diferidos,account_group_25325901
account_group_2533,2533,RESERVAS DE LUCROS / SOBRAS / RETENÇÃO DE SUPERÁVITS,account_group_253
account_group_25331,25331,RESERVAS DE LUCROS,account_group_2533
account_group_253319,253319,Reservas de Lucros,account_group_25331
account_group_25331901,25331901,Reservas de Lucros,account_group_253319
account_group_253319011,253319011,Reservas de Lucros,account_group_25331901
account_group_25331902,25331902,Reservas de Sobras/Retenção de Superávits,account_group_253319
account_group_253319022,253319022,Reservas de Sobras/Retenção de Superávits,account_group_25331902
account_group_254,254,AJUSTES DE AVALIAÇÃO PATRIMONIAL,account_group_25
account_group_2541,2541,GANHOS E PERDAS NÃO REALIZADOS COM TÍTULOS E VALORES MOBILIÁRIOS,account_group_254
account_group_25411,25411,GANHOS E PERDAS NÃO REALIZADOS COM TÍTULOS E VALORES MOBILIÁRIOS,account_group_2541
account_group_254119,254119,Ganhos e Perdas Não Realizados com Títulos e Valores Mobiliários,account_group_25411
account_group_25411901,25411901,Ganhos e Perdas Não Realizados com Títulos e Valores Mobiliários,account_group_254119
account_group_254119011,254119011,Ganhos e Perdas Não Realizados com Títulos e Valores Mobiliários,account_group_25411901
account_group_2549,2549,OUTROS AJUSTES DE AVALIAÇÃO PATRIMONIAL,account_group_254
account_group_25491,25491,OUTROS AJUSTES DE AVALIAÇÃO PATRIMONIAL,account_group_2549
account_group_254919,254919,Outros Ajustes de Avaliação Patrimonial,account_group_25491
account_group_25491901,25491901,Outros Ajustes de Avaliação Patrimonial,account_group_254919
account_group_254919011,254919011,Outros Ajustes de Avaliação Patrimonial,account_group_25491901
account_group_255,255,(-) AÇÕES EM TESOURARIA,account_group_25
account_group_2551,2551,(-) AÇÕES EM TESOURARIA,account_group_255
account_group_25511,25511,(-) AÇÕES EM TESOURARIA,account_group_2551
account_group_255119,255119,(-) Ações em Tesouraria,account_group_25511
account_group_25511901,25511901,(-) Ações em Tesouraria,account_group_255119
account_group_255119011,255119011,(-) Ações em Tesouraria,account_group_25511901
account_group_256,256,LUCROS/PREJUÍZOS-SUPERÁVITS/DÉFICITS ACUMULADOS ou RESULTADO,account_group_25
account_group_2561,2561,LUCROS/PREJUÍZOS-SUPERÁVITS/DÉFICITS ACUMULADOS,account_group_256
account_group_25611,25611,LUCROS/PREJUÍZOS-SUPERÁVITS/DÉFICITS ACUMULADOS,account_group_2561
account_group_256119,256119,Lucros/Superávits ou Prejuízos/Déficits Apurados,account_group_25611
account_group_25611901,25611901,Lucros/Superávits ou Prejuízos/Déficits Apurados,account_group_256119
account_group_256119011,256119011,Lucros/Superávits ou Prejuízos/Déficits Apurados,account_group_25611901
account_group_2562,2562,RESULTADO - COOPERATIVAS,account_group_256
account_group_25621,25621,RESULTADO - COOPERATIVAS,account_group_2562
account_group_256219,256219,Resultado - Cooperativas,account_group_25621
account_group_25621901,25621901,Resultado - Cooperativas,account_group_256219
account_group_256219011,256219011,Resultado - Cooperativas,account_group_25621901
account_group_2563,2563,DIVIDENDOS,account_group_256
account_group_25631,25631,DIVIDENDOS,account_group_2563
account_group_256319,256319,DIVIDENDOS,account_group_25631
account_group_25631901,25631901,Dividendos antecipados,account_group_256319
account_group_256319011,256319011,Dividendos antecipados,account_group_25631901
account_group_29,29,COMPENSAÇÃO - PASSIVO,account_group_2
account_group_291,291,COMPENSAÇÃO - PASSIVO,account_group_29
account_group_2911,2911,COMPENSAÇÃO - PASSIVO,account_group_291
account_group_29111,29111,COMPENSAÇÃO - PASSIVO,account_group_2911
account_group_291119,291119,Compensação - Passivo,account_group_29111
account_group_29111901,29111901,Compensação - Passivo,account_group_291119
account_group_291119011,291119011,Compensação - Passivo,account_group_29111901
account_group_3,3,RECEITAS,account_group_29111901
account_group_31,31,RECEITAS COM OPERAÇÕES DE ASSISTÊNCIA A SAÚDE,account_group_3
account_group_311,311,CONTRAPRESTAÇÕES LÍQUIDAS / PRÊMIOS RETIDOS,account_group_31
account_group_3111,3111,CONTRAPRESTAÇÕES EMITIDAS / PRÊMIOS EMITIDOS DE ASSISTÊNCIA A SAÚDE,account_group_311
account_group_31111,31111,CONTRAPRESTAÇÕES EMITIDAS / PRÊMIOS EMITIDOS DE ASSISTÊNCIA MÉDICO-HOSPITALAR,account_group_3111
account_group_311111,311111,Cobertura Assistencial com Preço Preestabelecido,account_group_31111
account_group_31111101,31111101,Planos Individuais/Familiares antes da Lei,account_group_311111
account_group_311111011,311111011,Planos Individuais/Familiares antes da Lei,account_group_31111101
account_group_31111102,31111102,Planos Individuais/Familiares pós - Lei,account_group_311111
account_group_311111022,311111022,Planos Individuais/Familiares pós - Lei,account_group_31111102
account_group_31111103,31111103,Planos Coletivos por Adesão antes da Lei,account_group_311111
account_group_311111033,311111033,Planos Coletivos por Adesão antes da Lei,account_group_31111103
account_group_31111104,31111104,Planos Coletivos por Adesão depois da lei,account_group_311111
account_group_311111044,311111044,Planos Coletivos por Adesão depois da lei,account_group_31111104
account_group_31111105,31111105,Planos Coletivos Empresariais antes da Lei,account_group_311111
account_group_311111055,311111055,Planos Coletivos Empresariais antes da Lei,account_group_31111105
account_group_31111106,31111106,Planos Coletivos Empresariais depois da lei,account_group_311111
account_group_311111066,311111066,Planos Coletivos Empresariais depois da lei,account_group_31111106
account_group_31111108,31111108,Corresponsabilidade Assumida,account_group_311111
account_group_311111088,311111088,Corresponsabilidade Assumida,account_group_31111108
account_group_311112,311112,Cobertura Assistencial com Preço Pós Estabelecido,account_group_31111
account_group_31111203,31111203,Planos Coletivos por Adesão antes da Lei,account_group_311112
account_group_311112033,311112033,Planos Coletivos por Adesão antes da Lei,account_group_31111203
account_group_31111204,31111204,Planos Coletivos por Adesão depois da Lei,account_group_311112
account_group_311112044,311112044,Planos Coletivos por Adesão depois da Lei,account_group_31111204
account_group_31111205,31111205,Planos Coletivos Empresariais antes da Lei,account_group_311112
account_group_311112055,311112055,Planos Coletivos Empresariais antes da Lei,account_group_31111205
account_group_31111206,31111206,Planos Coletivos Empresariais depois da lei,account_group_311112
account_group_311112066,311112066,Planos Coletivos Empresariais depois da lei,account_group_31111206
account_group_31111208,31111208,Corresponsabilidade Assumida,account_group_311112
account_group_311112088,311112088,Corresponsabilidade Assumida,account_group_31111208
account_group_31112,31112,CONTRAPRESTAÇÕES EMITIDAS / PRÊMIOS EMITIDOS DE ASSISTÊNCIA ODONTOLÓGICA,account_group_3111
account_group_311121,311121,Cobertura Assistencial com Preço Preestabelecido,account_group_31112
account_group_31112101,31112101,Planos Individuais/Familiares antes da Lei,account_group_311121
account_group_311121011,311121011,Planos Individuais/Familiares antes da Lei,account_group_31112101
account_group_31112102,31112102,Planos Individuais/Familiares pós da Lei,account_group_311121
account_group_311121022,311121022,Planos Individuais/Familiares pós da Lei,account_group_31112102
account_group_31112103,31112103,Planos Coletivos por Adesão antes da Lei,account_group_311121
account_group_311121033,311121033,Planos Coletivos por Adesão antes da Lei,account_group_31112103
account_group_31112104,31112104,Planos Coletivos por Adesão depois da Lei,account_group_311121
account_group_311121044,311121044,Planos Coletivos por Adesão depois da Lei,account_group_31112104
account_group_31112105,31112105,Planos Coletivos Empresariais antes da Lei,account_group_311121
account_group_311121055,311121055,Planos Coletivos Empresariais antes da Lei,account_group_31112105
account_group_31112106,31112106,Planos Coletivos Empresariais depois da Lei,account_group_311121
account_group_311121066,311121066,Planos Coletivos Empresariais depois da Lei,account_group_31112106
account_group_31112108,31112108,Corresponsabilidade Assumida,account_group_311121
account_group_311121088,311121088,Corresponsabilidade Assumida,account_group_31112108
account_group_311122,311122,Cobertura Assistencial com Preço Pós Estabelecido,account_group_31112
account_group_31112203,31112203,Planos Coletivos por Adesão antes da Lei,account_group_311122
account_group_311122033,311122033,Planos Coletivos por Adesão antes da Lei,account_group_31112203
account_group_31112204,31112204,Planos Coletivos por Adesão depois da Lei,account_group_311122
account_group_311122044,311122044,Planos Coletivos por Adesão depois da Lei,account_group_31112204
account_group_31112205,31112205,Planos Coletivos Empresariais antes da Lei,account_group_311122
account_group_311122055,311122055,Planos Coletivos Empresariais antes da Lei,account_group_31112205
account_group_31112206,31112206,Planos Coletivos Empresariais depois da Lei,account_group_311122
account_group_311122066,311122066,Planos Coletivos Empresariais depois da Lei,account_group_31112206
account_group_31112208,31112208,Corresponsabilidade Assumida,account_group_311122
account_group_311122088,311122088,Corresponsabilidade Assumida,account_group_31112208
account_group_3117,3117,(-) CONTRAPRESTAÇÕES DE CORRESPONSABILIDADE CEDIDA DE ASSISTÊNCIA A SAÚDE,account_group_311
account_group_31171,31171,(-) CONTRAPRESTAÇÕES DE CORRESPONSABILIDADE CEDIDA DE ASSISTÊNCIA MÉDICO-HOSPITALAR,account_group_3117
account_group_311711,311711,Cobertura Assistencial com Preço Preestabelecido,account_group_31171
account_group_31171101,31171101,Planos Individuais/Familiares antes da Lei,account_group_311711
account_group_311711011,311711011,Planos Individuais/Familiares antes da Lei,account_group_31171101
account_group_31171102,31171102,Planos Individuais/Familiares pós - Lei,account_group_311711
account_group_311711022,311711022,Planos Individuais/Familiares pós - Lei,account_group_31171102
account_group_31171103,31171103,Planos Coletivos por Adesão antes da Lei,account_group_311711
account_group_311711033,311711033,Planos Coletivos por Adesão antes da Lei,account_group_31171103
account_group_31171104,31171104,Planos Coletivos por Adesão depois da Lei,account_group_311711
account_group_311711044,311711044,Planos Coletivos por Adesão depois da Lei,account_group_31171104
account_group_31171105,31171105,Planos Coletivos Empresariais antes da Lei,account_group_311711
account_group_311711055,311711055,Planos Coletivos Empresariais antes da Lei,account_group_31171105
account_group_31171106,31171106,Planos Coletivos Empresariais depois da Lei,account_group_311711
account_group_311711066,311711066,Planos Coletivos Empresariais depois da Lei,account_group_31171106
account_group_311712,311712,Cobertura Assistencial com Preço Pós-estabelecido,account_group_31171
account_group_31171203,31171203,Planos Coletivos por Adesão antes da Lei,account_group_311712
account_group_311712033,311712033,Planos Coletivos por Adesão antes da Lei,account_group_31171203
account_group_31171204,31171204,Planos Coletivos por Adesão depois da Lei,account_group_311712
account_group_311712044,311712044,Planos Coletivos por Adesão depois da Lei,account_group_31171204
account_group_31171205,31171205,Planos Coletivos Empresariais antes da Lei,account_group_311712
account_group_311712055,311712055,Planos Coletivos Empresariais antes da Lei,account_group_31171205
account_group_31171206,31171206,Planos Coletivos Empresariais depois da Lei,account_group_311712
account_group_311712066,311712066,Planos Coletivos Empresariais depois da Lei,account_group_31171206
account_group_31172,31172,(-) CONTRAPRESTAÇÕES DE CORRESPONSABILIDADE CEDIDA DE ASSISTÊNCIA ODONTOLÓGICA,account_group_3117
account_group_311721,311721,Cobertura Assistencial com Preço Preestabelecido,account_group_31172
account_group_31172101,31172101,Planos Individuais/Familiares antes da Lei,account_group_311721
account_group_311721011,311721011,Planos Individuais/Familiares antes da Lei,account_group_31172101
account_group_31172102,31172102,Planos Individuais/Familiares pós - Lei,account_group_311721
account_group_311721022,311721022,Planos Individuais/Familiares pós - Lei,account_group_31172102
account_group_31172103,31172103,Planos Coletivos por Adesão antes da Lei,account_group_311721
account_group_311721033,311721033,Planos Coletivos por Adesão antes da Lei,account_group_31172103
account_group_31172104,31172104,Planos Coletivos por Adesão depois da Lei,account_group_311721
account_group_311721044,311721044,Planos Coletivos por Adesão depois da Lei,account_group_31172104
account_group_31172105,31172105,Planos Coletivos Empresariais antes da Lei,account_group_311721
account_group_311721055,311721055,Planos Coletivos Empresariais antes da Lei,account_group_31172105
account_group_31172106,31172106,Planos Coletivos Empresariais depois da Lei,account_group_311721
account_group_311721066,311721066,Planos Coletivos Empresariais depois da Lei,account_group_31172106
account_group_311722,311722,Cobertura Assistencial com Preço Pós-estabelecido,account_group_31172
account_group_31172203,31172203,Planos Coletivos por Adesão antes da Lei,account_group_311722
account_group_311722033,311722033,Planos Coletivos por Adesão antes da Lei,account_group_31172203
account_group_31172204,31172204,Planos Coletivos por Adesão depois da Lei,account_group_311722
account_group_311722044,311722044,Planos Coletivos por Adesão depois da Lei,account_group_31172204
account_group_31172205,31172205,Planos Coletivos Empresariais antes da Lei,account_group_311722
account_group_311722055,311722055,Planos Coletivos Empresariais antes da Lei,account_group_31172205
account_group_31172206,31172206,Planos Coletivos Empresariais depois da Lei,account_group_311722
account_group_311722066,311722066,Planos Coletivos Empresariais depois da Lei,account_group_31172206
account_group_3119,3119,(-)OUTRAS DEDUÇÕES DAS CONTRAPRESTAÇÕES / PRÊMIOS,account_group_311
account_group_31191,31191,(-) OUTRAS DEDUÇÕES DAS CONTRAPRESTAÇÕES/PRÊMIOS DE ASSISTÊNCIA MÉDICO-HOSPITALAR,account_group_3119
account_group_311911,311911,Cobertura Assistencial com Preço Preestabelecido,account_group_31191
account_group_31191101,31191101,Descontos,account_group_311911
account_group_311911011,311911011,Descontos,account_group_31191101
account_group_31191102,31191102,Abatimento Concedido,account_group_311911
account_group_311911022,311911022,Abatimento Concedido,account_group_31191102
account_group_31191103,31191103,Outras Deduções,account_group_311911
account_group_311911033,311911033,Outras Deduções,account_group_31191103
account_group_311912,311912,Cobertura Assistencial com Preço Pós-estabelecido,account_group_31191
account_group_31191201,31191201,Descontos,account_group_311912
account_group_311912011,311912011,Descontos,account_group_31191201
account_group_31191202,31191202,Abatimento Concedido,account_group_311912
account_group_311912022,311912022,Abatimento Concedido,account_group_31191202
account_group_31191203,31191203,Outras Deduções,account_group_311912
account_group_311912033,311912033,Outras Deduções,account_group_31191203
account_group_31192,31192,(-) OUTRAS DEDUÇÕES DAS CONTRAPRESTAÇÕES/PRÊMIOS DE ASSISTÊNCIA ODONTOLÓGICA,account_group_3119
account_group_311921,311921,Cobertura Assistencial com Preço Preestabelecido,account_group_31192
account_group_31192101,31192101,Descontos,account_group_311921
account_group_311921011,311921011,Descontos,account_group_31192101
account_group_31192102,31192102,Abatimento Concedido,account_group_311921
account_group_311921022,311921022,Abatimento Concedido,account_group_31192102
account_group_31192103,31192103,Outras Deduções,account_group_311921
account_group_311921033,311921033,Outras Deduções,account_group_31192103
account_group_311922,311922,Cobertura Assistencial com Preço Pós-estabelecido,account_group_31192
account_group_31192201,31192201,Descontos,account_group_311922
account_group_311922011,311922011,Descontos,account_group_31192201
account_group_31192202,31192202,Abatimento Concedido,account_group_311922
account_group_311922022,311922022,Abatimento Concedido,account_group_31192202
account_group_31192203,31192203,Outras Deduções,account_group_311922
account_group_311922033,311922033,Outras Deduções,account_group_31192203
account_group_312,312,VARIAÇÃO DAS PROVISÕES TÉCNICAS DE OPERAÇÕES DE ASSISTÊNCIA À SAÚDE,account_group_31
account_group_3121,3121,VARIAÇÃO DAS PROVISÕES TÉCNICAS DE OPERAÇÕES DE ASSISTÊNCIA À SAÚDE,account_group_312
account_group_31211,31211,VARIAÇÃO DAS PROVISÕES TÉCNICAS DE ASSISTÊNCIA MÉDICO-HOSPITALAR,account_group_3121
account_group_312119,312119,Variação das Provisões Técnicas de Assistência Médico-Hospitalar,account_group_31211
account_group_31211901,31211901,Provisão de Insuficiência de Prêmios/Contraprestações,account_group_312119
account_group_312119011,312119011,Provisão de Insuficiência de Prêmios/Contraprestações,account_group_31211901
account_group_31211902,31211902,Provisão para Remissão,account_group_312119
account_group_312119022,312119022,Provisão para Remissão,account_group_31211902
account_group_31211909,31211909,Outras Provisões,account_group_312119
account_group_312119099,312119099,Outras Provisões,account_group_31211909
account_group_31212,31212,VARIAÇÃO DAS PROVISÕES TÉCNICAS DE ASSISTÊNCIA ODONTOLÓGICA,account_group_3121
account_group_312129,312129,Variação das Provisões Técnicas de Assistência Odontológica,account_group_31212
account_group_31212901,31212901,Provisão de Insuficiência de Prêmios/Contraprestações,account_group_312129
account_group_312129011,312129011,Provisão de Insuficiência de Prêmios/Contraprestações,account_group_31212901
account_group_31212902,31212902,Provisão para Remissão,account_group_312129
account_group_312129022,312129022,Provisão para Remissão,account_group_31212902
account_group_31212909,31212909,Outras Provisões,account_group_312129
account_group_312129099,312129099,Outras Provisões,account_group_31212909
account_group_313,313,RECEITAS COM ADMINISTRAÇÃO,account_group_31
account_group_3131,3131,RECEITAS COM ADMINISTRAÇÃO DE BENEFÍCIOS,account_group_313
account_group_31311,31311,TAXA DE ADMINISTRAÇÃO MÉDICO-HOSPITALAR,account_group_3131
account_group_313119,313119,Taxa de Administração de Benefícios Médico- Hospitalar,account_group_31311
account_group_31311901,31311901,Taxa de Administração de Benefícios - Contratos Estipulados/Não Estipulados,account_group_313119
account_group_313119011,313119011,Taxa de Administração de Benefícios - Contratos Estipulados/Não Estipulados,account_group_31311901
account_group_31312,31312,TAXA DE ADMINISTRAÇÃO PLANOS ODONTOLÓGICOS,account_group_3131
account_group_313129,313129,Taxa de Administração de Benefícios Odontológicos,account_group_31312
account_group_31312901,31312901,Taxa de Administração de Benefícios - Contratos Estipulados/Não Estipulados,account_group_313129
account_group_313129011,313129011,Taxa de Administração de Benefícios - Contratos Estipulados/Não Estipulados,account_group_31312901
account_group_314,314,RECEITAS COM RESSEGURO,account_group_31
account_group_3141,3141,RECEITAS COM SINISTROS,account_group_314
account_group_31411,31411,RECEITAS COM SINISTROS,account_group_3141
account_group_314119,314119,Receitas com Sinistros,account_group_31411
account_group_31411901,31411901,Receitas com Sinistros,account_group_314119
account_group_314119011,314119011,Receitas com Sinistros,account_group_31411901
account_group_3142,3142,OUTRAS RECEITAS COM RESSEGURO,account_group_314
account_group_31421,31421,OUTRAS RECEITAS COM RESSEGURO,account_group_3142
account_group_314219,314219,Outras Receitas com Resseguro,account_group_31421
account_group_31421901,31421901,Outras Receitas com Resseguro,account_group_314219
account_group_314219011,314219011,Outras Receitas com Resseguro,account_group_31421901
account_group_315,315,RECEITAS COM SEGURO,account_group_31
account_group_3151,3151,RECEITAS COM SINISTROS,account_group_315
account_group_31511,31511,RECEITAS COM SINISTROS,account_group_3151
account_group_315119,315119,Receitas com Sinistros,account_group_31511
account_group_31511901,31511901,Receitas com Sinistros,account_group_315119
account_group_315119011,315119011,Receitas com Sinistros,account_group_31511901
account_group_3152,3152,OUTRAS RECEITAS COM SEGURO,account_group_315
account_group_31521,31521,OUTRAS RECEITAS COM SEGURO,account_group_3152
account_group_315219,315219,Outras Receitas com Seguro,account_group_31521
account_group_31521901,31521901,Outras Receitas com Seguro,account_group_315219
account_group_315219011,315219011,Outras Receitas com Seguro,account_group_31521901
account_group_32,32,(-) TRIBUTOS DIRETOS DE OPERAÇÕES DE ASSISTÊNCIA À SAÚDE,account_group_3
account_group_321,321,(-) TRIBUTOS DIRETOS DE OPERAÇÕES COM PLANOS DE ASSISTÊNCIA À SAÚDE DA OPERADORA,account_group_32
account_group_3211,3211,(-) TRIBUTOS DIRETOS DE OPERAÇÕES COM PLANOS DE ASSISTÊNCIA À SAÚDE DA OPERADORA,account_group_321
account_group_32111,32111,(-) TRIBUTOS DIRETOS DE OPERAÇÕES DE ASSISTÊNCIA MÉDICO-HOSPITALAR,account_group_3211
account_group_321119,321119,(-) Tributos Diretos de Operações de Assistência Médico-Hospitalar,account_group_32111
account_group_32111901,32111901,(-) Tributos Diretos de Operações de Assistência Médico-Hospitalar,account_group_321119
account_group_321119011,321119011,(-) Tributos Diretos de Operações de Assistência Médico-Hospitalar,account_group_32111901
account_group_32111909,32111909,Reversão de Tributos Diretos Constituídos em Exercícios Anteriores,account_group_321119
account_group_321119099,321119099,Reversão de Tributos Diretos Constituídos em Exercícios Anteriores,account_group_32111909
account_group_32112,32112,(-) TRIBUTOS DIRETOS DE OPERAÇÕES DE ASSISTÊNCIA ODONTOLÓGICA,account_group_3211
account_group_321129,321129,(-) Tributos Diretos de Operações de Assistência Odontológica,account_group_32112
account_group_32112901,32112901,(-) Tributos Diretos de Operações de Assistência Odontológica,account_group_321129
account_group_321129011,321129011,(-) Tributos Diretos de Operações de Assistência Odontológica,account_group_32112901
account_group_32112909,32112909,Reversão de Tributos Diretos Constituídos em Exercícios Anteriores,account_group_321129
account_group_321129099,321129099,Reversão de Tributos Diretos Constituídos em Exercícios Anteriores,account_group_32112909
account_group_33,33,OUTRAS RECEITAS OPERACIONAIS,account_group_3
account_group_331,331,OUTRAS RECEITAS OPERACIONAIS DE PLANOS DE ASSISTÊNCIA À SAÚDE,account_group_33
account_group_3311,3311,OUTRAS RECEITAS OPERACIONAIS DE PLANOS DE ASSISTÊNCIA À SAÚDE,account_group_331
account_group_33111,33111,RECEITAS COM OUTRAS OPERAÇÕES DE PLANOS DE ASSISTÊNCIA MÉDICO-HOSPITALAR,account_group_3311
account_group_331119,331119,Receitas com Outras Operações de Planos de Assistência Médico-Hospitalar,account_group_33111
account_group_33111901,33111901,Receitas com Outras Operações de Planos de Assistência Médico-Hospitalar,account_group_331119
account_group_331119011,331119011,Receitas com Outras Operações de Planos de Assistência Médico-Hospitalar,account_group_33111901
account_group_33111902,33111902,Receitas com Venda de Carteira,account_group_331119
account_group_331119022,331119022,Receitas com Venda de Carteira,account_group_33111902
account_group_33111909,33111909,Reversão de Provisão Para Perdas sobre Créditos Constituída em Exercícios Anteriores,account_group_331119
account_group_331119099,331119099,Reversão de Provisão Para Perdas sobre Créditos Constituída em Exercícios Anteriores,account_group_33111909
account_group_33112,33112,RECEITAS COM OUTRAS OPERAÇÕES DE PLANOS DE ASSISTÊNCIA ODONTOLÓGICA,account_group_3311
account_group_331129,331129,Receitas com Outras Operações de Planos de Assistência Odontológica,account_group_33112
account_group_33112901,33112901,Receitas com Outras Operações de Planos de Assistência Odontológica,account_group_331129
account_group_331129011,331129011,Receitas com Outras Operações de Planos de Assistência Odontológica,account_group_33112901
account_group_33112902,33112902,Receitas com Venda de Carteira,account_group_331129
account_group_331129022,331129022,Receitas com Venda de Carteira,account_group_33112902
account_group_33112909,33112909,Reversão de Provisão Para Perdas sobre Créditos Constituída em Exercícios Anteriores,account_group_331129
account_group_331129099,331129099,Reversão de Provisão Para Perdas sobre Créditos Constituída em Exercícios Anteriores,account_group_33112909
account_group_332,332,RECEITAS DE ASSISTÊNCIA À SAÚDE NÃO RELACIONADAS COM PLANOS DE SAÚDE DA OPERADORA,account_group_33
account_group_3321,3321,RECEITAS DE ASSISTÊNCIA À SAÚDE NÃO RELACIONADAS COM PLANOS DE SAÚDE DA OPERADORA,account_group_332
account_group_33211,33211,RECEITAS COM OPERAÇÕES DE ASSISTÊNCIA MÉDICO-HOSPITALAR,account_group_3321
account_group_332119,332119,Receitas com Operações de Assistência Médico- Hospitalar,account_group_33211
account_group_33211901,33211901,Receitas com Operações de Assistência Médico- Hospitalar,account_group_332119
account_group_332119011,332119011,Receitas com Operações de Assistência Médico- Hospitalar,account_group_33211901
account_group_33211902,33211902,Programas ou Fundos para Custeio de Despesas Médico Hospitalres,account_group_332119
account_group_332119022,332119022,Programas ou Fundos para Custeio de Despesas Médico Hospitalres,account_group_33211902
account_group_33212,33212,RECEITAS COM OPERAÇÕES DE ASSISTÊNCIA ODONTOLÓGICA,account_group_3321
account_group_332129,332129,Receitas com Operações de Assistência Odontológica,account_group_33212
account_group_33212901,33212901,Receitas com Operações de Assistência Odontológica,account_group_332129
account_group_332129011,332129011,Receitas com Operações de Assistência Odontológica,account_group_33212901
account_group_33212902,33212902,Programas ou Fundos para Custeio de Despesas Odontológicas,account_group_332129
account_group_332129022,332129022,Programas ou Fundos para Custeio de Despesas Odontológicas,account_group_33212902
account_group_33213,33213,RECEITAS COM OPERAÇÕES DE ASSISTÊNCIA MÉDICO-HOSPITALAR (SUS),account_group_3321
account_group_332139,332139,Receitas com Operações de Assistência Médico- Hospitalar (SUS),account_group_33213
account_group_33213901,33213901,Receitas com Operações de Assistência Médico- Hospitalar (SUS),account_group_332139
account_group_332139011,332139011,Receitas com Operações de Assistência Médico- Hospitalar (SUS),account_group_33213901
account_group_33214,33214,RECEITAS COM OPERAÇÕES DE ASSISTÊNCIA ODONTOLÓGICA (SUS),account_group_3321
account_group_332149,332149,Receitas com Operações de Assistência Odontológica (SUS),account_group_33214
account_group_33214901,33214901,Receitas com Operações de Assistência Odontológica (SUS),account_group_332149
account_group_332149011,332149011,Receitas com Operações de Assistência Odontológica (SUS),account_group_33214901
account_group_33215,33215,OUTRAS RECEITAS DE PRESTAÇÃO DE SERVIÇOS DE ADMINISTRADORA DE BENEFÍCIOS,account_group_3321
account_group_332159,332159,Outras Receitas de Prestação de Serviços de Administradora de Benefícios,account_group_33215
account_group_33215901,33215901,Outras Receitas de Prestação de Serviços de Administradora de Benefícios,account_group_332159
account_group_332159011,332159011,Outras Receitas de Prestação de Serviços de Administradora de Benefícios,account_group_33215901
account_group_33216,33216,RECEITAS COM ADMINISTRAÇÃO DE INTERCÂMBIO EVENTUAL - ASSISTÊNCIA ODONTOLÓGICA,account_group_3321
account_group_332169,332169,Receitas com Administração de Intercâmbio Eventual - Assistência Odontológica,account_group_33216
account_group_33216901,33216901,Receitas com Administração de Intercâmbio Eventual - Assistência Odontológica,account_group_332169
account_group_332169011,332169011,Receitas com Administração de Intercâmbio Eventual - Assistência Odontológica,account_group_33216901
account_group_33217,33217,RECEITAS COM ADMINISTRAÇÃO DE INTERCÂMBIO EVENTUAL - ASSISTENCIA MEDICO HOSPITALAR,account_group_3321
account_group_332179,332179,Receitas com Administração de Intercâmbio Eventual - Assistência Médico Hospitalar,account_group_33217
account_group_33217901,33217901,Receitas com Administração de Intercâmbio Eventual - Assistência Médico Hospitalar,account_group_332179
account_group_332179011,332179011,Receitas com Administração de Intercâmbio Eventual - Assistência Médico Hospitalar,account_group_33217901
account_group_33218,33218,OUTRAS RECEITAS OPERACIONAIS,account_group_3321
account_group_332189,332189,Outras Receitas Operacionais,account_group_33218
account_group_33218901,33218901,Outras Receitas Operacionais,account_group_332189
account_group_332189011,332189011,Outras Receitas Operacionais,account_group_33218901
account_group_333,333,RECEITAS OPERACIONAIS DE OUTRAS ATIVIDADES,account_group_33
account_group_3331,3331,RECEITAS OPERACIONAIS DE OUTRAS ATIVIDADES,account_group_333
account_group_33311,33311,RECEITAS OPERACIONAIS DE OUTRAS ATIVIDADES,account_group_3331
account_group_333119,333119,Receitas Operacionais de Outras Atividades,account_group_33311
account_group_33311901,33311901,Receitas Operacionais de Outras Atividades,account_group_333119
account_group_333119011,333119011,Receitas Operacionais de Outras Atividades,account_group_33311901
account_group_34,34,(-) TRIBUTOS DIRETOS DE OUTRAS ATIVIDADES DE ASSISTÊNCIA À SAÚDE,account_group_3
account_group_341,341,(-) TRIBUTOS DIRETOS DE OUTRAS ATIVIDADES DE ASSISTÊNCIA À SAÚDE,account_group_34
account_group_3411,3411,(-) TRIBUTOS DIRETOS DE OUTRAS ATIVIDADES DE ASSISTÊNCIA À SAÚDE,account_group_341
account_group_34111,34111,(-) TRIBUTOS DIRETOS DE OUTRAS ATIVIDADES DE ASSISTÊNCIA MÉDICO-HOSPITALAR,account_group_3411
account_group_341119,341119,(-) Tributos Diretos de Outras Operações de Assistência Médico-Hospitalar,account_group_34111
account_group_34111901,34111901,(-) Tributos Diretos de Outras Operações de Assistência Médico-Hospitalar,account_group_341119
account_group_341119011,341119011,(-) Tributos Diretos de Outras Operações de Assistência Médico-Hospitalar,account_group_34111901
account_group_34112,34112,(-) TRIBUTOS DIRETOS DE OUTRAS ATIVIDADES DE ASSISTÊNCIA ODONTOLÓGICA,account_group_3411
account_group_341129,341129,(-) Tributos Diretos de Outras Operações de Assistência Odontológica,account_group_34112
account_group_34112901,34112901,(-) Tributos Diretos de Outras Operações de Assistência Odontológica,account_group_341129
account_group_341129011,341129011,(-) Tributos Diretos de Outras Operações de Assistência Odontológica,account_group_34112901
account_group_35,35,RECEITAS FINANCEIRAS,account_group_3
account_group_351,351,RECEITAS DE APLICAÇÕES FINANCEIRAS,account_group_35
account_group_3511,3511,RECEITAS COM TÍTULOS DE RENDA FIXA PRIVADOS,account_group_351
account_group_35111,35111,RECEITAS COM DEPÓSITOS BANCÁRIOS A PRAZO - CDB E RDB,account_group_3511
account_group_351119,351119,Receitas com Depósitos Bancários a Prazo - CDB e RDB,account_group_35111
account_group_35111901,35111901,Receitas com Depósitos Bancários a Prazo - CDB e RDB,account_group_351119
account_group_351119011,351119011,Receitas com Depósitos Bancários a Prazo - CDB e RDB,account_group_35111901
account_group_35114,35114,RECEITAS COM COTAS DE FUNDOS DE INVESTIMENTOS,account_group_3511
account_group_351149,351149,Receitas com Cotas de Fundos de Investimentos,account_group_35114
account_group_35114901,35114901,Receitas com Cotas de Fundos de Investimentos,account_group_351149
account_group_351149011,351149011,Receitas com Cotas de Fundos de Investimentos,account_group_35114901
account_group_35118,35118,RECEITAS COM OUTROS TÍTULOS DE RENDA FIXA - PRIVADOS,account_group_3511
account_group_351189,351189,Receitas com Outros Títulos de Renda Fixa - Privados,account_group_35118
account_group_35118901,35118901,Receitas com Outros Títulos de Renda Fixa - Privados,account_group_351189
account_group_351189011,351189011,Receitas com Outros Títulos de Renda Fixa - Privados,account_group_35118901
account_group_3512,3512,RECEITAS COM TÍTULOS DE RENDA FIXA PÚBLICOS,account_group_351
account_group_35121,35121,RECEITAS COM TÍTULOS DE RENDA FIXA PÚBLICOS,account_group_3512
account_group_351219,351219,Receitas com Títulos da Dívida Pública Interna,account_group_35121
account_group_35121901,35121901,Receitas com Títulos da Dívida Pública Interna,account_group_351219
account_group_351219011,351219011,Receitas com Títulos da Dívida Pública Interna,account_group_35121901
account_group_35124,35124,RECEITAS COM COTAS DE FUNDOS DE INVESTIMENTOS,account_group_3512
account_group_351249,351249,Receitas com Cotas de Fundos de Investimento,account_group_35124
account_group_35124901,35124901,Receitas com Cotas de Fundos de Investimento,account_group_351249
account_group_351249011,351249011,Receitas com Cotas de Fundos de Investimento,account_group_35124901
account_group_35128,35128,RECEITAS COM OUTROS TÍTULOS DE RENDA FIXA - PÚBLICOS,account_group_3512
account_group_351289,351289,Receitas com Outros Títulos de Renda Fixa Públicos,account_group_35128
account_group_35128901,35128901,Receitas com Outros Títulos de Renda Fixa Públicos,account_group_351289
account_group_351289011,351289011,Receitas com Outros Títulos de Renda Fixa Públicos,account_group_35128901
account_group_3513,3513,RECEITAS COM TÍTULOS DE RENDA VARIÁVEL,account_group_351
account_group_35131,35131,RECEITAS COM AÇÕES,account_group_3513
account_group_351319,351319,Receitas com Ações,account_group_35131
account_group_35131901,35131901,Receitas com Ações,account_group_351319
account_group_351319011,351319011,Receitas com Ações,account_group_35131901
account_group_35134,35134,RECEITAS COM COTAS DE FUNDOS DE INVESTIMENTOS,account_group_3513
account_group_351349,351349,Receitas com Cotas de Fundos de Investimentos,account_group_35134
account_group_35134901,35134901,Receitas com Cotas de Fundos de Investimentos,account_group_351349
account_group_351349011,351349011,Receitas com Cotas de Fundos de Investimentos,account_group_35134901
account_group_35138,35138,RECEITAS COM OUTROS TÍTULOS DE RENDA VARIÁVEL,account_group_3513
account_group_351389,351389,Receitas com Outros Títulos de Renda Variável,account_group_35138
account_group_35138901,35138901,Receitas com Outros Títulos de Renda Variável,account_group_351389
account_group_351389011,351389011,Receitas com Outros Títulos de Renda Variável,account_group_35138901
account_group_352,352,RECEITAS FINANCEIRAS COM OPERAÇÕES DE ASSISTÊNCIA À SAÚDE,account_group_35
account_group_3521,3521,RECEITAS POR RECEBIMENTOS EM ATRASO,account_group_352
account_group_35211,35211,RECEITAS POR RECEBIMENTOS EM ATRASO,account_group_3521
account_group_352119,352119,Receitas por Recebimentos em Atraso,account_group_35211
account_group_35211901,35211901,Receitas por Recebimentos em Atraso,account_group_352119
account_group_352119011,352119011,Receitas por Recebimentos em Atraso,account_group_35211901
account_group_3522,3522,RECEITAS FINANCEIRAS COM OPERAÇÕES DE SEGUROS,account_group_352
account_group_35221,35221,SEGUROS DIRETOS,account_group_3522
account_group_352219,352219,Seguros Diretos,account_group_35221
account_group_35221901,35221901,Seguros Diretos,account_group_352219
account_group_352219011,352219011,Seguros Diretos,account_group_35221901
account_group_35222,35222,COSSEGUROS,account_group_3522
account_group_352229,352229,Cosseguros,account_group_35222
account_group_35222901,35222901,Cosseguros,account_group_352229
account_group_352229011,352229011,Cosseguros,account_group_35222901
account_group_35224,35224,RESSEGUROS,account_group_3522
account_group_352249,352249,Resseguros,account_group_35224
account_group_35224901,35224901,Resseguros,account_group_352249
account_group_352249011,352249011,Resseguros,account_group_35224901
account_group_3523,3523,RECEITAS COM DEPÓSITOS DE CONTRAPRESTAÇÕES,account_group_352
account_group_35231,35231,RECEITAS COM DEPÓSITOS DE CONTRAPRESTAÇÕES DE ASSISTÊNCIA MÉDICO- HOSPITALAR,account_group_3523
account_group_352319,352319,Receitas com Depósitos de Contraprestações de Assistência Médico-Hospitalar,account_group_35231
account_group_35231901,35231901,Receitas com Depósitos de Contraprestações de Assistência Médico-Hospitalar,account_group_352319
account_group_352319011,352319011,Receitas com Depósitos de Contraprestações de Assistência Médico-Hospitalar,account_group_35231901
account_group_35232,35232,RECEITAS COM DEPÓSITOS DE CONTRAPRESTAÇÕES DE ASSISTÊNCIA ODONTOLÓGICA,account_group_3523
account_group_352329,352329,Receitas com Depósitos de Contraprestações de Assistência Médico-Hospitalar,account_group_35232
account_group_35232901,35232901,Receitas com Depósitos de Contraprestações de Assistência Médico-Hospitalar,account_group_352329
account_group_352329011,352329011,Receitas com Depósitos de Contraprestações de Assistência Médico-Hospitalar,account_group_35232901
account_group_353,353,RECEITAS DE AJUSTES A VALOR PRESENTE,account_group_35
account_group_3531,3531,RECEITAS DE AJUSTES A VALOR PRESENTE,account_group_353
account_group_35311,35311,RECEITAS DE AJUSTES A VALOR PRESENTE,account_group_3531
account_group_353119,353119,Receitas de Ajustes a Valor Presente,account_group_35311
account_group_35311901,35311901,Receitas de Ajustes a Valor Presente,account_group_353119
account_group_353119011,353119011,Receitas de Ajustes a Valor Presente,account_group_35311901
account_group_358,358,OUTRAS RECEITAS FINANCEIRAS,account_group_35
account_group_3581,3581,RECEITAS COM DEPÓSITOS E EMPRÉSTIMOS COMPULSÓRIOS,account_group_358
account_group_35811,35811,RECEITAS COM DEPÓSITOS E EMPRÉSTIMOS COMPULSÓRIOS,account_group_3581
account_group_358119,358119,Receitas com Depósitos e Empréstimos Compulsórios,account_group_35811
account_group_35811901,35811901,Receitas com Depósitos e Empréstimos Compulsórios,account_group_358119
account_group_358119011,358119011,Receitas com Depósitos e Empréstimos Compulsórios,account_group_35811901
account_group_3582,3582,RECEITAS COM CRÉDITOS TRIBUTÁRIOS,account_group_358
account_group_35821,35821,RECEITAS COM CRÉDITOS TRIBUTÁRIOS,account_group_3582
account_group_358219,358219,Receitas com Créditos Tributários,account_group_35821
account_group_35821901,35821901,Receitas com Créditos Tributários,account_group_358219
account_group_358219011,358219011,Receitas com Créditos Tributários,account_group_35821901
account_group_3583,3583,"RECEITAS COM DEPÓSITOS JUDICIAIS, E FISCAIS E FUNDOS RETIDOS",account_group_358
account_group_35831,35831,"RECEITAS COM DEPÓSITOS JUDICIAIS, E FISCAIS E FUNDOS RETIDOS",account_group_3583
account_group_358319,358319,"Receitas com Depósitos Judiciais, e Fiscais e Fundos Retidos",account_group_35831
account_group_35831901,35831901,"Receitas com Depósitos Judiciais, e Fiscais e Fundos Retidos",account_group_358319
account_group_358319011,358319011,"Receitas com Depósitos Judiciais, e Fiscais e Fundos Retidos",account_group_35831901
account_group_3584,3584,RECEITAS DE JUROS DE CAPITAL PRÓPRIO,account_group_358
account_group_35841,35841,RECEITAS DE JUROS DE CAPITAL PRÓPRIO,account_group_3584
account_group_358419,358419,Receitas de Juros de Capital Próprio,account_group_35841
account_group_35841901,35841901,Receitas de Juros de Capital Próprio,account_group_358419
account_group_358419011,358419011,Receitas de Juros de Capital Próprio,account_group_35841901
account_group_3589,3589,RECEITAS FINANCEIRAS DIVERSAS,account_group_358
account_group_35891,35891,RECEITAS FINANCEIRAS DIVERSAS,account_group_3589
account_group_358919,358919,Receitas Financeiras Diversas,account_group_35891
account_group_35891901,35891901,Receitas Financeiras Diversas,account_group_358919
account_group_358919011,358919011,Receitas Financeiras Diversas,account_group_35891901
account_group_36,36,RECEITAS PATRIMONIAIS,account_group_3
account_group_361,361,RECEITAS PATRIMONIAIS,account_group_36
account_group_3611,3611,RECEITAS COM IMÓVEIS DE RENDA,account_group_361
account_group_36111,36111,RECEITAS COM IMÓVEIS DE RENDA,account_group_3611
account_group_361119,361119,Receitas com Imóveis de Renda,account_group_36111
account_group_36111901,36111901,Receitas com Imóveis de Renda,account_group_361119
account_group_361119011,361119011,Receitas com Imóveis de Renda,account_group_36111901
account_group_3612,3612,AJUSTES POSITIVOS DE INVESTIMENTOS EM CONTROLADAS E COLIGADAS,account_group_361
account_group_36121,36121,AJUSTES POSITIVOS DE INVESTIMENTOS EM CONTROLADAS E COLIGADAS,account_group_3612
account_group_361219,361219,Ajustes Positivos de Investimentos em Controladas e Coligadas,account_group_36121
account_group_36121901,36121901,Ajustes Positivos de Investimentos em Controladas e Coligadas,account_group_361219
account_group_361219011,361219011,Ajustes Positivos de Investimentos em Controladas e Coligadas,account_group_36121901
account_group_3613,3613,LUCRO NA ALIENAÇÃO DE BENS DO ATIVO NÃO CIRCULANTE,account_group_361
account_group_36131,36131,LUCRO NA ALIENAÇÃO DE BENS DO ATIVO NÃO CIRCULANTE,account_group_3613
account_group_361319,361319,Lucro na Alienação de Bens do Ativo Não Circulante,account_group_36131
account_group_36131901,36131901,Lucro na Alienação de Bens do Ativo Não Circulante,account_group_361319
account_group_361319011,361319011,Lucro na Alienação de Bens do Ativo Não Circulante,account_group_36131901
account_group_3619,3619,OUTROS INVESTIMENTOS,account_group_361
account_group_36191,36191,OUTROS INVESTIMENTOS,account_group_3619
account_group_361919,361919,Outros Investimentos,account_group_36191
account_group_36191901,36191901,Outros Investimentos,account_group_361919
account_group_361919011,361919011,Outros Investimentos,account_group_36191901
account_group_37,37,RECEITAS ADMINISTRATIVAS,account_group_3
account_group_371,371,RECEITAS ADMINISTRATIVAS,account_group_37
account_group_3711,3711,RECEITAS ADMINISTRATIVAS,account_group_371
account_group_37111,37111,REVERSÃO DE MULTAS ADMINISTRATIVAS,account_group_3711
account_group_371119,371119,Reversão de Multas Administrativas de Exercícios Anteriores,account_group_37111
account_group_37111909,37111909,Reversão de Multas Administrativas de Exercícios Anteriores,account_group_371119
account_group_371119099,371119099,Reversão de Multas Administrativas de Exercícios Anteriores,account_group_37111909
account_group_4,4,DESPESAS,account_group_37111909
account_group_41,41,EVENTOS INDENIZÁVEIS LÍQUIDOS / SINISTROS RETIDOS,account_group_4
account_group_411,411,EVENTOS/SINISTROS CONHECIDOS OU AVISADOS DE ASSISTÊNCIA À SAÚDE,account_group_41
account_group_4111,4111,EVENTOS/ SINISTROS CONHECIDOS OU AVISADOS DE ASSISTÊNCIA À SAÚDE NA MODALIDADE DE PAGAMENTO POR PROCEDIMENTO,account_group_411
account_group_41111,41111,EVENTOS/ SINISTROS CONHECIDOS OU AVISADOS DE ASSISTÊNCIA A SAÚDE MEDICO HOSPITALAR,account_group_4111
account_group_411111,411111,Cobertura Assistencial com Preço Pré-estabelecido,account_group_41111
account_group_41111101,41111101,Planos Individuais/Familiares antes da Lei,account_group_411111
account_group_411111011,411111011,Planos Individuais/Familiares antes da Lei,account_group_41111101
account_group_41111102,41111102,Planos Individuais/Familiares depois da Lei,account_group_411111
account_group_411111022,411111022,Planos Individuais/Familiares depois da Lei,account_group_41111102
account_group_41111103,41111103,Planos Coletivos por Adesão antes da Lei,account_group_411111
account_group_411111033,411111033,Planos Coletivos por Adesão antes da Lei,account_group_41111103
account_group_41111104,41111104,Planos Coletivos por Adesão depois da Lei,account_group_411111
account_group_411111044,411111044,Planos Coletivos por Adesão depois da Lei,account_group_41111104
account_group_41111105,41111105,Planos Coletivos Empresariais antes da Lei,account_group_411111
account_group_411111055,411111055,Planos Coletivos Empresariais antes da Lei,account_group_41111105
account_group_41111106,41111106,Planos Coletivos Empresariais depois da Lei,account_group_411111
account_group_411111066,411111066,Planos Coletivos Empresariais depois da Lei,account_group_41111106
account_group_41111108,41111108,Corresponsabilidade Assumida,account_group_411111
account_group_411111088,411111088,Corresponsabilidade Assumida,account_group_41111108
account_group_411112,411112,Cobertura Assistencial com Preço Pós-estabelecido,account_group_41111
account_group_41111203,41111203,Planos Coletivos por Adesão antes da Lei,account_group_411112
account_group_411112033,411112033,Planos Coletivos por Adesão antes da Lei,account_group_41111203
account_group_41111204,41111204,Planos Coletivos por Adesão depois da Lei,account_group_411112
account_group_411112044,411112044,Planos Coletivos por Adesão depois da Lei,account_group_41111204
account_group_41111205,41111205,Planos Coletivos Empresariais antes da Lei,account_group_411112
account_group_411112055,411112055,Planos Coletivos Empresariais antes da Lei,account_group_41111205
account_group_41111206,41111206,Planos Coletivos Empresariais depois da Lei,account_group_411112
account_group_411112066,411112066,Planos Coletivos Empresariais depois da Lei,account_group_41111206
account_group_41111208,41111208,Corresponsabilidade Assumida,account_group_411112
account_group_411112088,411112088,Corresponsabilidade Assumida,account_group_41111208
account_group_41112,41112,EVENTOS/SINISTROS DE ASSISTÊNCIA ODONTOLÓGICA,account_group_4111
account_group_411121,411121,Cobertura Assistencial com Preço Pré-estabelecido,account_group_41112
account_group_41112101,41112101,Planos Individuais/Familiares antes da Lei,account_group_411121
account_group_411121011,411121011,Planos Individuais/Familiares antes da Lei,account_group_41112101
account_group_41112102,41112102,Planos Individuais/Familiares depois da Lei,account_group_411121
account_group_411121022,411121022,Planos Individuais/Familiares depois da Lei,account_group_41112102
account_group_41112103,41112103,Planos Coletivos por Adesão antes da Lei,account_group_411121
account_group_411121033,411121033,Planos Coletivos por Adesão antes da Lei,account_group_41112103
account_group_41112104,41112104,Planos Coletivos por Adesão depois da Lei,account_group_411121
account_group_411121044,411121044,Planos Coletivos por Adesão depois da Lei,account_group_41112104
account_group_41112105,41112105,Planos Coletivos Empresariais antes da Lei,account_group_411121
account_group_411121055,411121055,Planos Coletivos Empresariais antes da Lei,account_group_41112105
account_group_41112106,41112106,Planos Coletivos Empresariais depois da Lei,account_group_411121
account_group_411121066,411121066,Planos Coletivos Empresariais depois da Lei,account_group_41112106
account_group_41112108,41112108,Corresponsabilidade Assumida,account_group_411121
account_group_411121088,411121088,Corresponsabilidade Assumida,account_group_41112108
account_group_411122,411122,Cobertura Assistencial com Preço Pós-estabelecido,account_group_41112
account_group_41112203,41112203,Planos Coletivos por Adesão antes da Lei,account_group_411122
account_group_411122033,411122033,Planos Coletivos por Adesão antes da Lei,account_group_41112203
account_group_41112204,41112204,Planos Coletivos por Adesão depois da Lei,account_group_411122
account_group_411122044,411122044,Planos Coletivos por Adesão depois da Lei,account_group_41112204
account_group_41112205,41112205,Planos Coletivos Empresariais antes da Lei,account_group_411122
account_group_411122055,411122055,Planos Coletivos Empresariais antes da Lei,account_group_41112205
account_group_41112206,41112206,Planos Coletivos Empresariais depois da Lei,account_group_411122
account_group_411122066,411122066,Planos Coletivos Empresariais depois da Lei,account_group_41112206
account_group_41112208,41112208,Corresponsabilidade Assumida,account_group_411122
account_group_411122088,411122088,Corresponsabilidade Assumida,account_group_41112208
account_group_4112,4112,EVENTOS/ SINISTROS CONHECIDOS OU AVISADOS NA MODALIDADE DE PAGAMENTO POR CAPITATION,account_group_411
account_group_41121,41121,EVENTOS/ SINISTROS CONHECIDOS OU AVISADOS DE ASSISTÊNCIA A SAÚDE MEDICO HOSPITALAR,account_group_4112
account_group_411211,411211,Cobertura Assistencial com Preço Pré-estabelecido,account_group_41121
account_group_41121101,41121101,Planos Individuais/Familiares antes da Lei,account_group_411211
account_group_411211011,411211011,Planos Individuais/Familiares antes da Lei,account_group_41121101
account_group_41121102,41121102,Planos Individuais/Familiares depois da Lei,account_group_411211
account_group_411211022,411211022,Planos Individuais/Familiares depois da Lei,account_group_41121102
account_group_41121103,41121103,Planos Coletivos por Adesão antes da Lei,account_group_411211
account_group_411211033,411211033,Planos Coletivos por Adesão antes da Lei,account_group_41121103
account_group_41121104,41121104,Planos Coletivos por Adesão depois da Lei,account_group_411211
account_group_411211044,411211044,Planos Coletivos por Adesão depois da Lei,account_group_41121104
account_group_41121105,41121105,Planos Coletivos Empresariais antes da Lei,account_group_411211
account_group_411211055,411211055,Planos Coletivos Empresariais antes da Lei,account_group_41121105
account_group_41121106,41121106,Planos Coletivos Empresariais depois da Lei,account_group_411211
account_group_411211066,411211066,Planos Coletivos Empresariais depois da Lei,account_group_41121106
account_group_41121108,41121108,Corresponsabilidade Assumida,account_group_411211
account_group_411211088,411211088,Corresponsabilidade Assumida,account_group_41121108
account_group_411212,411212,Cobertura Assistencial com Preço Pós-estabelecido,account_group_41121
account_group_41121203,41121203,Planos Coletivos por Adesão antes da Lei,account_group_411212
account_group_411212033,411212033,Planos Coletivos por Adesão antes da Lei,account_group_41121203
account_group_41121204,41121204,Planos Coletivos por Adesão depois da Lei,account_group_411212
account_group_411212044,411212044,Planos Coletivos por Adesão depois da Lei,account_group_41121204
account_group_41121205,41121205,Planos Coletivos Empresariais antes da Lei,account_group_411212
account_group_411212055,411212055,Planos Coletivos Empresariais antes da Lei,account_group_41121205
account_group_41121206,41121206,Planos Coletivos Empresariais depois da Lei,account_group_411212
account_group_411212066,411212066,Planos Coletivos Empresariais depois da Lei,account_group_41121206
account_group_41121208,41121208,Corresponsabilidade Assumida,account_group_411212
account_group_411212088,411212088,Corresponsabilidade Assumida,account_group_41121208
account_group_41122,41122,EVENTOS/SINISTROS DE ASSISTÊNCIA ODONTOLÓGICA,account_group_4112
account_group_411221,411221,Cobertura Assistencial com Preço Pré-estabelecido,account_group_41122
account_group_41122101,41122101,Planos Individuais/Familiares antes da Lei,account_group_411221
account_group_411221011,411221011,Planos Individuais/Familiares antes da Lei,account_group_41122101
account_group_41122102,41122102,Planos Individuais/Familiares depois da Lei,account_group_411221
account_group_411221022,411221022,Planos Individuais/Familiares depois da Lei,account_group_41122102
account_group_41122103,41122103,Planos Coletivos por Adesão antes da Lei,account_group_411221
account_group_411221033,411221033,Planos Coletivos por Adesão antes da Lei,account_group_41122103
account_group_41122104,41122104,Planos Coletivos por Adesão depois da Lei,account_group_411221
account_group_411221044,411221044,Planos Coletivos por Adesão depois da Lei,account_group_41122104
account_group_41122105,41122105,Planos Coletivos Empresariais antes da Lei,account_group_411221
account_group_411221055,411221055,Planos Coletivos Empresariais antes da Lei,account_group_41122105
account_group_41122106,41122106,Planos Coletivos Empresariais depois da Lei,account_group_411221
account_group_411221066,411221066,Planos Coletivos Empresariais depois da Lei,account_group_41122106
account_group_41122108,41122108,Corresponsabilidade Assumida,account_group_411221
account_group_411221088,411221088,Corresponsabilidade Assumida,account_group_41122108
account_group_411222,411222,Cobertura Assistencial com Preço Pós-estabelecido,account_group_41122
account_group_41122203,41122203,Planos Coletivos por Adesão antes da Lei,account_group_411222
account_group_411222033,411222033,Planos Coletivos por Adesão antes da Lei,account_group_41122203
account_group_41122204,41122204,Planos Coletivos por Adesão depois da Lei,account_group_411222
account_group_411222044,411222044,Planos Coletivos por Adesão depois da Lei,account_group_41122204
account_group_41122205,41122205,Planos Coletivos Empresariais antes da Lei,account_group_411222
account_group_411222055,411222055,Planos Coletivos Empresariais antes da Lei,account_group_41122205
account_group_41122206,41122206,Planos Coletivos Empresariais depois da Lei,account_group_411222
account_group_411222066,411222066,Planos Coletivos Empresariais depois da Lei,account_group_41122206
account_group_41122208,41122208,Corresponsabilidade Assumida,account_group_411222
account_group_411222088,411222088,Corresponsabilidade Assumida,account_group_41122208
account_group_4113,4113,EVENTOS/ SINISTROS CONHECIDOS OU AVISADOS NA MODALIDADE DE PAGAMENTO POR ORÇAMENTO GLOBAL,account_group_411
account_group_41131,41131,EVENTOS/ SINISTROS CONHECIDOS OU AVISADOS DE ASSISTÊNCIA A SAÚDE MEDICO HOSPITALAR,account_group_4113
account_group_411311,411311,Cobertura Assistencial com Preço Pré-estabelecido,account_group_41131
account_group_41131101,41131101,Planos Individuais/Familiares antes da Lei,account_group_411311
account_group_411311011,411311011,Planos Individuais/Familiares antes da Lei,account_group_41131101
account_group_41131102,41131102,Planos Individuais/Familiares depois da Lei,account_group_411311
account_group_411311022,411311022,Planos Individuais/Familiares depois da Lei,account_group_41131102
account_group_41131103,41131103,Planos Coletivos por Adesão antes da Lei,account_group_411311
account_group_411311033,411311033,Planos Coletivos por Adesão antes da Lei,account_group_41131103
account_group_41131104,41131104,Planos Coletivos por Adesão depois da Lei,account_group_411311
account_group_411311044,411311044,Planos Coletivos por Adesão depois da Lei,account_group_41131104
account_group_41131105,41131105,Planos Coletivos Empresariais antes da Lei,account_group_411311
account_group_411311055,411311055,Planos Coletivos Empresariais antes da Lei,account_group_41131105
account_group_41131106,41131106,Planos Coletivos Empresariais depois da Lei,account_group_411311
account_group_411311066,411311066,Planos Coletivos Empresariais depois da Lei,account_group_41131106
account_group_41131108,41131108,Corresponsabilidade Assumida,account_group_411311
account_group_411311088,411311088,Corresponsabilidade Assumida,account_group_41131108
account_group_411312,411312,Cobertura Assistencial com Preço Pós-estabelecido,account_group_41131
account_group_41131203,41131203,Planos Coletivos por Adesão antes da Lei,account_group_411312
account_group_411312033,411312033,Planos Coletivos por Adesão antes da Lei,account_group_41131203
account_group_41131204,41131204,Planos Coletivos por Adesão depois da Lei,account_group_411312
account_group_411312044,411312044,Planos Coletivos por Adesão depois da Lei,account_group_41131204
account_group_41131205,41131205,Planos Coletivos Empresariais antes da Lei,account_group_411312
account_group_411312055,411312055,Planos Coletivos Empresariais antes da Lei,account_group_41131205
account_group_41131206,41131206,Planos Coletivos Empresariais depois da Lei,account_group_411312
account_group_411312066,411312066,Planos Coletivos Empresariais depois da Lei,account_group_41131206
account_group_41131208,41131208,Corresponsabilidade Assumida,account_group_411312
account_group_411312088,411312088,Corresponsabilidade Assumida,account_group_41131208
account_group_41132,41132,EVENTOS/SINISTROS DE ASSISTÊNCIA ODONTOLÓGICA,account_group_4113
account_group_411321,411321,Cobertura Assistencial com Preço Pré-estabelecido,account_group_41132
account_group_41132101,41132101,Planos Individuais/Familiares antes da Lei,account_group_411321
account_group_411321011,411321011,Planos Individuais/Familiares antes da Lei,account_group_41132101
account_group_41132102,41132102,Planos Individuais/Familiares depois da Lei,account_group_411321
account_group_411321022,411321022,Planos Individuais/Familiares depois da Lei,account_group_41132102
account_group_41132103,41132103,Planos Coletivos por Adesão antes da Lei,account_group_411321
account_group_411321033,411321033,Planos Coletivos por Adesão antes da Lei,account_group_41132103
account_group_41132104,41132104,Planos Coletivos por Adesão depois da Lei,account_group_411321
account_group_411321044,411321044,Planos Coletivos por Adesão depois da Lei,account_group_41132104
account_group_41132105,41132105,Planos Coletivos Empresariais antes da Lei,account_group_411321
account_group_411321055,411321055,Planos Coletivos Empresariais antes da Lei,account_group_41132105
account_group_41132106,41132106,Planos Coletivos Empresariais depois da Lei,account_group_411321
account_group_411321066,411321066,Planos Coletivos Empresariais depois da Lei,account_group_41132106
account_group_41132108,41132108,Corresponsabilidade Assumida,account_group_411321
account_group_411321088,411321088,Corresponsabilidade Assumida,account_group_41132108
account_group_411322,411322,Cobertura Assistencial com Preço Pós-estabelecido,account_group_41132
account_group_41132203,41132203,Planos Coletivos por Adesão antes da Lei,account_group_411322
account_group_411322033,411322033,Planos Coletivos por Adesão antes da Lei,account_group_41132203
account_group_41132204,41132204,Planos Coletivos por Adesão depois da Lei,account_group_411322
account_group_411322044,411322044,Planos Coletivos por Adesão depois da Lei,account_group_41132204
account_group_41132205,41132205,Planos Coletivos Empresariais antes da Lei,account_group_411322
account_group_411322055,411322055,Planos Coletivos Empresariais antes da Lei,account_group_41132205
account_group_41132206,41132206,Planos Coletivos Empresariais depois da Lei,account_group_411322
account_group_411322066,411322066,Planos Coletivos Empresariais depois da Lei,account_group_41132206
account_group_41132208,41132208,Corresponsabilidade Assumida,account_group_411322
account_group_411322088,411322088,Corresponsabilidade Assumida,account_group_41132208
account_group_4114,4114,EVENTOS/ SINISTROS CONHECIDOS OU AVISADOS NA MODALIDADE DE PAGAMENTO POR PACOTE,account_group_411
account_group_41141,41141,EVENTOS/ SINISTROS CONHECIDOS OU AVISADOS DE ASSISTÊNCIA A SAÚDE MEDICO HOSPITALAR,account_group_4114
account_group_411411,411411,Cobertura Assistencial com Preço Pré-estabelecido,account_group_41141
account_group_41141101,41141101,Planos Individuais/Familiares antes da Lei,account_group_411411
account_group_411411011,411411011,Planos Individuais/Familiares antes da Lei,account_group_41141101
account_group_41141102,41141102,Planos Individuais/Familiares depois da Lei,account_group_411411
account_group_411411022,411411022,Planos Individuais/Familiares depois da Lei,account_group_41141102
account_group_41141103,41141103,Planos Coletivos por Adesão antes da Lei,account_group_411411
account_group_411411033,411411033,Planos Coletivos por Adesão antes da Lei,account_group_41141103
account_group_41141104,41141104,Planos Coletivos por Adesão depois da Lei,account_group_411411
account_group_411411044,411411044,Planos Coletivos por Adesão depois da Lei,account_group_41141104
account_group_41141105,41141105,Planos Coletivos Empresariais antes da Lei,account_group_411411
account_group_411411055,411411055,Planos Coletivos Empresariais antes da Lei,account_group_41141105
account_group_41141106,41141106,Planos Coletivos Empresariais depois da Lei,account_group_411411
account_group_411411066,411411066,Planos Coletivos Empresariais depois da Lei,account_group_41141106
account_group_41141108,41141108,Corresponsabilidade Assumida,account_group_411411
account_group_411411088,411411088,Corresponsabilidade Assumida,account_group_41141108
account_group_411412,411412,Cobertura Assistencial com Preço Pós-estabelecido,account_group_41141
account_group_41141203,41141203,Planos Coletivos por Adesão antes da Lei,account_group_411412
account_group_411412033,411412033,Planos Coletivos por Adesão antes da Lei,account_group_41141203
account_group_41141204,41141204,Planos Coletivos por Adesão depois da Lei,account_group_411412
account_group_411412044,411412044,Planos Coletivos por Adesão depois da Lei,account_group_41141204
account_group_41141205,41141205,Planos Coletivos Empresariais antes da Lei,account_group_411412
account_group_411412055,411412055,Planos Coletivos Empresariais antes da Lei,account_group_41141205
account_group_41141206,41141206,Planos Coletivos Empresariais depois da Lei,account_group_411412
account_group_411412066,411412066,Planos Coletivos Empresariais depois da Lei,account_group_41141206
account_group_41141208,41141208,Corresponsabilidade Assumida,account_group_411412
account_group_411412088,411412088,Corresponsabilidade Assumida,account_group_41141208
account_group_41142,41142,EVENTOS/SINISTROS DE ASSISTÊNCIA ODONTOLÓGICA,account_group_4114
account_group_411421,411421,Cobertura Assistencial com Preço Pré-estabelecido,account_group_41142
account_group_41142101,41142101,Planos Individuais/Familiares antes da Lei,account_group_411421
account_group_411421011,411421011,Planos Individuais/Familiares antes da Lei,account_group_41142101
account_group_41142102,41142102,Planos Individuais/Familiares depois da Lei,account_group_411421
account_group_411421022,411421022,Planos Individuais/Familiares depois da Lei,account_group_41142102
account_group_41142103,41142103,Planos Coletivos por Adesão antes da Lei,account_group_411421
account_group_411421033,411421033,Planos Coletivos por Adesão antes da Lei,account_group_41142103
account_group_41142104,41142104,Planos Coletivos por Adesão depois da Lei,account_group_411421
account_group_411421044,411421044,Planos Coletivos por Adesão depois da Lei,account_group_41142104
account_group_41142105,41142105,Planos Coletivos Empresariais antes da Lei,account_group_411421
account_group_411421055,411421055,Planos Coletivos Empresariais antes da Lei,account_group_41142105
account_group_41142106,41142106,Planos Coletivos Empresariais depois da Lei,account_group_411421
account_group_411421066,411421066,Planos Coletivos Empresariais depois da Lei,account_group_41142106
account_group_41142108,41142108,Corresponsabilidade Assumida,account_group_411421
account_group_411421088,411421088,Corresponsabilidade Assumida,account_group_41142108
account_group_411422,411422,Cobertura Assistencial com Preço Pós-estabelecido,account_group_41142
account_group_41142203,41142203,Planos Coletivos por Adesão antes da Lei,account_group_411422
account_group_411422033,411422033,Planos Coletivos por Adesão antes da Lei,account_group_41142203
account_group_41142204,41142204,Planos Coletivos por Adesão depois da Lei,account_group_411422
account_group_411422044,411422044,Planos Coletivos por Adesão depois da Lei,account_group_41142204
account_group_41142205,41142205,Planos Coletivos Empresariais antes da Lei,account_group_411422
account_group_411422055,411422055,Planos Coletivos Empresariais antes da Lei,account_group_41142205
account_group_41142206,41142206,Planos Coletivos Empresariais depois da Lei,account_group_411422
account_group_411422066,411422066,Planos Coletivos Empresariais depois da Lei,account_group_41142206
account_group_41142208,41142208,Corresponsabilidade Assumida,account_group_411422
account_group_411422088,411422088,Corresponsabilidade Assumida,account_group_41142208
account_group_4115,4115,EVENTOS/ SINISTROS CONHECIDOS OU AVISADOS POR RATEIO DE CUSTOS DE RECURSOS PRÓPRIOS,account_group_411
account_group_41151,41151,EVENTOS/ SINISTROS CONHECIDOS OU AVISADOS DE ASSISTÊNCIA A SAÚDE MEDICO HOSPITALAR,account_group_4115
account_group_411511,411511,Cobertura Assistencial com Preço Pré-estabelecido,account_group_41151
account_group_41151101,41151101,Planos Individuais/Familiares antes da Lei,account_group_411511
account_group_411511011,411511011,Planos Individuais/Familiares antes da Lei,account_group_41151101
account_group_41151102,41151102,Planos Individuais/Familiares depois da Lei,account_group_411511
account_group_411511022,411511022,Planos Individuais/Familiares depois da Lei,account_group_41151102
account_group_41151103,41151103,Planos Coletivos por Adesão antes da Lei,account_group_411511
account_group_411511033,411511033,Planos Coletivos por Adesão antes da Lei,account_group_41151103
account_group_41151104,41151104,Planos Coletivos por Adesão depois da Lei,account_group_411511
account_group_411511044,411511044,Planos Coletivos por Adesão depois da Lei,account_group_41151104
account_group_41151105,41151105,Planos Coletivos Empresariais antes da Lei,account_group_411511
account_group_411511055,411511055,Planos Coletivos Empresariais antes da Lei,account_group_41151105
account_group_41151106,41151106,Planos Coletivos Empresariais depois da Lei,account_group_411511
account_group_411511066,411511066,Planos Coletivos Empresariais depois da Lei,account_group_41151106
account_group_41151108,41151108,Corresponsabilidade Assumida,account_group_411511
account_group_411511088,411511088,Corresponsabilidade Assumida,account_group_41151108
account_group_411512,411512,Cobertura Assistencial com Preço Pós-estabelecido,account_group_41151
account_group_41151203,41151203,Planos Coletivos por Adesão antes da Lei,account_group_411512
account_group_411512033,411512033,Planos Coletivos por Adesão antes da Lei,account_group_41151203
account_group_41151204,41151204,Planos Coletivos por Adesão depois da Lei,account_group_411512
account_group_411512044,411512044,Planos Coletivos por Adesão depois da Lei,account_group_41151204
account_group_41151205,41151205,Planos Coletivos Empresariais antes da Lei,account_group_411512
account_group_411512055,411512055,Planos Coletivos Empresariais antes da Lei,account_group_41151205
account_group_41151206,41151206,Planos Coletivos Empresariais depois da Lei,account_group_411512
account_group_411512066,411512066,Planos Coletivos Empresariais depois da Lei,account_group_41151206
account_group_41151208,41151208,Corresponsabilidade Assumida,account_group_411512
account_group_411512088,411512088,Corresponsabilidade Assumida,account_group_41151208
account_group_41152,41152,EVENTOS/SINISTROS DE ASSISTÊNCIA ODONTOLÓGICA,account_group_4115
account_group_411521,411521,Cobertura Assistencial com Preço Pré-estabelecido,account_group_41152
account_group_41152101,41152101,Planos Individuais/Familiares antes da Lei,account_group_411521
account_group_411521011,411521011,Planos Individuais/Familiares antes da Lei,account_group_41152101
account_group_41152102,41152102,Planos Individuais/Familiares depois da Lei,account_group_411521
account_group_411521022,411521022,Planos Individuais/Familiares depois da Lei,account_group_41152102
account_group_41152103,41152103,Planos Coletivos por Adesão antes da Lei,account_group_411521
account_group_411521033,411521033,Planos Coletivos por Adesão antes da Lei,account_group_41152103
account_group_41152104,41152104,Planos Coletivos por Adesão depois da Lei,account_group_411521
account_group_411521044,411521044,Planos Coletivos por Adesão depois da Lei,account_group_41152104
account_group_41152105,41152105,Planos Coletivos Empresariais antes da Lei,account_group_411521
account_group_411521055,411521055,Planos Coletivos Empresariais antes da Lei,account_group_41152105
account_group_41152106,41152106,Planos Coletivos Empresariais depois da Lei,account_group_411521
account_group_411521066,411521066,Planos Coletivos Empresariais depois da Lei,account_group_41152106
account_group_41152108,41152108,Corresponsabilidade Assumida,account_group_411521
account_group_411521088,411521088,Corresponsabilidade Assumida,account_group_41152108
account_group_411522,411522,Cobertura Assistencial com Preço Pós-estabelecido,account_group_41152
account_group_41152203,41152203,Planos Coletivos por Adesão antes da Lei,account_group_411522
account_group_411522033,411522033,Planos Coletivos por Adesão antes da Lei,account_group_41152203
account_group_41152204,41152204,Planos Coletivos por Adesão depois da Lei,account_group_411522
account_group_411522044,411522044,Planos Coletivos por Adesão depois da Lei,account_group_41152204
account_group_41152205,41152205,Planos Coletivos Empresariais antes da Lei,account_group_411522
account_group_411522055,411522055,Planos Coletivos Empresariais antes da Lei,account_group_41152205
account_group_41152206,41152206,Planos Coletivos Empresariais depois da Lei,account_group_411522
account_group_411522066,411522066,Planos Coletivos Empresariais depois da Lei,account_group_41152206
account_group_41152208,41152208,Corresponsabilidade Assumida,account_group_411522
account_group_411522088,411522088,Corresponsabilidade Assumida,account_group_41152208
account_group_4116,4116,EVENTOS/ SINISTROS CONHECIDOS OU AVISADOS PRESTADOS POR REDE INDIRETA,account_group_411
account_group_41161,41161,EVENTOS/ SINISTROS CONHECIDOS OU AVISADOS DE ASSISTÊNCIA A SAÚDE MEDICO HOSPITALAR,account_group_4116
account_group_411611,411611,Cobertura Assistencial com Preço Pré-estabelecido,account_group_41161
account_group_41161101,41161101,Planos Individuais/Familiares antes da Lei,account_group_411611
account_group_411611011,411611011,Planos Individuais/Familiares antes da Lei,account_group_41161101
account_group_41161102,41161102,Planos Individuais/Familiares depois da Lei,account_group_411611
account_group_411611022,411611022,Planos Individuais/Familiares depois da Lei,account_group_41161102
account_group_41161103,41161103,Planos Coletivos por Adesão antes da Lei,account_group_411611
account_group_411611033,411611033,Planos Coletivos por Adesão antes da Lei,account_group_41161103
account_group_41161104,41161104,Planos Coletivos por Adesão depois da Lei,account_group_411611
account_group_411611044,411611044,Planos Coletivos por Adesão depois da Lei,account_group_41161104
account_group_41161105,41161105,Planos Coletivos Empresariais antes da Lei,account_group_411611
account_group_411611055,411611055,Planos Coletivos Empresariais antes da Lei,account_group_41161105
account_group_41161106,41161106,Planos Coletivos Empresariais depois da Lei,account_group_411611
account_group_411611066,411611066,Planos Coletivos Empresariais depois da Lei,account_group_41161106
account_group_411612,411612,Cobertura Assistencial com Preço Pós-estabelecido,account_group_41161
account_group_41161203,41161203,Planos Coletivos por Adesão antes da Lei,account_group_411612
account_group_411612033,411612033,Planos Coletivos por Adesão antes da Lei,account_group_41161203
account_group_41161204,41161204,Planos Coletivos por Adesão depois da Lei,account_group_411612
account_group_411612044,411612044,Planos Coletivos por Adesão depois da Lei,account_group_41161204
account_group_41161205,41161205,Planos Coletivos Empresariais antes da Lei,account_group_411612
account_group_411612055,411612055,Planos Coletivos Empresariais antes da Lei,account_group_41161205
account_group_41161206,41161206,Planos Coletivos Empresariais depois da Lei,account_group_411612
account_group_411612066,411612066,Planos Coletivos Empresariais depois da Lei,account_group_41161206
account_group_41162,41162,EVENTOS/SINISTROS DE ASSISTÊNCIA ODONTOLÓGICA,account_group_4116
account_group_411621,411621,Cobertura Assistencial com Preço Pré-estabelecido,account_group_41162
account_group_41162101,41162101,Planos Individuais/Familiares antes da Lei,account_group_411621
account_group_411621011,411621011,Planos Individuais/Familiares antes da Lei,account_group_41162101
account_group_41162102,41162102,Planos Individuais/Familiares depois da Lei,account_group_411621
account_group_411621022,411621022,Planos Individuais/Familiares depois da Lei,account_group_41162102
account_group_41162103,41162103,Planos Coletivos por Adesão antes da Lei,account_group_411621
account_group_411621033,411621033,Planos Coletivos por Adesão antes da Lei,account_group_41162103
account_group_41162104,41162104,Planos Coletivos por Adesão depois da Lei,account_group_411621
account_group_411621044,411621044,Planos Coletivos por Adesão depois da Lei,account_group_41162104
account_group_41162105,41162105,Planos Coletivos Empresariais antes da Lei,account_group_411621
account_group_411621055,411621055,Planos Coletivos Empresariais antes da Lei,account_group_41162105
account_group_41162106,41162106,Planos Coletivos Empresariais depois da Lei,account_group_411621
account_group_411621066,411621066,Planos Coletivos Empresariais depois da Lei,account_group_41162106
account_group_411622,411622,Cobertura Assistencial com Preço Pós-estabelecido,account_group_41162
account_group_41162203,41162203,Planos Coletivos por Adesão antes da Lei,account_group_411622
account_group_411622033,411622033,Planos Coletivos por Adesão antes da Lei,account_group_41162203
account_group_41162204,41162204,Planos Coletivos por Adesão depois da Lei,account_group_411622
account_group_411622044,411622044,Planos Coletivos por Adesão depois da Lei,account_group_41162204
account_group_41162205,41162205,Planos Coletivos Empresariais antes da Lei,account_group_411622
account_group_411622055,411622055,Planos Coletivos Empresariais antes da Lei,account_group_41162205
account_group_41162206,41162206,Planos Coletivos Empresariais depois da Lei,account_group_411622
account_group_411622066,411622066,Planos Coletivos Empresariais depois da Lei,account_group_41162206
account_group_4117,4117,EVENTOS/ SINISTROS CONHECIDOS OU AVISADOS - REEMBOLSO,account_group_411
account_group_41171,41171,EVENTOS/ SINISTROS CONHECIDOS OU AVISADOS DE ASSISTÊNCIA A SAÚDE MEDICO HOSPITALAR,account_group_4117
account_group_411711,411711,Cobertura Assistencial com Preço Pré-estabelecido,account_group_41171
account_group_41171101,41171101,Planos Individuais/Familiares antes da Lei,account_group_411711
account_group_411711011,411711011,Planos Individuais/Familiares antes da Lei,account_group_41171101
account_group_41171102,41171102,Planos Individuais/Familiares depois da Lei,account_group_411711
account_group_411711022,411711022,Planos Individuais/Familiares depois da Lei,account_group_41171102
account_group_41171103,41171103,Planos Coletivos por Adesão antes da Lei,account_group_411711
account_group_411711033,411711033,Planos Coletivos por Adesão antes da Lei,account_group_41171103
account_group_41171104,41171104,Planos Coletivos por Adesão depois da Lei,account_group_411711
account_group_411711044,411711044,Planos Coletivos por Adesão depois da Lei,account_group_41171104
account_group_41171105,41171105,Planos Coletivos Empresariais antes da Lei,account_group_411711
account_group_411711055,411711055,Planos Coletivos Empresariais antes da Lei,account_group_41171105
account_group_41171106,41171106,Planos Coletivos Empresariais depois da Lei,account_group_411711
account_group_411711066,411711066,Planos Coletivos Empresariais depois da Lei,account_group_41171106
account_group_411712,411712,Cobertura Assistencial com Preço Pós-estabelecido,account_group_41171
account_group_41171203,41171203,Planos Coletivos por Adesão antes da Lei,account_group_411712
account_group_411712033,411712033,Planos Coletivos por Adesão antes da Lei,account_group_41171203
account_group_41171204,41171204,Planos Coletivos por Adesão depois da Lei,account_group_411712
account_group_411712044,411712044,Planos Coletivos por Adesão depois da Lei,account_group_41171204
account_group_41171205,41171205,Planos Coletivos Empresariais antes da Lei,account_group_411712
account_group_411712055,411712055,Planos Coletivos Empresariais antes da Lei,account_group_41171205
account_group_41171206,41171206,Planos Coletivos Empresariais depois da Lei,account_group_411712
account_group_411712066,411712066,Planos Coletivos Empresariais depois da Lei,account_group_41171206
account_group_41172,41172,EVENTOS/SINISTROS DE ASSISTÊNCIA ODONTOLÓGICA,account_group_4117
account_group_411721,411721,Cobertura Assistencial com Preço Pré-estabelecido,account_group_41172
account_group_41172101,41172101,Planos Individuais/Familiares antes da Lei,account_group_411721
account_group_411721011,411721011,Planos Individuais/Familiares antes da Lei,account_group_41172101
account_group_41172102,41172102,Planos Individuais/Familiares depois da Lei,account_group_411721
account_group_411721022,411721022,Planos Individuais/Familiares depois da Lei,account_group_41172102
account_group_41172103,41172103,Planos Coletivos por Adesão antes da Lei,account_group_411721
account_group_411721033,411721033,Planos Coletivos por Adesão antes da Lei,account_group_41172103
account_group_41172104,41172104,Planos Coletivos por Adesão depois da Lei,account_group_411721
account_group_411721044,411721044,Planos Coletivos por Adesão depois da Lei,account_group_41172104
account_group_41172105,41172105,Planos Coletivos Empresariais antes da Lei,account_group_411721
account_group_411721055,411721055,Planos Coletivos Empresariais antes da Lei,account_group_41172105
account_group_41172106,41172106,Planos Coletivos Empresariais depois da Lei,account_group_411721
account_group_411721066,411721066,Planos Coletivos Empresariais depois da Lei,account_group_41172106
account_group_411722,411722,Cobertura Assistencial com Preço Pós-estabelecido,account_group_41172
account_group_41172203,41172203,Planos Coletivos por Adesão antes da Lei,account_group_411722
account_group_411722033,411722033,Planos Coletivos por Adesão antes da Lei,account_group_41172203
account_group_41172204,41172204,Planos Coletivos por Adesão depois da Lei,account_group_411722
account_group_411722044,411722044,Planos Coletivos por Adesão depois da Lei,account_group_41172204
account_group_41172205,41172205,Planos Coletivos Empresariais antes da Lei,account_group_411722
account_group_411722055,411722055,Planos Coletivos Empresariais antes da Lei,account_group_41172205
account_group_41172206,41172206,Planos Coletivos Empresariais depois da Lei,account_group_411722
account_group_411722066,411722066,Planos Coletivos Empresariais depois da Lei,account_group_41172206
account_group_4118,4118,EVENTOS/ SINISTROS CONHECIDOS OU AVISADOS NO SISTEMA ÚNICO DE SAÚDE - SUS,account_group_411
account_group_41181,41181,EVENTOS/ SINISTROS CONHECIDOS OU AVISADOS DE ASSISTÊNCIA A SAÚDE MEDICO HOSPITALAR,account_group_4118
account_group_411811,411811,Cobertura Assistencial com Preço Pré-estabelecido,account_group_41181
account_group_41181101,41181101,Planos Individuais/Familiares antes da Lei,account_group_411811
account_group_411811011,411811011,Planos Individuais/Familiares antes da Lei,account_group_41181101
account_group_41181102,41181102,Planos Individuais/Familiares depois da Lei,account_group_411811
account_group_411811022,411811022,Planos Individuais/Familiares depois da Lei,account_group_41181102
account_group_41181103,41181103,Planos Coletivos por Adesão antes da Lei,account_group_411811
account_group_411811033,411811033,Planos Coletivos por Adesão antes da Lei,account_group_41181103
account_group_41181104,41181104,Planos Coletivos por Adesão depois da Lei,account_group_411811
account_group_411811044,411811044,Planos Coletivos por Adesão depois da Lei,account_group_41181104
account_group_41181105,41181105,Planos Coletivos Empresariais antes da Lei,account_group_411811
account_group_411811055,411811055,Planos Coletivos Empresariais antes da Lei,account_group_41181105
account_group_41181106,41181106,Planos Coletivos Empresariais depois da Lei,account_group_411811
account_group_411811066,411811066,Planos Coletivos Empresariais depois da Lei,account_group_41181106
account_group_411812,411812,Cobertura Assistencial com Preço Pós-estabelecido,account_group_41181
account_group_41181203,41181203,Planos Coletivos por Adesão antes da Lei,account_group_411812
account_group_411812033,411812033,Planos Coletivos por Adesão antes da Lei,account_group_41181203
account_group_41181204,41181204,Planos Coletivos por Adesão depois da Lei,account_group_411812
account_group_411812044,411812044,Planos Coletivos por Adesão depois da Lei,account_group_41181204
account_group_41181205,41181205,Planos Coletivos Empresariais antes da Lei,account_group_411812
account_group_411812055,411812055,Planos Coletivos Empresariais antes da Lei,account_group_41181205
account_group_41181206,41181206,Planos Coletivos Empresariais depois da Lei,account_group_411812
account_group_411812066,411812066,Planos Coletivos Empresariais depois da Lei,account_group_41181206
account_group_41182,41182,EVENTOS/SINISTROS DE ASSISTÊNCIA ODONTOLÓGICA,account_group_4118
account_group_411821,411821,Cobertura Assistencial com Preço Pré-estabelecido,account_group_41182
account_group_41182101,41182101,Planos Individuais/Familiares antes da Lei,account_group_411821
account_group_411821011,411821011,Planos Individuais/Familiares antes da Lei,account_group_41182101
account_group_41182102,41182102,Planos Individuais/Familiares depois da Lei,account_group_411821
account_group_411821022,411821022,Planos Individuais/Familiares depois da Lei,account_group_41182102
account_group_41182103,41182103,Planos Coletivos por Adesão antes da Lei,account_group_411821
account_group_411821033,411821033,Planos Coletivos por Adesão antes da Lei,account_group_41182103
account_group_41182104,41182104,Planos Coletivos por Adesão depois da Lei,account_group_411821
account_group_411821044,411821044,Planos Coletivos por Adesão depois da Lei,account_group_41182104
account_group_41182105,41182105,Planos Coletivos Empresariais antes da Lei,account_group_411821
account_group_411821055,411821055,Planos Coletivos Empresariais antes da Lei,account_group_41182105
account_group_41182106,41182106,Planos Coletivos Empresariais depois da Lei,account_group_411821
account_group_411821066,411821066,Planos Coletivos Empresariais depois da Lei,account_group_41182106
account_group_411822,411822,Cobertura Assistencial com Preço Pós-estabelecido,account_group_41182
account_group_41182203,41182203,Planos Coletivos por Adesão antes da Lei,account_group_411822
account_group_411822033,411822033,Planos Coletivos por Adesão antes da Lei,account_group_41182203
account_group_41182204,41182204,Planos Coletivos por Adesão depois da Lei,account_group_411822
account_group_411822044,411822044,Planos Coletivos por Adesão depois da Lei,account_group_41182204
account_group_41182205,41182205,Planos Coletivos Empresariais antes da Lei,account_group_411822
account_group_411822055,411822055,Planos Coletivos Empresariais antes da Lei,account_group_41182205
account_group_41182206,41182206,Planos Coletivos Empresariais depois da Lei,account_group_411822
account_group_411822066,411822066,Planos Coletivos Empresariais depois da Lei,account_group_41182206
account_group_4119,4119,EVENTOS/ SINISTROS CONHECIDOS OU AVISADOS EM OUTRAS FORMAS DE PAGAMENTO,account_group_411
account_group_41191,41191,EVENTOS/ SINISTROS CONHECIDOS OU AVISADOS DE ASSISTÊNCIA A SAÚDE MEDICO HOSPITALAR,account_group_4119
account_group_411911,411911,Cobertura Assistencial com Preço Pré-estabelecido,account_group_41191
account_group_41191101,41191101,Planos Individuais/Familiares antes da Lei,account_group_411911
account_group_411911011,411911011,Planos Individuais/Familiares antes da Lei,account_group_41191101
account_group_41191102,41191102,Planos Individuais/Familiares depois da Lei,account_group_411911
account_group_411911022,411911022,Planos Individuais/Familiares depois da Lei,account_group_41191102
account_group_41191103,41191103,Planos Coletivos por Adesão antes da Lei,account_group_411911
account_group_411911033,411911033,Planos Coletivos por Adesão antes da Lei,account_group_41191103
account_group_41191104,41191104,Planos Coletivos por Adesão depois da Lei,account_group_411911
account_group_411911044,411911044,Planos Coletivos por Adesão depois da Lei,account_group_41191104
account_group_41191105,41191105,Planos Coletivos Empresariais antes da Lei,account_group_411911
account_group_411911055,411911055,Planos Coletivos Empresariais antes da Lei,account_group_41191105
account_group_41191106,41191106,Planos Coletivos Empresariais depois da Lei,account_group_411911
account_group_411911066,411911066,Planos Coletivos Empresariais depois da Lei,account_group_41191106
account_group_41191108,41191108,Corresponsabilidade Assumida,account_group_411911
account_group_411911088,411911088,Corresponsabilidade Assumida,account_group_41191108
account_group_411912,411912,Cobertura Assistencial com Preço Pós-estabelecido,account_group_41191
account_group_41191203,41191203,Planos Coletivos por Adesão antes da Lei,account_group_411912
account_group_411912033,411912033,Planos Coletivos por Adesão antes da Lei,account_group_41191203
account_group_41191204,41191204,Planos Coletivos por Adesão depois da Lei,account_group_411912
account_group_411912044,411912044,Planos Coletivos por Adesão depois da Lei,account_group_41191204
account_group_41191205,41191205,Planos Coletivos Empresariais antes da Lei,account_group_411912
account_group_411912055,411912055,Planos Coletivos Empresariais antes da Lei,account_group_41191205
account_group_41191206,41191206,Planos Coletivos Empresariais depois da Lei,account_group_411912
account_group_411912066,411912066,Planos Coletivos Empresariais depois da Lei,account_group_41191206
account_group_41191208,41191208,Corresponsabilidade Assumida,account_group_411912
account_group_411912088,411912088,Corresponsabilidade Assumida,account_group_41191208
account_group_41192,41192,EVENTOS/SINISTROS DE ASSISTÊNCIA ODONTOLÓGICA,account_group_4119
account_group_411921,411921,Cobertura Assistencial com Preço Pré-estabelecido,account_group_41192
account_group_41192101,41192101,Planos Individuais/Familiares antes da Lei,account_group_411921
account_group_411921011,411921011,Planos Individuais/Familiares antes da Lei,account_group_41192101
account_group_41192102,41192102,Planos Individuais/Familiares depois da Lei,account_group_411921
account_group_411921022,411921022,Planos Individuais/Familiares depois da Lei,account_group_41192102
account_group_41192103,41192103,Planos Coletivos por Adesão antes da Lei,account_group_411921
account_group_411921033,411921033,Planos Coletivos por Adesão antes da Lei,account_group_41192103
account_group_41192104,41192104,Planos Coletivos por Adesão depois da Lei,account_group_411921
account_group_411921044,411921044,Planos Coletivos por Adesão depois da Lei,account_group_41192104
account_group_41192105,41192105,Planos Coletivos Empresariais antes da Lei,account_group_411921
account_group_411921055,411921055,Planos Coletivos Empresariais antes da Lei,account_group_41192105
account_group_41192106,41192106,Planos Coletivos Empresariais depois da Lei,account_group_411921
account_group_411921066,411921066,Planos Coletivos Empresariais depois da Lei,account_group_41192106
account_group_41192108,41192108,Corresponsabilidade Assumida,account_group_411921
account_group_411921088,411921088,Corresponsabilidade Assumida,account_group_41192108
account_group_411922,411922,Cobertura Assistencial com Preço Pós-estabelecido,account_group_41192
account_group_41192203,41192203,Planos Coletivos por Adesão antes da Lei,account_group_411922
account_group_411922033,411922033,Planos Coletivos por Adesão antes da Lei,account_group_41192203
account_group_41192204,41192204,Planos Coletivos por Adesão depois da Lei,account_group_411922
account_group_411922044,411922044,Planos Coletivos por Adesão depois da Lei,account_group_41192204
account_group_41192205,41192205,Planos Coletivos Empresariais antes da Lei,account_group_411922
account_group_411922055,411922055,Planos Coletivos Empresariais antes da Lei,account_group_41192205
account_group_41192206,41192206,Planos Coletivos Empresariais depois da Lei,account_group_411922
account_group_411922066,411922066,Planos Coletivos Empresariais depois da Lei,account_group_41192206
account_group_41192208,41192208,Corresponsabilidade Assumida,account_group_411922
account_group_411922088,411922088,Corresponsabilidade Assumida,account_group_41192208
account_group_414,414,VARIAÇÃO DA PROVISÃO DE EVENTOS/SINISTROS OCORRIDOS E NÃO AVISADOS,account_group_41
account_group_4141,4141,VARIAÇÃO DA PROVISÃO DE EVENTOS/SINISTROS OCORRIDOS E NÃO AVISADOS DE ASSISTÊNCIA A SAÚDE,account_group_414
account_group_41411,41411,VARIAÇÃO DA PROVISÃO DE EVENTOS/SINISTROS OCORRIDOS E NÃO AVISADOS DE ASSISTÊNCIA MÉDICO-HOSPITALAR,account_group_4141
account_group_414119,414119,Variação da Provisão de Eventos/Sinistros Ocorridos e Não Avisados de Assistência Médico- Hospitalar,account_group_41411
account_group_41411901,41411901,Variação da Provisão de Eventos/Sinistros Ocorridos e Não Avisados de Assistência Médico- Hospitalar,account_group_414119
account_group_414119011,414119011,Variação da Provisão de Eventos/Sinistros Ocorridos e Não Avisados de Assistência Médico- Hospitalar,account_group_41411901
account_group_41412,41412,VARIAÇÃO DA PROVISÃO DE EVENTOS/SINISTROS OCORRIDOS E NÃO AVISADOS DE ASSISTÊNCIA ODONTOLÓGICA,account_group_4141
account_group_414129,414129,Variação da Provisão de Eventos/Sinistros Ocorridos e Não Avisados de Assistência Odontológica,account_group_41412
account_group_41412901,41412901,Variação da Provisão de Eventos/Sinistros Ocorridos e Não Avisados de Assistência Odontológica,account_group_414129
account_group_414129011,414129011,Variação da Provisão de Eventos/Sinistros Ocorridos e Não Avisados de Assistência Odontológica,account_group_41412901
account_group_415,415,DESPESAS DE RESSEGURO,account_group_41
account_group_4151,4151,PRÊMIOS DE RESSEGURO,account_group_415
account_group_41511,41511,COBERTURA ASSISTENCIAL MÉDICO-HOSPITALAR,account_group_4151
account_group_415111,415111,Cobertura Assistencial com Preço Preestabelecido,account_group_41511
account_group_41511101,41511101,Cobertura Assistencial com Preço Preestabelecido,account_group_415111
account_group_415111011,415111011,Cobertura Assistencial com Preço Preestabelecido,account_group_41511101
account_group_41512,41512,COBERTURA ASSISTENCIAL ODONTOLÓGICA,account_group_4151
account_group_415121,415121,Cobertura Assistencial com Preço Preestabelecido,account_group_41512
account_group_41512101,41512101,Cobertura Assistencial com Preço Preestabelecido,account_group_415121
account_group_415121011,415121011,Cobertura Assistencial com Preço Preestabelecido,account_group_41512101
account_group_4152,4152,OUTRAS DESPESAS DE RESSEGURO,account_group_415
account_group_41521,41521,OUTRAS DESPESAS DE RESSEGURO,account_group_4152
account_group_415211,415211,Outras Despesas de Resseguro,account_group_41521
account_group_41521101,41521101,Outras Despesas de Resseguro,account_group_415211
account_group_415211011,415211011,Outras Despesas de Resseguro,account_group_41521101
account_group_416,416,DESPESAS DE SEGURO,account_group_41
account_group_4161,4161,PRÊMIOS DE SEGURO,account_group_416
account_group_41611,41611,COBERTURA ASSISTENCIAL MÉDICO-HOSPITALAR,account_group_4161
account_group_416111,416111,Cobertura Assistencial com Preço Preestabelecido,account_group_41611
account_group_41611101,41611101,Cobertura Assistencial com Preço Preestabelecido,account_group_416111
account_group_416111011,416111011,Cobertura Assistencial com Preço Preestabelecido,account_group_41611101
account_group_41612,41612,COBERTURA ASSISTENCIAL ODONTOLÓGICA,account_group_4161
account_group_416121,416121,Cobertura Assistencial com Preço Preestabelecido,account_group_41612
account_group_41612101,41612101,Cobertura Assistencial com Preço Preestabelecido,account_group_416121
account_group_416121011,416121011,Cobertura Assistencial com Preço Preestabelecido,account_group_41612101
account_group_4162,4162,OUTRAS DESPESAS DE SEGURO,account_group_416
account_group_41621,41621,OUTRAS DESPESAS DE SEGURO,account_group_4162
account_group_416211,416211,Outras Despesas de Seguro,account_group_41621
account_group_41621101,41621101,Outras Despesas de Seguro,account_group_416211
account_group_416211011,416211011,Outras Despesas de Seguro,account_group_41621101
account_group_43,43,DESPESAS DE COMERCIALIZAÇÃO,account_group_4
account_group_431,431,COMISSÃO E AGENCIAMENTO SOBRE OPERAÇÕES DE ASSISTÊNCIA À SAÚDE,account_group_43
account_group_4311,4311,CONTRAPRESTAÇÕES PECUNIÁRIAS,account_group_431
account_group_43111,43111,CONTRAPRESTAÇÕES PECUNIÁRIAS/PRÊMIOS DE SEGURO - MÉDICO HOSPITALAR,account_group_4311
account_group_431111,431111,Cobertura Assistencial com Preço Preestabelecido,account_group_43111
account_group_43111102,43111102,Cobertura Assistencial com Preço Preestabelecido - Individual/Familiar,account_group_431111
account_group_431111022,431111022,Cobertura Assistencial com Preço Preestabelecido - Individual/Familiar,account_group_43111102
account_group_43111103,43111103,Cobertura Assistencial com Preço Preestabelecido - Coletivos por Adesão,account_group_431111
account_group_431111033,431111033,Cobertura Assistencial com Preço Preestabelecido - Coletivos por Adesão,account_group_43111103
account_group_43111104,43111104,Cobertura Assistencial com Preço Preestabelecido - Coletivos Empresariais,account_group_431111
account_group_431111044,431111044,Cobertura Assistencial com Preço Preestabelecido - Coletivos Empresariais,account_group_43111104
account_group_431112,431112,Cobertura Assistencial com Preço Pós-estabelecido,account_group_43111
account_group_43111202,43111202,Cobertura Assistencial com Preço Pós-estabelecido - Coletivos por Adesão,account_group_431112
account_group_431112022,431112022,Cobertura Assistencial com Preço Pós-estabelecido - Coletivos por Adesão,account_group_43111202
account_group_43111203,43111203,Cobertura Assistencial com Preço Pós-estabelecido - Coletivos Empresariais,account_group_431112
account_group_431112033,431112033,Cobertura Assistencial com Preço Pós-estabelecido - Coletivos Empresariais,account_group_43111203
account_group_43112,43112,CONTRAPRESTAÇÕES PECUNIÁRIAS/PRÊMIOS DE SEGURO- ODONTOLÓGICAS,account_group_4311
account_group_431121,431121,Cobertura Assistencial com Preço Preestabelecido,account_group_43112
account_group_43112102,43112102,Cobertura Assistencial com Preço Preestabelecido - Individual/Familiar,account_group_431121
account_group_431121022,431121022,Cobertura Assistencial com Preço Preestabelecido - Individual/Familiar,account_group_43112102
account_group_43112103,43112103,Cobertura Assistencial com Preço Preestabelecido - Coletivos por Adesão,account_group_431121
account_group_431121033,431121033,Cobertura Assistencial com Preço Preestabelecido - Coletivos por Adesão,account_group_43112103
account_group_43112104,43112104,Cobertura Assistencial com Preço Preestabelecido - Coletivos Empresariais,account_group_431121
account_group_431121044,431121044,Cobertura Assistencial com Preço Preestabelecido - Coletivos Empresariais,account_group_43112104
account_group_431122,431122,Cobertura Assistencial com Preço Pós-estabelecido,account_group_43112
account_group_43112202,43112202,Cobertura Assistencial com Preço Pós-estabelecido - Coletivos por Adesão,account_group_431122
account_group_431122022,431122022,Cobertura Assistencial com Preço Pós-estabelecido - Coletivos por Adesão,account_group_43112202
account_group_43112203,43112203,Cobertura Assistencial com Preço Pós-estabelecido - Coletivos Empresariais,account_group_431122
account_group_431122033,431122033,Cobertura Assistencial com Preço Pós-estabelecido - Coletivos Empresariais,account_group_43112203
account_group_4313,4313,OUTRAS,account_group_431
account_group_43131,43131,OUTRAS - MÉDICO HOSPITALAR,account_group_4313
account_group_431311,431311,Cobertura Assistencial com Preço Preestabelecido,account_group_43131
account_group_43131101,43131101,Cobertura Assistencial com Preço Preestabelecido,account_group_431311
account_group_431311011,431311011,Cobertura Assistencial com Preço Preestabelecido,account_group_43131101
account_group_431312,431312,Cobertura Assistencial com Preço Pós-estabelecido,account_group_43131
account_group_43131201,43131201,Cobertura Assistencial com Preço Pós-estabelecido,account_group_431312
account_group_431312011,431312011,Cobertura Assistencial com Preço Pós-estabelecido,account_group_43131201
account_group_43132,43132,OUTRAS - ODONTOLÓGICAS,account_group_4313
account_group_431321,431321,Cobertura Assistencial com Preço Preestabelecido,account_group_43132
account_group_43132101,43132101,Cobertura Assistencial com Preço Preestabelecido,account_group_431321
account_group_431321011,431321011,Cobertura Assistencial com Preço Preestabelecido,account_group_43132101
account_group_431322,431322,Cobertura Assistencial com Preço Pós-estabelecido,account_group_43132
account_group_43132201,43132201,Cobertura Assistencial com Preço Pós-estabelecido,account_group_431322
account_group_431322011,431322011,Cobertura Assistencial com Preço Pós-estabelecido,account_group_43132201
account_group_4314,4314,(-)RECUPERAÇÃO DE DESPESAS DE COMERCIALIZAÇÃO SOBRE CONTRAPRESTAÇÕES / PRÊMIOS CANCELADAS(OS)/RESTITUÍDAS(OS) DE ASSISTÊNCIA A SAUDE,account_group_431
account_group_43141,43141,(-)RECUPERAÇÃO DE DESPESAS DE COMERCIALIZAÇÃO SOBRE CONTRAPRESTAÇÕES / PRÊMIOS CANCELADAS(OS)/RESTITUÍDAS(OS) DE ASSISTÊNCIA MÉDICO-HOSPITALAR,account_group_4314
account_group_431419,431419,(-)Recuperação de Despesas de Comercialização sobre Contraprestações/Prêmios Canceladas (os)/Restituídas(os) de Assistência Médico- Hospitalar,account_group_43141
account_group_43141901,43141901,(-)Recuperação de Despesas de Comercialização sobre Contraprestações/Prêmios Canceladas (os)/Restituídas(os) de Assistência Médico- Hospitalar,account_group_431419
account_group_431419011,431419011,(-)Recuperação de Despesas de Comercialização sobre Contraprestações/Prêmios Canceladas (os)/Restituídas(os) de Assistência Médico- Hospitalar,account_group_43141901
account_group_43141902,43141902,Prêmios de Seguro,account_group_431419
account_group_431419022,431419022,Prêmios de Seguro,account_group_43141902
account_group_43142,43142,(-)RECUPERAÇÃO DE DESPESAS DE COMERCIALIZAÇÃO SOBRE CONTRAPRESTAÇÕES / PRÊMIOS CANCELADAS(OS)/RESTITUÍDAS(OS) DE ASSISTÊNCIA ODONTOLÓGICA,account_group_4314
account_group_431429,431429,(-)Recuperação de Despesas de Comercialização sobre Contraprestações/Prêmios Canceladas (os)/Restituídas (o) de Assistência Odontológica,account_group_43142
account_group_43142901,43142901,(-)Recuperação de Despesas de Comercialização sobre Contraprestações/Prêmios Canceladas (os)/Restituídas (o) de Assistência Odontológica,account_group_431429
account_group_431429011,431429011,(-)Recuperação de Despesas de Comercialização sobre Contraprestações/Prêmios Canceladas (os)/Restituídas (o) de Assistência Odontológica,account_group_43142901
account_group_43142902,43142902,Prêmios de Seguro,account_group_431429
account_group_431429022,431429022,Prêmios de Seguro,account_group_43142902
account_group_44,44,OUTRAS DESPESAS OPERACIONAIS,account_group_4
account_group_441,441,OUTRAS DESPESAS OPERACIONAIS COM PLANOS DE ASSISTÊNCIA À SAÚDE DA OPERADORA,account_group_44
account_group_4413,4413,OUTRAS DESPESAS DE OPERAÇÕES DE PLANOS DE ASSISTÊNCIA A SAÚDE,account_group_441
account_group_44131,44131,OUTRAS DESPESAS DE OPERAÇÕES DE PLANOS DE ASSISTÊNCIA MÉDICO-HOSPITALAR,account_group_4413
account_group_441319,441319,Outras Despesas de Operações de Assistência Médico-Hospitalar,account_group_44131
account_group_44131901,44131901,Outras Despesas de Operações de Assistência Médico-Hospitalar,account_group_441319
account_group_441319011,441319011,Outras Despesas de Operações de Assistência Médico-Hospitalar,account_group_44131901
account_group_44131902,44131902,Despesas com Aquisição de Carteiras,account_group_441319
account_group_441319022,441319022,Despesas com Aquisição de Carteiras,account_group_44131902
account_group_44131903,44131903,Programas ou Fundos para Custeio de Despesas Médico Hospitalres,account_group_441319
account_group_441319033,441319033,Programas ou Fundos para Custeio de Despesas Médico Hospitalres,account_group_44131903
account_group_44131904,44131904,Despesas Judiciais de Eventos/Sinistros Médico- Hospitalares,account_group_441319
account_group_441319044,441319044,Despesas Judiciais de Eventos/Sinistros Médico- Hospitalares,account_group_44131904
account_group_44132,44132,OUTRAS DESPESAS DE OPERAÇÕES DE ASSISTÊNCIA ODONTOLÓGICA,account_group_4413
account_group_441329,441329,Outras Despesas de Operações de Assistência Odontológica,account_group_44132
account_group_44132901,44132901,Outras Despesas de Operações de Assistência Odontológica,account_group_441329
account_group_441329011,441329011,Outras Despesas de Operações de Assistência Odontológica,account_group_44132901
account_group_44132902,44132902,Despesas com Aquisição de Carteiras,account_group_441329
account_group_441329022,441329022,Despesas com Aquisição de Carteiras,account_group_44132902
account_group_44132903,44132903,Programas ou Fundos para Custeio de Despesas Odontológicas,account_group_441329
account_group_441329033,441329033,Programas ou Fundos para Custeio de Despesas Odontológicas,account_group_44132903
account_group_44132904,44132904,Despesas Judiciais de Eventos/Sinistros Odontológicos,account_group_441329
account_group_441329044,441329044,Despesas Judiciais de Eventos/Sinistros Odontológicos,account_group_44132904
account_group_4415,4415,PROGRAMAS REGULATÓRIOS DE ATENÇÃO À SAÚDE,account_group_441
account_group_44151,44151,PROGRAMAS DE PROMOÇÃO DA SAÚDE E PREVENÇÃO DE RISCOS E DOENÇAS,account_group_4415
account_group_441519,441519,Programas de Promoção da Saúde e Prevenção de Riscos e Doenças,account_group_44151
account_group_44151901,44151901,Programas de Promoção da Saúde e Prevenção de Riscos e Doenças,account_group_441519
account_group_441519011,441519011,Programas de Promoção da Saúde e Prevenção de Riscos e Doenças,account_group_44151901
account_group_44152,44152,PROGRAMAS DE BOAS PRÁTICAS EM ATENÇÃO À SAÚDE,account_group_4415
account_group_441529,441529,Programas de Boas Práticas em Atenção à Saúde,account_group_44152
account_group_44152901,44152901,Programas de Boas Práticas em Atenção à Saúde,account_group_441529
account_group_441529011,441529011,Programas de Boas Práticas em Atenção à Saúde,account_group_44152901
account_group_4416,4416,(-) RECUPERAÇÃO DE OUTRAS DESPESAS OPERACIONAIS DE ASSISTÊNCIA A SAÚDE,account_group_441
account_group_44161,44161,(-) RECUPERAÇÃO DE OUTRAS DESPESAS OPERACIONAIS DE ASSISTÊNCIA MÉDICO- HOSPITALAR,account_group_4416
account_group_441619,441619,(-) Recuperação de Outras Despesas Operacionais de Assistência Médico-Hospitalar,account_group_44161
account_group_44161901,44161901,(-) Recuperação de Outras Despesas Operacionais de Assistência Médico-Hospitalar,account_group_441619
account_group_441619011,441619011,(-) Recuperação de Outras Despesas Operacionais de Assistência Médico-Hospitalar,account_group_44161901
account_group_44162,44162,(-) RECUPERAÇÃO DE OUTRAS DESPESAS OPERACIONAIS DE ASSISTÊNCIA ODONTOLÓGICA,account_group_4416
account_group_441629,441629,(-) Recuperação de Outras Despesas Operacionais de Assistência Odontológica,account_group_44162
account_group_44162901,44162901,(-) Recuperação de Outras Despesas Operacionais de Assistência Odontológica,account_group_441629
account_group_441629011,441629011,(-) Recuperação de Outras Despesas Operacionais de Assistência Odontológica,account_group_44162901
account_group_4419,4419,PROVISÃO PARA PERDAS SOBRE CRÉDITOS,account_group_441
account_group_44191,44191,PROVISÃO PARA PERDAS SOBRE CRÉDITOS - MÉDICO HOSPITALAR,account_group_4419
account_group_441919,441919,Provisão para Perdas sobre Créditos - Médico Hospitalar,account_group_44191
account_group_44191901,44191901,Provisão Sobre Contraprestação Pecuniárias/Prêmios a Receber de Assistência Médico-Hospitalar,account_group_441919
account_group_441919011,441919011,Provisão Sobre Contraprestação Pecuniárias/Prêmios a Receber de Assistência Médico-Hospitalar,account_group_44191901
account_group_44191902,44191902,Provisão Sobre Demais Créditos de Operações de Assistência Médico-Hospitalar,account_group_441919
account_group_441919022,441919022,Provisão Sobre Demais Créditos de Operações de Assistência Médico-Hospitalar,account_group_44191902
account_group_44191903,44191903,Provisão Sobre Outros Créditos de Administradora de Benefícios Médico-Hospitalar,account_group_441919
account_group_441919033,441919033,Provisão Sobre Outros Créditos de Administradora de Benefícios Médico-Hospitalar,account_group_44191903
account_group_44191905,44191905,Provisão Sobre Taxa de Administração de Benefícios a Receber,account_group_441919
account_group_441919055,441919055,Provisão Sobre Taxa de Administração de Benefícios a Receber,account_group_44191905
account_group_44192,44192,PROVISÃO PARA PERDAS SOBRE CRÉDITOS - ODONTOLÓGICO,account_group_4419
account_group_441929,441929,Provisão Para Perdas sobre Créditos - Odontolológico,account_group_44192
account_group_44192901,44192901,Provisão Sobre Contraprestação Pecuniárias/Prêmios a Receber de Assistência Odontológica,account_group_441929
account_group_441929011,441929011,Provisão Sobre Contraprestação Pecuniárias/Prêmios a Receber de Assistência Odontológica,account_group_44192901
account_group_44192902,44192902,Provisão Sobre Demais Créditos de Operações de Assistência Odontológica,account_group_441929
account_group_441929022,441929022,Provisão Sobre Demais Créditos de Operações de Assistência Odontológica,account_group_44192902
account_group_44192903,44192903,Provisão Sobre Outros Créditos de Administradora de Benefícios - Assistência Odontológica,account_group_441929
account_group_441929033,441929033,Provisão Sobre Outros Créditos de Administradora de Benefícios - Assistência Odontológica,account_group_44192903
account_group_44192905,44192905,Provisão Sobre Taxa de Administração de Benefícios a Receber,account_group_441929
account_group_441929055,441929055,Provisão Sobre Taxa de Administração de Benefícios a Receber,account_group_44192905
account_group_442,442,OUTRAS DESPESAS OPERACIONAIS DE ASSISTÊNCIA À SAÚDE NÃO RELACIONADAS COM PLANO DE SAÚDE DA OPERADORA,account_group_44
account_group_4421,4421,DESPESAS COM OPERAÇÕES DE ASSISTÊNCIA A SAÚDE,account_group_442
account_group_44211,44211,DESPESAS COM OPERAÇÕES DE ASSISTÊNCIA MÉDICO-HOSPITALAR,account_group_4421
account_group_442119,442119,Despesas com Prestação de Serviços,account_group_44211
account_group_44211901,44211901,Despesas com Prestação de Serviços,account_group_442119
account_group_442119011,442119011,Despesas com Prestação de Serviços,account_group_44211901
account_group_44211902,44211902,(-) Dedução de Despesas com Prestação de Serviços,account_group_442119
account_group_442119022,442119022,(-) Dedução de Despesas com Prestação de Serviços,account_group_44211902
account_group_44211903,44211903,Provisão Sobre Créditos de Operações de Assistência Médico-Hospitalar Não Relacionadas com Plano de Saúde,account_group_442119
account_group_442119033,442119033,Provisão Sobre Créditos de Operações de Assistência Médico-Hospitalar Não Relacionadas com Plano de Saúde,account_group_44211903
account_group_44212,44212,DESPESAS COM PRESTAÇÃO DE SERVIÇOS - ODONTOLÓGICOS,account_group_4421
account_group_442129,442129,Despesas com Prestação de Serviços,account_group_44212
account_group_44212901,44212901,Despesas com Prestação de Serviços,account_group_442129
account_group_442129011,442129011,Despesas com Prestação de Serviços,account_group_44212901
account_group_44212902,44212902,(-) Dedução de Despesas com Prestação de Serviços,account_group_442129
account_group_442129022,442129022,(-) Dedução de Despesas com Prestação de Serviços,account_group_44212902
account_group_44212903,44212903,Provisão Sobre Créditos de Operações de Assistência Odontológica Não Relacionadas com Plano de Saúde,account_group_442129
account_group_442129033,442129033,Provisão Sobre Créditos de Operações de Assistência Odontológica Não Relacionadas com Plano de Saúde,account_group_44212903
account_group_4422,4422,DESPESAS COM OPERAÇÕES DE INTERCÂMBIO EVENTUAL,account_group_442
account_group_44221,44221,DESPESAS COM OPERAÇÕES DE INTERCÂMBIO EVENTUAL MÉDICO-HOSPITALAR,account_group_4422
account_group_442219,442219,Despesas com Operações de Intercâmbio Eventual,account_group_44221
account_group_44221901,44221901,Despesas com Operações de Intercâmbio Eventual,account_group_442219
account_group_442219011,442219011,Despesas com Operações de Intercâmbio Eventual,account_group_44221901
account_group_44222,44222,DESPESAS COM OPERAÇÕES DE INTERCÂMBIO EVENTUAL ODONTOLÓGICO,account_group_4422
account_group_442229,442229,Despesas com Operações de Intercâmbio Eventual,account_group_44222
account_group_44222901,44222901,Despesas com Operações de Intercâmbio Eventual,account_group_442229
account_group_442229011,442229011,Despesas com Operações de Intercâmbio Eventual,account_group_44222901
account_group_4429,4429,OUTRAS DESPESAS OPERACIONAIS,account_group_442
account_group_44299,44299,OUTRAS DESPESAS OPERACIONAIS,account_group_4429
account_group_442999,442999,Outras Despesas Operacionais,account_group_44299
account_group_44299901,44299901,Outras Despesas Operacionais,account_group_442999
account_group_442999011,442999011,Outras Despesas Operacionais,account_group_44299901
account_group_443,443,DESPESAS OPERACIONAIS DE OUTRAS ATIVIDADES,account_group_44
account_group_4431,4431,DESPESAS OPERACIONAIS DE OUTRAS ATIVIDADES,account_group_443
account_group_44311,44311,DESPESAS OPERACIONAIS DE OUTRAS ATIVIDADES,account_group_4431
account_group_443119,443119,Despesas Operacionais de Outras Atividades,account_group_44311
account_group_44311901,44311901,Despesas Operacionais de Outras Atividades,account_group_443119
account_group_443119011,443119011,Despesas Operacionais de Outras Atividades,account_group_44311901
account_group_45,45,DESPESAS FINANCEIRAS,account_group_4
account_group_451,451,DESPESAS COM APLICAÇÕES FINANCEIRAS,account_group_45
account_group_4511,4511,DESPESAS FINANCEIRAS COM TÍTULOS DE RENDA FIXA - PRIVADOS,account_group_451
account_group_45111,45111,DESPESAS FINANCEIRAS COM TÍTULOS DE RENDA FIXA - PRIVADOS,account_group_4511
account_group_451119,451119,Despesas Financeiras com Títulos de Renda Fixa - Privados,account_group_45111
account_group_45111901,45111901,Despesas Financeiras com Títulos de Renda Fixa - Privados,account_group_451119
account_group_451119011,451119011,Despesas Financeiras com Títulos de Renda Fixa - Privados,account_group_45111901
account_group_4512,4512,DESPESAS FINANCEIRAS COM TÍTULOS DE RENDA FIXA - PÚBLICOS,account_group_451
account_group_45121,45121,DESPESAS FINANCEIRAS COM TÍTULOS DE RENDA FIXA - PÚBLICOS,account_group_4512
account_group_451219,451219,Despesas Financeiras com Títulos de Renda Fixa - Públicos,account_group_45121
account_group_45121901,45121901,Despesas Financeiras com Títulos de Renda Fixa - Públicos,account_group_451219
account_group_451219011,451219011,Despesas Financeiras com Títulos de Renda Fixa - Públicos,account_group_45121901
account_group_4513,4513,DESPESAS COM TÍTULOS DE RENDA VARIÁVEL,account_group_451
account_group_45131,45131,DESPESAS COM AÇÕES,account_group_4513
account_group_451319,451319,Despesas com Ações,account_group_45131
account_group_45131901,45131901,Despesas com Ações,account_group_451319
account_group_451319011,451319011,Despesas com Ações,account_group_45131901
account_group_45134,45134,DESPESAS COM COTAS DE FUNDOS DE INVESTIMENTOS,account_group_4513
account_group_451349,451349,Despesas com Cotas de Fundos de Investimento,account_group_45134
account_group_45134901,45134901,Despesas com Cotas de Fundos de Investimento,account_group_451349
account_group_451349011,451349011,Despesas com Cotas de Fundos de Investimento,account_group_45134901
account_group_45138,45138,DESPESAS COM OUTROS TÍTULOS DE RENDA VARIÁVEL,account_group_4513
account_group_451389,451389,Despesas com Outros Títulos de Renda Variável,account_group_45138
account_group_45138901,45138901,Despesas com Outros Títulos de Renda Variável,account_group_451389
account_group_451389011,451389011,Despesas com Outros Títulos de Renda Variável,account_group_45138901
account_group_4519,4519,DESPESAS COM PROVISÕES PARA DESVALORIZAÇÃO DE TÍTULOS,account_group_451
account_group_45191,45191,DESPESAS COM PROVISÕES PARA DESVALORIZAÇÃO DE TÍTULOS,account_group_4519
account_group_451919,451919,Despesas com Provisões para Desvalorização de Titúlos,account_group_45191
account_group_45191901,45191901,Despesas com Provisões para Desvalorização de Titúlos,account_group_451919
account_group_451919011,451919011,Despesas com Provisões para Desvalorização de Titúlos,account_group_45191901
account_group_452,452,DESPESAS FINANCEIRAS COM OPERAÇÕES DE ASSISTÊNCIA À SAÚDE,account_group_45
account_group_4521,4521,DESPESAS FINANCEIRAS COM OPERAÇÕES DE ASSISTÊNCIA À SAÚDE,account_group_452
account_group_45211,45211,DESPESAS FINANCEIRAS COM OPERAÇÕES DE ASSISTÊNCIA MÉDICO-HOSPITALAR,account_group_4521
account_group_452119,452119,Despesas Financeiras com Operações de Assistência Médico-Hospitalar,account_group_45211
account_group_45211901,45211901,Despesas Financeiras com Operações de Assistência Médico-Hospitalar,account_group_452119
account_group_452119011,452119011,Despesas Financeiras com Operações de Assistência Médico-Hospitalar,account_group_45211901
account_group_45212,45212,DESPESAS FINANCEIRAS COM OPERAÇÕES DE ASSISTÊNCIA ODONTOLÓGICA,account_group_4521
account_group_452129,452129,Despesas Financeiras com Operações de Assistência Odontológica,account_group_45212
account_group_45212901,45212901,Despesas Financeiras com Operações de Assistência Odontológica,account_group_452129
account_group_452129011,452129011,Despesas Financeiras com Operações de Assistência Odontológica,account_group_45212901
account_group_453,453,DESPESA COM EMPRÉSTIMOS E FINANCIAMENTOS,account_group_45
account_group_4531,4531,DESPESA FINANCEIRA COM EMPRÉSTIMOS,account_group_453
account_group_45311,45311,DESPESA FINANCEIRA COM EMPRÉSTIMOS,account_group_4531
account_group_453119,453119,Despesa Financeira com Empréstimos,account_group_45311
account_group_45311901,45311901,Despesa Financeira com Empréstimos,account_group_453119
account_group_453119011,453119011,Despesa Financeira com Empréstimos,account_group_45311901
account_group_4532,4532,DESPESA FINANCEIRA COM FINANCIAMENTOS,account_group_453
account_group_45321,45321,DESPESA FINANCEIRA COM FINANCIAMENTOS,account_group_4532
account_group_453219,453219,Despesa Financeira com Financiamentos,account_group_45321
account_group_45321901,45321901,Despesa Financeira com Financiamentos,account_group_453219
account_group_453219011,453219011,Despesa Financeira com Financiamentos,account_group_45321901
account_group_454,454,DESPESAS DE AJUSTES A VALOR PRESENTE,account_group_45
account_group_4541,4541,DESPESAS DE AJUSTES A VALOR PRESENTE,account_group_454
account_group_45411,45411,DESPESAS DE AJUSTE A VALOR PRESENTE,account_group_4541
account_group_454119,454119,Despesas de Ajuste a Valor Presente,account_group_45411
account_group_45411901,45411901,Despesas de Ajuste a Valor Presente,account_group_454119
account_group_454119011,454119011,Despesas de Ajuste a Valor Presente,account_group_45411901
account_group_458,458,OUTRAS DESPESAS FINANCEIRAS,account_group_45
account_group_4581,4581,DESPESAS FINANCEIRAS DE ENCARGOS SOBRE TRIBUTOS,account_group_458
account_group_45811,45811,DESPESAS FINANCEIRAS DE ENCARGOS SOBRE TRIBUTOS,account_group_4581
account_group_458119,458119,Despesas Financeiras de Encargos sobre Tributos,account_group_45811
account_group_45811901,45811901,Despesas Financeiras de Encargos sobre Tributos,account_group_458119
account_group_458119011,458119011,Despesas Financeiras de Encargos sobre Tributos,account_group_45811901
account_group_4582,4582,DESPESAS DE JUROS DE CAPITAL PRÓPRIO,account_group_458
account_group_45821,45821,DESPESAS DE JUROS DE CAPITAL PRÓPRIO,account_group_4582
account_group_458219,458219,Despesas de Juros sobre Capital Próprio,account_group_45821
account_group_45821901,45821901,Despesas de Juros sobre Capital Próprio,account_group_458219
account_group_458219011,458219011,Despesas de Juros sobre Capital Próprio,account_group_45821901
account_group_4583,4583,DESPESAS POR PAGAMENTOS EM ATRASO,account_group_458
account_group_45831,45831,DESPESAS POR PAGAMENTOS EM ATRASO,account_group_4583
account_group_458319,458319,Despesas por Pagamentos em Atraso,account_group_45831
account_group_45831901,45831901,Despesas por Pagamentos em Atraso,account_group_458319
account_group_458319011,458319011,Despesas por Pagamentos em Atraso,account_group_45831901
account_group_4584,4584,DESPESAS COM IMPOSTOS E CONTRIBUIÇÕES SOBRE TRANSAÇÕES FINANCEIRAS,account_group_458
account_group_45841,45841,DESPESAS COM IMPOSTOS E CONTRIBUIÇÕES SOBRE TRANSAÇÕES FINANCEIRAS,account_group_4584
account_group_458419,458419,Despesas com Impostos e Contribuições sobre Transações Financeiras,account_group_45841
account_group_45841901,45841901,Despesas com Impostos e Contribuições sobre Transações Financeiras,account_group_458419
account_group_458419011,458419011,Despesas com Impostos e Contribuições sobre Transações Financeiras,account_group_45841901
account_group_4589,4589,DESPESAS FINANCEIRAS DIVERSAS,account_group_458
account_group_45891,45891,DESPESAS FINANCEIRAS DIVERSAS,account_group_4589
account_group_458919,458919,Despesas Financeiras Diversas,account_group_45891
account_group_45891901,45891901,Despesas Financeiras Diversas,account_group_458919
account_group_458919011,458919011,Despesas Financeiras Diversas,account_group_45891901
account_group_46,46,DESPESAS ADMINISTRATIVAS,account_group_4
account_group_461,461,DESPESAS COM PESSOAL PRÓPRIO,account_group_46
account_group_4611,4611,DESPESAS COM ADMINISTRAÇÃO,account_group_461
account_group_46111,46111,DESPESAS COM ADMINISTRAÇÃO,account_group_4611
account_group_461119,461119,Despesas com Administração,account_group_46111
account_group_46111901,46111901,Despesas com Administração,account_group_461119
account_group_461119011,461119011,Despesas com Administração,account_group_46111901
account_group_4612,4612,DESPESAS COM EMPREGADOS,account_group_461
account_group_46121,46121,DESPESAS COM EMPREGADOS,account_group_4612
account_group_461219,461219,Despesas com Empregados,account_group_46121
account_group_46121901,46121901,Despesas com Empregados,account_group_461219
account_group_461219011,461219011,Despesas com Empregados,account_group_46121901
account_group_4613,4613,DESPESAS COM INDENIZAÇÕES,account_group_461
account_group_46131,46131,DESPESAS COM INDENIZAÇÕES,account_group_4613
account_group_461319,461319,Despesas com Indenizações,account_group_46131
account_group_46131901,46131901,Despesas com Indenizações,account_group_461319
account_group_461319011,461319011,Despesas com Indenizações,account_group_46131901
account_group_4614,4614,DESPESAS COM ENCARGOS SOCIAIS,account_group_461
account_group_46141,46141,DESPESAS COM ENCARGOS SOCIAIS,account_group_4614
account_group_461419,461419,Despesas com Encargos Sociais,account_group_46141
account_group_46141901,46141901,Despesas com Encargos Sociais,account_group_461419
account_group_461419011,461419011,Despesas com Encargos Sociais,account_group_46141901
account_group_4615,4615,DESPESAS COM ASSISTÊNCIA SOCIAL,account_group_461
account_group_46151,46151,DESPESAS COM ASSISTÊNCIA SOCIAL,account_group_4615
account_group_461519,461519,Despesas com Assistência Social,account_group_46151
account_group_46151901,46151901,Despesas com Assistência Social,account_group_461519
account_group_461519011,461519011,Despesas com Assistência Social,account_group_46151901
account_group_4616,4616,DESPESAS COM INSTRUÇÃO,account_group_461
account_group_46161,46161,DESPESAS COM FORMAÇÃO PROFISSIONAL,account_group_4616
account_group_461619,461619,Despesas com Formação Profissional,account_group_46161
account_group_46161901,46161901,Despesas com Formação Profissional,account_group_461619
account_group_461619011,461619011,Despesas com Formação Profissional,account_group_46161901
account_group_4617,4617,DESPESAS COM PROGRAMA DE ALIMENTAÇÃO AO TRABALHADOR,account_group_461
account_group_46171,46171,ALIMENTAÇÃO AO TRABALHADOR,account_group_4617
account_group_461719,461719,Alimentação ao Trabalhador,account_group_46171
account_group_46171901,46171901,Alimentação ao Trabalhador,account_group_461719
account_group_461719011,461719011,Alimentação ao Trabalhador,account_group_46171901
account_group_4618,4618,DESPESAS COM TRANSPORTE DE EMPREGADOS,account_group_461
account_group_46181,46181,DESPESAS COM TRANSPORTE DE EMPREGADOS,account_group_4618
account_group_461819,461819,Despesas com Transporte de Empregados,account_group_46181
account_group_46181901,46181901,Despesas com Transporte de Empregados,account_group_461819
account_group_461819011,461819011,Despesas com Transporte de Empregados,account_group_46181901
account_group_4619,4619,OUTRAS DESPESAS COM PESSOAL PRÓPRIO,account_group_461
account_group_46191,46191,OUTRAS DESPESAS COM PESSOAL PRÓPRIO,account_group_4619
account_group_461919,461919,Outras Despesas com Pessoal Próprio,account_group_46191
account_group_46191901,46191901,Outras Despesas com Pessoal Próprio,account_group_461919
account_group_461919011,461919011,Outras Despesas com Pessoal Próprio,account_group_46191901
account_group_462,462,DESPESAS COM SERVIÇOS DE TERCEIROS,account_group_46
account_group_4621,4621,REMUNERAÇÃO POR SERVIÇOS DE TERCEIROS,account_group_462
account_group_46211,46211,REMUNERAÇÃO POR SERVIÇOS DE TERCEIROS,account_group_4621
account_group_462119,462119,Remuneração por Serviços de Terceiros,account_group_46211
account_group_46211901,46211901,Remuneração por Serviços de Terceiros,account_group_462119
account_group_462119011,462119011,Remuneração por Serviços de Terceiros,account_group_46211901
account_group_4622,4622,ENCARGOS SOCIAIS COM SERVIÇOS DE TERCEIROS,account_group_462
account_group_46221,46221,ENCARGOS SOCIAIS COM SERVIÇOS DE TERCEIROS,account_group_4622
account_group_462219,462219,Encargos Sociais com Serviços de Terceiros,account_group_46221
account_group_46221901,46221901,Encargos Sociais com Serviços de Terceiros,account_group_462219
account_group_462219011,462219011,Encargos Sociais com Serviços de Terceiros,account_group_46221901
account_group_463,463,DESPESAS COM LOCALIZAÇÃO E FUNCIONAMENTO,account_group_46
account_group_4631,4631,DESPESAS COM LOCALIZAÇÃO E MANUTENÇÃO,account_group_463
account_group_46311,46311,DESPESAS COM LOCALIZAÇÃO E MANUTENÇÃO,account_group_4631
account_group_463119,463119,Despesas com Localização e Manutenção,account_group_46311
account_group_46311901,46311901,Despesas com Localização e Manutenção,account_group_463119
account_group_463119011,463119011,Despesas com Localização e Manutenção,account_group_46311901
account_group_4633,4633,DESPESAS COM UTILIZAÇÃO DE EQUIPAMENTOS E VEÍCULOS,account_group_463
account_group_46331,46331,DESPESAS COM UTILIZAÇÃO DE EQUIPAMENTOS E VEÍCULOS,account_group_4633
account_group_463319,463319,Despesas com Utilização de Equipamentos e Veículos,account_group_46331
account_group_46331901,46331901,Despesas com Utilização de Equipamentos e Veículos,account_group_463319
account_group_463319011,463319011,Despesas com Utilização de Equipamentos e Veículos,account_group_46331901
account_group_4637,4637,DESPESAS COM BENS DE USO PRÓPRIO,account_group_463
account_group_46371,46371,DESPESAS COM BENS DE USO PRÓPRIO,account_group_4637
account_group_463719,463719,Despesas com Bens de Uso Próprio,account_group_46371
account_group_46371901,46371901,Despesas com Bens de Uso Próprio,account_group_463719
account_group_463719011,463719011,Despesas com Bens de Uso Próprio,account_group_46371901
account_group_4638,4638,DESPESAS COM BENS INTANGÍVEIS,account_group_463
account_group_46381,46381,DESPESAS COM BENS INTANGÍVEIS,account_group_4638
account_group_463819,463819,Despesas com Bens Intangíveis,account_group_46381
account_group_46381901,46381901,Despesas com Bens Intangíveis,account_group_463819
account_group_463819011,463819011,Despesas com Bens Intangíveis,account_group_46381901
account_group_4639,4639,OUTRAS DESPESAS COM LOCALIZAÇÃO E FUNCIONAMENTO,account_group_463
account_group_46391,46391,OUTRAS DESPESAS COM LOCALIZAÇÃO E FUNCIONAMENTO,account_group_4639
account_group_463919,463919,Outras Despesas com Localização e Funcionamento,account_group_46391
account_group_46391901,46391901,Outras Despesas com Localização e Funcionamento,account_group_463919
account_group_463919011,463919011,Outras Despesas com Localização e Funcionamento,account_group_46391901
account_group_464,464,DESPESAS COM PUBLICIDADE E PROPAGANDA INSTITUCIONAL,account_group_46
account_group_4641,4641,PUBLICIDADE E PROPAGANDA,account_group_464
account_group_46411,46411,PUBLICIDADE E PROPAGANDA,account_group_4641
account_group_464119,464119,Publicidade e Propaganda,account_group_46411
account_group_46411901,46411901,Publicidade e Propaganda,account_group_464119
account_group_464119011,464119011,Publicidade e Propaganda,account_group_46411901
account_group_465,465,DESPESAS COM TRIBUTOS,account_group_46
account_group_4651,4651,IMPOSTOS,account_group_465
account_group_46511,46511,IMPOSTOS,account_group_4651
account_group_465119,465119,Impostos,account_group_46511
account_group_46511901,46511901,Impostos,account_group_465119
account_group_465119011,465119011,Impostos,account_group_46511901
account_group_4652,4652,CONTRIBUIÇÕES,account_group_465
account_group_46521,46521,CONTRIBUIÇÕES,account_group_4652
account_group_465219,465219,Contribuições,account_group_46521
account_group_46521901,46521901,Contribuições,account_group_465219
account_group_465219011,465219011,Contribuições,account_group_46521901
account_group_4653,4653,TAXA DE SAÚDE SUPLEMENTAR,account_group_465
account_group_46531,46531,TAXA DE SAÚDE SUPLEMENTAR,account_group_4653
account_group_465319,465319,Taxa de Saúde Suplementar,account_group_46531
account_group_46531901,46531901,Taxa de Saúde Suplementar,account_group_465319
account_group_465319011,465319011,Taxa de Saúde Suplementar,account_group_46531901
account_group_4658,4658,OUTROS TRIBUTOS,account_group_465
account_group_46581,46581,OUTROS TRIBUTOS,account_group_4658
account_group_465819,465819,Outros Tributos,account_group_46581
account_group_46581901,46581901,Outros Tributos,account_group_465819
account_group_465819011,465819011,Outros Tributos,account_group_46581901
account_group_466,466,DESPESAS COM MULTAS ADMINISTRATIVAS,account_group_46
account_group_4661,4661,MULTAS ADMINISTRATIVAS,account_group_466
account_group_46611,46611,MULTAS ADMINISTRATIVAS,account_group_4661
account_group_466119,466119,Multas Administrativas,account_group_46611
account_group_46611901,46611901,Multas Administrativas,account_group_466119
account_group_466119011,466119011,Multas Administrativas,account_group_46611901
account_group_468,468,DESPESAS ADMINISTRATIVAS DIVERSAS,account_group_46
account_group_4681,4681,DESPESAS ADMINISTRATIVAS DIVERSAS,account_group_468
account_group_46811,46811,DESPESAS DIVERSAS,account_group_4681
account_group_468119,468119,Despesas Diversas,account_group_46811
account_group_46811901,46811901,Despesas Diversas,account_group_468119
account_group_468119011,468119011,Despesas Diversas,account_group_46811901
account_group_47,47,DESPESAS PATRIMONIAIS,account_group_4
account_group_471,471,DESPESAS PATRIMONIAIS,account_group_47
account_group_4711,4711,DESPESAS COM IMÓVEIS DESTINADOS À RENDA OU VENDA,account_group_471
account_group_47111,47111,DESPESAS COM IMÓVEIS DESTINADOS À RENDA OU VENDA,account_group_4711
account_group_471119,471119,Despesas com Imóveis Destinados à Renda ou Venda,account_group_47111
account_group_47111901,47111901,Despesas com Imóveis Destinados à Renda ou Venda,account_group_471119
account_group_471119011,471119011,Despesas com Imóveis Destinados à Renda ou Venda,account_group_47111901
account_group_4712,4712,AJUSTES NEGATIVOS DE INVESTIMENTOS EM CONTROLADAS E COLIGADAS EM PARTICIPAÇÕES,account_group_471
account_group_47121,47121,AJUSTES NEGATIVOS DE INVESTIMENTOS EM CONTROLADAS E COLIGADAS,account_group_4712
account_group_471219,471219,Ajustes Negativos de Investimentos em Controladas e Coligadas,account_group_47121
account_group_47121901,47121901,Ajustes Negativos de Investimentos em Controladas e Coligadas,account_group_471219
account_group_471219011,471219011,Ajustes Negativos de Investimentos em Controladas e Coligadas,account_group_47121901
account_group_4713,4713,PREJUÍZO NA ALIENAÇÃO OU BAIXA DE BENS DO ATIVO NÃO CIRCULANTE,account_group_471
account_group_47131,47131,PREJUÍZO NA ALIENAÇÃO OU BAIXA DE BENS DO ATIVO NÃO CIRCULANTE,account_group_4713
account_group_471319,471319,Prejuízo na Alienação ou Baixa de Bens do Ativo Não Circulante,account_group_47131
account_group_47131901,47131901,Prejuízo na Alienação ou Baixa de Bens do Ativo Não Circulante,account_group_471319
account_group_471319011,471319011,Prejuízo na Alienação ou Baixa de Bens do Ativo Não Circulante,account_group_47131901
account_group_4718,4718,OUTROS INVESTIMENTOS,account_group_471
account_group_47181,47181,OUTROS INVESTIMENTOS,account_group_4718
account_group_471819,471819,Outros Investimentos,account_group_47181
account_group_47181901,47181901,Outros Investimentos,account_group_471819
account_group_471819011,471819011,Outros Investimentos,account_group_47181901
account_group_6,6,CONTAS DE DESTINAÇÃO/APURAÇÃO DE RESULTADO,account_group_47181901
account_group_61,61,IMPOSTOS E PARTICIPAÇÕES SOBRE O LUCRO,account_group_6
account_group_611,611,IMPOSTOS E CONTRIBUIÇÕES,account_group_61
account_group_6111,6111,IMPOSTO DE RENDA,account_group_611
account_group_61111,61111,IMPOSTO DE RENDA,account_group_6111
account_group_611119,611119,Imposto de Renda,account_group_61111
account_group_61111901,61111901,Imposto de Renda da Pessoa Jurídica - IRPJ,account_group_611119
account_group_611119011,611119011,Imposto de Renda da Pessoa Jurídica - IRPJ,account_group_61111901
account_group_6112,6112,CONTRIBUIÇÃO SOCIAL,account_group_611
account_group_61121,61121,CONTRIBUIÇÃO SOCIAL,account_group_6112
account_group_611219,611219,Contribuição Social,account_group_61121
account_group_61121901,61121901,Contribuição Social,account_group_611219
account_group_611219011,611219011,Contribuição Social,account_group_61121901
account_group_6119,6119,IMPOSTOS DIFERIDOS,account_group_611
account_group_61191,61191,Impostos Diferidos,account_group_6119
account_group_611919,611919,Impostos Diferidos,account_group_61191
account_group_61191901,61191901,Impostos Diferidos,account_group_611919
account_group_611919011,611919011,Impostos Diferidos,account_group_61191901
account_group_612,612,PARTICIPAÇÕES SOBRE O LUCRO,account_group_61
account_group_6121,6121,DESPESAS COM PARTICIPAÇÃO NOS LUCROS E RESULTADOS,account_group_612
account_group_61211,61211,DESPESAS COM PARTICIPAÇÃO NOS LUCROS E RESULTADOS,account_group_6121
account_group_612119,612119,Despesas com Participação nos Lucros e Resultados,account_group_61211
account_group_61211901,61211901,Despesas com Participação nos Lucros e Resultados,account_group_612119
account_group_612119011,612119011,Despesas com Participação nos Lucros e Resultados,account_group_61211901
account_group_69,69,APURAÇÃO DO RESULTADO,account_group_6
account_group_691,691,APURAÇÃO DO RESULTADO DO PERÍODO,account_group_69
account_group_6911,6911,APURAÇÃO DO RESULTADO DO PERÍODO,account_group_691
account_group_69111,69111,APURAÇÃO DO RESULTADO DO PERÍODO,account_group_6911
account_group_691119,691119,Apuração do Resultado do Período,account_group_69111
account_group_69111901,69111901,Apuração do Resultado do Período,account_group_691119
account_group_691119011,691119011,Apuração do Resultado do Período,account_group_69111901
account_group_7,7,CONTAS TRANSITÓRIAS - APURAÇÃO DE CUSTOS,account_group_69111901
account_group_71,71,APURAÇÃO DE CUSTOS,account_group_7
account_group_711,711,APURAÇÃO DE CUSTOS,account_group_71
account_group_7111,7111,APURAÇÃO DE CUSTOS COM EVENTOS POR MEIO PRÓPRIO,account_group_711
account_group_71111,71111,APURAÇÃO DE CUSTOS COM EVENTOS POR MEIO PRÓPRIO,account_group_7111
account_group_711119,711119,Apuração de Custos com Eventos por Meio Próprio,account_group_71111
account_group_71111901,71111901,Apuração de Custos com Eventos por Meio Próprio,account_group_711119
account_group_711119011,711119011,Apuração de Custos com Eventos por Meio Próprio,account_group_71111901
account_group_7119,7119,APURAÇÃO DE CUSTOS COM PRESTAÇÃO DE SERVIÇOS,account_group_711
account_group_71191,71191,APURAÇÃO DE CUSTOS COM PRESTAÇÃO DE SERVIÇOS,account_group_7119
account_group_711919,711919,Apuração de Custos com Prestação de Serviços,account_group_71191
account_group_71191901,71191901,Apuração de Custos com Prestação de Serviços,account_group_711919
account_group_711919011,711919011,Apuração de Custos com Prestação de Serviços,account_group_71191901
