id,code,name,note,account_type,reconcile
account_template_ans_12141901101,12141901101,Aplicações de liquidez imediata,,asset_cash,1
account_template_ans_12211901101,12211901101,Valor Original,,asset_current,
account_template_ans_12211901102,12211901102,Ajuste ao Valor de Mercado,,asset_current,
account_template_ans_12211902201,12211902201,Valor Original,,asset_current,
account_template_ans_12211902202,12211902202,Ajuste ao Valor de Mercado,,asset_current,
account_template_ans_12211908801,12211908801,Valor Original,,asset_current,
account_template_ans_12211908802,12211908802,Ajuste ao Valor de Mercado,,asset_current,
account_template_ans_12211909909,12211909909,(-) Provisão para Desvalorização de Títulos de Renda Fixa - Privados,,asset_current,
account_template_ans_12212901101,12212901101,Valor Original,,asset_current,
account_template_ans_12212901102,12212901102,Ajuste ao Valor de Mercado,,asset_current,
account_template_ans_12212902201,12212902201,Valor Original,,asset_current,
account_template_ans_12212902202,12212902202,Ajuste ao Valor de Mercado,,asset_current,
account_template_ans_12212908801,12212908801,Valor Original,,asset_current,
account_template_ans_12212908802,12212908802,Ajuste ao Valor de Mercado,,asset_current,
account_template_ans_12212909909,12212909909,(-) Provisão para Desvalorização de Títulos de Renda Fixa - Públicos,,asset_current,
account_template_ans_12213901101,12213901101,Valor Original,,asset_current,
account_template_ans_12213901102,12213901102,Ajuste ao Valor de Mercado,,asset_current,
account_template_ans_12213902201,12213902201,Valor Original,,asset_current,
account_template_ans_12213902202,12213902202,Ajuste ao Valor de Mercado,,asset_current,
account_template_ans_12213908801,12213908801,Valor Original,,asset_current,
account_template_ans_12213908802,12213908802,Ajuste ao Valor de Mercado,,asset_current,
account_template_ans_12213909909,12213909909,(-) Provisão para Desvalorização de Títulos de Renda Variável,,asset_current,
account_template_ans_12218908801,12218908801,Valor Original,,asset_current,
account_template_ans_12218908802,12218908802,Ajuste ao Valor de Mercado,,asset_current,
account_template_ans_12218909909,12218909909,(-) Provisão para Desvalorização de Outras Aplicações,,asset_current,
account_template_ans_12221901101,12221901101,Valor Original,,asset_current,
account_template_ans_12221901102,12221901102,Ajuste ao Valor de Mercado,,asset_current,
account_template_ans_12221902201,12221902201,Valor Original,,asset_current,
account_template_ans_12221902202,12221902202,Ajuste ao Valor de Mercado,,asset_current,
account_template_ans_12221908801,12221908801,Valor Original,,asset_current,
account_template_ans_12221908802,12221908802,Ajuste ao Valor de Mercado,,asset_current,
account_template_ans_12221909909,12221909909,(-) Provisão para Desvalorização de Títulos de Renda Fixa - Privados,,asset_current,
account_template_ans_12222901101,12222901101,Valor Original,,asset_current,
account_template_ans_12222901102,12222901102,Ajuste ao Valor de Mercado,,asset_current,
account_template_ans_12222902201,12222902201,Valor Original,,asset_current,
account_template_ans_12222902202,12222902202,Ajuste ao Valor de Mercado,,asset_current,
account_template_ans_12222908801,12222908801,Valor Original,,asset_current,
account_template_ans_12222908802,12222908802,Ajuste ao Valor de Mercado,,asset_current,
account_template_ans_12222909909,12222909909,(-) Provisão para Desvalorização de Títulos de Renda Fixa - Públicos,,asset_current,
account_template_ans_12223901101,12223901101,Valor Original,,asset_current,
account_template_ans_12223901102,12223901102,Ajuste ao Valor de Mercado,,asset_current,
account_template_ans_12223902201,12223902201,Valor Original,,asset_current,
account_template_ans_12223902202,12223902202,Ajuste ao Valor de Mercado,,asset_current,
account_template_ans_12223903301,12223903301,Valor Original,,asset_current,
account_template_ans_12223903302,12223903302,Ajuste ao Valor de Mercado,,asset_current,
account_template_ans_12223904401,12223904401,Valor Original,,asset_current,
account_template_ans_12223904402,12223904402,Ajuste ao Valor de Mercado,,asset_current,
account_template_ans_12223908801,12223908801,Valor Original,,asset_current,
account_template_ans_12223908802,12223908802,Ajuste ao Valor de Mercado,,asset_current,
account_template_ans_12223909909,12223909909,(-) Provisão para Desvalorização de Títulos de Renda Variável,,asset_current,
account_template_ans_12228908801,12228908801,Valor Original,,asset_current,
account_template_ans_12228908802,12228908802,Ajuste ao Valor de Mercado,,asset_current,
account_template_ans_12228909909,12228909909,(-) Provisão para Desvalorização de Outras Aplicações,,asset_current,
account_template_ans_12311101101,12311101101,Individual,,asset_receivable,1
account_template_ans_12311101102,12311101102,Coletivo sem Administradora de Benefícios como Estipulante,,asset_receivable,1
account_template_ans_12311101103,12311101103,Coletivo com Administradora de Benefícios  como Estipulante,,asset_receivable,1
account_template_ans_12311109901,12311109901,Individual,,asset_current,
account_template_ans_12311109902,12311109902,Coletivo sem Administradora de Benefícios como Estipulante,,asset_current,
account_template_ans_12311109903,12311109903,Coletivo com Administradora de Benefícios como Estipulante,,asset_current,
account_template_ans_12311201102,12311201102,Coletivo sem Administradora de Benefícios como Estipulante - Reembolso,,asset_receivable,1
account_template_ans_12311201103,12311201103,Coletivo com Administradora de Benefícios  como Estipulante - Reembolso,,asset_receivable,1
account_template_ans_12311201105,12311201105,Taxa de Administração com Plano de Assitencia Medico Hospitalar,,asset_receivable,1
account_template_ans_12311202202,12311202202,Coletivo sem Administradora de Benefícios como Estipulante - Reembolso,,asset_receivable,1
account_template_ans_12311202203,12311202203,Coletivo com Administradora de Benefícios  como Estipulante - Reembolso,,asset_receivable,1
account_template_ans_12311202205,12311202205,Taxa de Administração com Plano de Assitencia Medico Hospitalar,,asset_receivable,1
account_template_ans_12311209902,12311209902,Coletivo sem Administradora de Benefícios como Estipulante - Reembolso,,asset_current,
account_template_ans_12311209903,12311209903,Coletivo com Administradora de Benefícios  como Estipulante - Reembolso,,asset_current,
account_template_ans_12311209905,12311209905,Taxa de Administração com Plano de Assitencia Medico Hospitalar,,asset_current,
account_template_ans_12312101101,12312101101,Individual,,asset_receivable,1
account_template_ans_12312101102,12312101102,Coletivo sem Administradora de Benefícios como Estipulante,,asset_receivable,1
account_template_ans_12312101103,12312101103,Coletivo com Administradora de Benefícios  como Estipulante,,asset_receivable,1
account_template_ans_12312109901,12312109901,Individual,,asset_current,
account_template_ans_12312109902,12312109902,Coletivo sem Administradora de Benefícios como Estipulante,,asset_current,
account_template_ans_12312109903,12312109903,Coletivo com Administradora de Benefícios  como Estipulante,,asset_current,
account_template_ans_12312201102,12312201102,Coletivo sem Administradora de Benefícios como Estipulante – Reembolso,,asset_receivable,1
account_template_ans_12312201103,12312201103,Coletivo com Administradora de Benefícios como Estipulante - Reembolso,,asset_receivable,1
account_template_ans_12312201105,12312201105,Taxa de Administração com Plano de Assitencia Odontológica,,asset_receivable,1
account_template_ans_12312202202,12312202202,Coletivo sem Administradora de Benefícios como Estipulante - Reembolso,,asset_receivable,1
account_template_ans_12312202203,12312202203,Coletivo com Administradora de Benefícios como Estipulante - Reembolso,,asset_receivable,1
account_template_ans_12312202205,12312202205,Taxa de Administração com Plano de Assitencia Odontológica,,asset_receivable,1
account_template_ans_12312209902,12312209902,Coletivo sem Administradora de Benefícios como Estipulante - Reembolso,,asset_current,
account_template_ans_12312209903,12312209903,Coletivo com Administradora de Benefícios como Estipulante - Reembolso,,asset_current,
account_template_ans_12312209905,12312209905,Taxa de Administração com Plano de Assitencia Odontológica,,asset_current,
account_template_ans_12321901101,12321901101,Contratos Estipulados,,asset_receivable,1
account_template_ans_12321901102,12321901102,Contratos Não Estipulados,,asset_receivable,1
account_template_ans_12321901109,12321901109,(-)Provisão para Perdas Sobre Créditos,,asset_current,
account_template_ans_12321902201,12321902201,Contratos Estipulados,,asset_receivable,1
account_template_ans_12321902202,12321902202,Contratos Não Estipulados,,asset_receivable,1
account_template_ans_12321902209,12321902209,(-)Provisão para Perdas Sobre Créditos,,asset_current,
account_template_ans_12322901101,12322901101,Contratos Estipulados,,asset_receivable,1
account_template_ans_12322901102,12322901102,Contratos Não Estipulados,,asset_receivable,1
account_template_ans_12322901109,12322901109,(-)Provisão para Perdas Sobre Créditos,,asset_current,
account_template_ans_12322902201,12322902201,Contratos Estipulados,,asset_receivable,1
account_template_ans_12322902202,12322902202,Contratos Não Estipulados,,asset_receivable,1
account_template_ans_12322902209,12322902209,(-)Provisão para Perdas Sobre Créditos,,asset_current,
account_template_ans_12331101101,12331101101,Participação dos Beneficiários em Eventos/Sinistros Indenizados,,asset_receivable,1
account_template_ans_12331101109,12331101109,(-) Provisão para Perdas Sobre Créditos,,asset_current,
account_template_ans_12331102201,12331102201,Participação dos Beneficiários em Eventos/Sinistros Indenizados,,asset_receivable,1
account_template_ans_12331201101,12331201101,Participação dos Beneficiários em Eventos/Sinistros Indenizados,,asset_receivable,1
account_template_ans_12331201109,12331201109,(-) Provisão para Perdas Sobre Créditos,,asset_current,
account_template_ans_12331202201,12331202201,Participação dos Beneficiários em Eventos/Sinistros Indenizados,,asset_receivable,1
account_template_ans_12332101101,12332101101,Participação dos Beneficiários em Eventos/Sinistros Indenizados,,asset_receivable,1
account_template_ans_12332101109,12332101109,(-) Provisão para Perdas Sobre Créditos,,asset_current,
account_template_ans_12332102201,12332102201,Participação dos Beneficiários em Eventos/Sinistros Indenizados,,asset_receivable,1
account_template_ans_12332201101,12332201101,Participação dos Beneficiários em Eventos/Sinistros Indenizados,,asset_receivable,1
account_template_ans_12332201109,12332201109,(-) Provisão para Perdas Sobre Créditos,,asset_current,
account_template_ans_12332202201,12332202201,Participação dos Beneficiários em Eventos/Sinistros Indenizados,,asset_receivable,1
account_template_ans_12341101101,12341101101,Contraprestação Corresponsabilidade Assumida,,asset_receivable,1
account_template_ans_12341102201,12341102201,Prêmios,,asset_current,
account_template_ans_12341102202,12341102202,Sinistros,,asset_current,
account_template_ans_12341102203,12341102203,Comercialização,,asset_current,
account_template_ans_12341102208,12341102208,Outros Créditos,,asset_current,
account_template_ans_12341103301,12341103301,Prêmios,,asset_current,
account_template_ans_12341103302,12341103302,Sinistros,,asset_current,
account_template_ans_12341103303,12341103303,Comercialização,,asset_current,
account_template_ans_12341103308,12341103308,Outros Créditos,,asset_current,
account_template_ans_12341108801,12341108801,Outros,,asset_current,
account_template_ans_12341109901,12341109901,(-) Provisão para Perdas Sobre Créditos,,asset_current,
account_template_ans_12341201101,12341201101,Contraprestação Corresponsabilidade Assumida - Reembolso,,asset_current,
account_template_ans_12341201102,12341201102,Taxa de Administração,,asset_current,
account_template_ans_12341202201,12341202201,Prêmios,,asset_current,
account_template_ans_12341202202,12341202202,Sinistros,,asset_current,
account_template_ans_12341202203,12341202203,Comercialização,,asset_current,
account_template_ans_12341202208,12341202208,Outros Créditos,,asset_current,
account_template_ans_12341203301,12341203301,Prêmios,,asset_current,
account_template_ans_12341203302,12341203302,Sinistros,,asset_current,
account_template_ans_12341203303,12341203303,Comercialização,,asset_current,
account_template_ans_12341203308,12341203308,Outros Créditos,,asset_current,
account_template_ans_12341208801,12341208801,Outros,,asset_current,
account_template_ans_12341209901,12341209901,(-) Provisão para Perdas Sobre Créditos,,asset_current,
account_template_ans_12342101101,12342101101,Contraprestação Corresponsabilidade Assumida,,asset_current,
account_template_ans_12342102201,12342102201,Prêmios,,asset_current,
account_template_ans_12342102202,12342102202,Sinistros,,asset_current,
account_template_ans_12342102203,12342102203,Comercialização,,asset_current,
account_template_ans_12342102208,12342102208,Outros Créditos,,asset_current,
account_template_ans_12342103301,12342103301,Prêmios,,asset_current,
account_template_ans_12342103302,12342103302,Sinistros,,asset_current,
account_template_ans_12342103303,12342103303,Comercialização,,asset_current,
account_template_ans_12342103308,12342103308,Outros Créditos,,asset_current,
account_template_ans_12342108801,12342108801,Outros,,asset_current,
account_template_ans_12342109901,12342109901,(-) Provisão para Perdas Sobre Créditos,,asset_current,
account_template_ans_12342201101,12342201101,Contraprestação Corresponsabilidade Assumida - Reembolso,,asset_current,
account_template_ans_12342201102,12342201102,Taxa de Administração,,asset_current,
account_template_ans_12342202201,12342202201,Prêmios,,asset_current,
account_template_ans_12342202202,12342202202,Sinistros,,asset_current,
account_template_ans_12342202203,12342202203,Comercialização,,asset_current,
account_template_ans_12342202208,12342202208,Outros Créditos,,asset_current,
account_template_ans_12342203301,12342203301,Prêmios,,asset_current,
account_template_ans_12342203302,12342203302,Sinistros,,asset_current,
account_template_ans_12342203303,12342203303,Comercialização,,asset_current,
account_template_ans_12342203308,12342203308,Outros Créditos,,asset_current,
account_template_ans_12342208801,12342208801,Outros,,asset_current,
account_template_ans_12342209901,12342209901,(-) Provisão para Perdas Sobre Créditos,,asset_current,
account_template_ans_12391101101,12391101101,Reembolso de Sinistros pendentes de liquidação,,asset_current,
account_template_ans_12391101102,12391101102,Reembolso de Sinistros liquidados,,asset_current,
account_template_ans_12391101109,12391101109,(-) Provisão para Perdas Sobre Créditos,,asset_current,
account_template_ans_12391102201,12391102201,Reembolso de Sinistros pendentes de liquidação,,asset_current,
account_template_ans_12391102202,12391102202,Reembolso de Sinistros liquidados,,asset_current,
account_template_ans_12391102209,12391102209,(-) Provisão para Perdas Sobre Créditos,,asset_current,
account_template_ans_12391108802,12391108802,Créditos em Programas ou Fundos para Custeio de Despesas de Assistência Médico-Hospitalar,,asset_current,
account_template_ans_12391108808,12391108808,Outros Créditos de Operações de Assistência Médico-Hospitalar,,asset_current,
account_template_ans_12391108809,12391108809,(-) Provisão para Perdas Sobre Créditos,,asset_current,
account_template_ans_12391208802,12391208802,Créditos em Programas ou Fundos para Custeio de Despesas de Assistência Médico-Hospitalar,,asset_current,
account_template_ans_12391208808,12391208808,Outros Créditos de Operações de Assistência Médico-Hospitalar,,asset_current,
account_template_ans_12391208809,12391208809,(-) Provisão para Perdas Sobre Créditos,,asset_current,
account_template_ans_12392101101,12392101101,Reembolso de Sinistros pendentes de liquidação,,asset_current,
account_template_ans_12392101102,12392101102,Reembolso de Sinistros liquidados,,asset_current,
account_template_ans_12392101109,12392101109,(-) Provisão para Perdas Sobre Créditos,,asset_current,
account_template_ans_12392102201,12392102201,Reembolso de Sinistros pendentes de liquidação,,asset_current,
account_template_ans_12392102202,12392102202,Reembolso de Sinistros liquidados,,asset_current,
account_template_ans_12392102209,12392102209,(-) Provisão para Perdas Sobre Créditos,,asset_current,
account_template_ans_12392108802,12392108802,Créditos em Programas ou Fundos para Custeio de Despesas de Assistência Odontológica,,asset_current,
account_template_ans_12392108808,12392108808,Outros Créditos de Operações de Assistência Odontológica,,asset_current,
account_template_ans_12392108809,12392108809,(-) Provisão para Perdas Sobre Créditos,,asset_current,
account_template_ans_12392208802,12392208802,Créditos em Programas ou Fundos para Custeio de Despesas de Assistência Odontológica,,asset_current,
account_template_ans_12392208808,12392208808,Outros Créditos de Operações de Assistência Odontológica,,asset_current,
account_template_ans_12392208809,12392208809,(-) Provisão para Perdas Sobre Créditos,,asset_current,
account_template_ans_12411901101,12411901101,Contas a Receber,,asset_receivable,1
account_template_ans_12411901109,12411901109,(-) Provisão para Perdas Sobre Créditos,,asset_current,
account_template_ans_12411902201,12411902201,Taxa de Administração,,asset_current,
account_template_ans_12411902202,12411902202,Reembolso,,asset_current,
account_template_ans_12411902209,12411902209,(-) Provisão para Perdas Sobre Créditos,,asset_current,
account_template_ans_12411908802,12411908802,Créditos com Administração de Programas ou Fundos de Custeio de Despesas Médico-Hospitalar,,asset_current,
account_template_ans_12411908808,12411908808,Outros Créditos Operacionais de Prestação de Serviço Médico-Hospitalar,,asset_current,
account_template_ans_12411908809,12411908809,(-) Provisão para Perdas Sobre Créditos,,asset_current,
account_template_ans_12412901101,12412901101,Contas a Receber,,asset_receivable,1
account_template_ans_12412901109,12412901109,(-) Provisão para Perdas Sobre Créditos,,asset_current,
account_template_ans_12412902201,12412902201,Taxa de Administração,,asset_receivable,1
account_template_ans_12412902202,12412902202,Reembolso,,asset_receivable,1
account_template_ans_12412902209,12412902209,(-) Provisão para Perdas Sobre Créditos,,asset_current,
account_template_ans_12412908802,12412908802,Créditos com Administração de Programas ou Fundos de Custeio de Despesas Odontológica,,asset_current,
account_template_ans_12412908808,12412908808,Outros Créditos Operacionais de Prestação de Serviço Odontológico,,asset_current,
account_template_ans_12412908809,12412908809,(-) Provisão para Perdas Sobre Créditos,,asset_current,
account_template_ans_12511901101,12511901101,Comissões/Agenciamentos Diferidos - Contraprestações Pecuniárias,,asset_current,
account_template_ans_12511902201,12511902201,Comissão/Agenciamentos de Seguros,,asset_current,
account_template_ans_12511902202,12511902202,Comissão/Agenciamentos de Cosseguro Aceito,,asset_current,
account_template_ans_12512901101,12512901101,Comissões/Agenciamentos Diferidos - Contraprestações Pecuniárias,,asset_current,
account_template_ans_12512902201,12512902201,Comissão/Agenciamentos de Seguros,,asset_current,
account_template_ans_12512902202,12512902202,Comissão/Agenciamentos de Cosseguro Aceito,,asset_current,
account_template_ans_12521901101,12521901101,Prêmio de Resseguro Diferido,,asset_current,
account_template_ans_12522901101,12522901101,Prêmio de Resseguro Diferido,,asset_current,
account_template_ans_12611901101,12611901101,Imposto de Renda Retido na Fonte - IRRF,,asset_current,
account_template_ans_12611901102,12611901102,Imposto de Renda a Compensar/Restituir,,asset_current,
account_template_ans_12611901103,12611901103,Antecipações de Imposto de Renda,,asset_current,
account_template_ans_12611902201,12611902201,Contribuição Social Retida na Fonte,,asset_current,
account_template_ans_12611902202,12611902202,Contribuição Social a Compensar/Restituir,,asset_current,
account_template_ans_12611902203,12611902203,Antecipações da Contribuição Social,,asset_current,
account_template_ans_12611903301,12611903301,Crédito de Previdência Social,,asset_current,
account_template_ans_12611904401,12611904401,Créditos de PIS e COFINS,,asset_current,
account_template_ans_12611905501,12611905501,Imposto Sobre Serviços - ISS,,asset_current,
account_template_ans_12611908808,12611908808,Outros Créditos Tributários e Previdenciários,,asset_current,
account_template_ans_12711901101,12711901101,Estoques,,asset_current,
account_template_ans_12711901102,12711901102,Almoxarifado,,asset_current,
account_template_ans_12721901101,12721901101,Imóveis a Venda,,asset_current,
account_template_ans_12721901102,12721901102,Outros Bens a Venda,,asset_current,
account_template_ans_12731901101,12731901101,Dependências no País,,asset_current,
account_template_ans_12741901101,12741901101,Adiantamentos a Funcionários,,asset_current,
account_template_ans_12741901102,12741901102,Adiantamentos a Prestadores de Serviços Assistenciais,,asset_current,
account_template_ans_12741901103,12741901103,Adiantamentos a Fornecedores,,asset_current,
account_template_ans_12741901108,12741901108,Outros Adiantamentos,,asset_current,
account_template_ans_12741901109,12741901109,(-) Provisão para Perdas Sobre Créditos,,asset_current,
account_template_ans_12761901101,12761901101,Empréstimos,,asset_current,
account_template_ans_12761901102,12761901102,Depósitos,,asset_current,
account_template_ans_12761901109,12761901109,(-) Provisão para Perdas Sobre Créditos,,asset_current,
account_template_ans_12771901101,12771901101,Notas Promissórias,,asset_current,
account_template_ans_12771901102,12771901102,Cheques e Ordens a Receber,,asset_current,
account_template_ans_12771901108,12771901108,Outros Títulos a Receber,,asset_current,
account_template_ans_12771901109,12771901109,(-) Provisão para Perdas Sobre Créditos,,asset_current,
account_template_ans_12772901101,12772901101,Direitos Resultantes da Venda de Carteira de Beneficiários de Planos de Saúde,,asset_current,
account_template_ans_12772901109,12772901109,(-) Provisão para Perdas Sobre Créditos,,asset_current,
account_template_ans_12773901101,12773901101,Créditos a Receber de Outras Atividades Operacionais,,asset_current,
account_template_ans_12773901102,12773901102,Faturas a Receber de Prestação de Serviços,,asset_current,
account_template_ans_12781901101,12781901101,Aluguéis a Receber,,asset_current,
account_template_ans_12781901102,12781901102,Participação em Lucros a Receber,,asset_current,
account_template_ans_12781901103,12781901103,Dividendos e Juros sobre Capital Próprio a Receber,,asset_current,
account_template_ans_12781901104,12781901104,Direitos Resultantes da Venda de Imóveis,,asset_current,
account_template_ans_12781901108,12781901108,Outros Créditos ou Bens a Receber,,asset_current,
account_template_ans_12781901109,12781901109,(-) Provisão para Perdas Sobre Créditos,,asset_current,
account_template_ans_12811901101,12811901101,Despesas Administrativas,,asset_current,
account_template_ans_12821901101,12821901101,Despesas Patrimoniais,,asset_current,
account_template_ans_12831901101,12831901101,Despesas Operacionais Antecipadas,,asset_current,
account_template_ans_12891901101,12891901101,Outras Despesas Antecipadas,,asset_current,
account_template_ans_12911901101,12911901101,Créditos a receber de Cooperados,,asset_current,
account_template_ans_12911901109,12911901109,(-) Provisão para Perdas Sobre Créditos,,asset_current,
account_template_ans_13111901101,13111901101,Valor Original,,asset_non_current,
account_template_ans_13111901102,13111901102,Ajuste ao Valor de Mercado,,asset_non_current,
account_template_ans_13111902201,13111902201,Valor Original,,asset_non_current,
account_template_ans_13111902202,13111902202,Ajuste ao Valor de Mercado,,asset_non_current,
account_template_ans_13111908801,13111908801,Valor Original,,asset_non_current,
account_template_ans_13111908802,13111908802,Ajuste ao Valor de Mercado,,asset_non_current,
account_template_ans_13111909909,13111909909,(-) Provisão para Desvalorização de Títulos de Renda Fixa - Privados,,asset_non_current,
account_template_ans_13112901101,13112901101,Valor Original,,asset_non_current,
account_template_ans_13112901102,13112901102,Ajuste ao Valor de Mercado,,asset_non_current,
account_template_ans_13112902201,13112902201,Valor Original,,asset_non_current,
account_template_ans_13112902202,13112902202,Ajuste ao Valor de Mercado,,asset_non_current,
account_template_ans_13112908801,13112908801,Valor Original,,asset_non_current,
account_template_ans_13112908802,13112908802,Ajuste ao Valor de Mercado,,asset_non_current,
account_template_ans_13112909909,13112909909,(-) Provisão para Desvalorização de Títulos de Renda Fixa - Públicos,,asset_non_current,
account_template_ans_13113901101,13113901101,Valor Original,,asset_non_current,
account_template_ans_13113901102,13113901102,Ajuste ao Valor de Mercado,,asset_non_current,
account_template_ans_13113902201,13113902201,Valor Original,,asset_non_current,
account_template_ans_13113902202,13113902202,Ajuste ao Valor de Mercado,,asset_non_current,
account_template_ans_13113908801,13113908801,Valor Original,,asset_non_current,
account_template_ans_13113908802,13113908802,Ajuste ao Valor de Mercado,,asset_non_current,
account_template_ans_13113909909,13113909909,(-) Provisão para Desvalorização de Títulos de Renda Variável,,asset_non_current,
account_template_ans_13118908801,13118908801,Valor Original,,asset_non_current,
account_template_ans_13118908802,13118908802,Ajuste ao Valor de Mercado,,asset_non_current,
account_template_ans_13118909909,13118909909,(-) Provisão para Desvalorização de Outras Aplicações,,asset_non_current,
account_template_ans_13121901101,13121901101,Valor Original,,asset_non_current,
account_template_ans_13121901102,13121901102,Ajuste ao Valor de Mercado,,asset_non_current,
account_template_ans_13121902201,13121902201,Valor Original,,asset_non_current,
account_template_ans_13121902202,13121902202,Ajuste ao Valor de Mercado,,asset_non_current,
account_template_ans_13121908801,13121908801,Valor Original,,asset_non_current,
account_template_ans_13121908802,13121908802,Ajuste ao Valor de Mercado,,asset_non_current,
account_template_ans_13121909909,13121909909,(-) Provisão para Desvalorização de Títulos de Renda Fixa - Privados,,asset_non_current,
account_template_ans_13122901101,13122901101,Valor Original,,asset_non_current,
account_template_ans_13122901102,13122901102,Ajuste ao Valor de Mercado,,asset_non_current,
account_template_ans_13122902201,13122902201,Valor Original,,asset_non_current,
account_template_ans_13122902202,13122902202,Ajuste ao Valor de Mercado,,asset_non_current,
account_template_ans_13122908801,13122908801,Valor Original,,asset_non_current,
account_template_ans_13122908802,13122908802,Ajuste ao Valor de Mercado,,asset_non_current,
account_template_ans_13122909909,13122909909,(-) Provisão para Desvalorização de Títulos de Renda Fixa - Públicos,,asset_non_current,
account_template_ans_13123901101,13123901101,Valor Original,,asset_non_current,
account_template_ans_13123901102,13123901102,Ajuste ao Valor de Mercado,,asset_non_current,
account_template_ans_13123902201,13123902201,Valor Original,,asset_non_current,
account_template_ans_13123902202,13123902202,Ajuste ao Valor de Mercado,,asset_non_current,
account_template_ans_13123903301,13123903301,Valor Original,,asset_non_current,
account_template_ans_13123903302,13123903302,Ajuste ao Valor de Mercado,,asset_non_current,
account_template_ans_13123904401,13123904401,Valor Original,,asset_non_current,
account_template_ans_13123904402,13123904402,Ajuste ao Valor de Mercado,,asset_non_current,
account_template_ans_13123908801,13123908801,Valor Original,,asset_non_current,
account_template_ans_13123908802,13123908802,Ajuste ao Valor de Mercado,,asset_non_current,
account_template_ans_13123909909,13123909909,(-) Provisão para Desvalorização de Títulos de Renda Variável,,asset_non_current,
account_template_ans_13128908801,13128908801,Valor Original,,asset_non_current,
account_template_ans_13128908802,13128908802,Ajuste ao Valor de Mercado,,asset_non_current,
account_template_ans_13128909909,13128909909,(-) Provisão para Desvalorização de Outras Aplicações,,asset_non_current,
account_template_ans_13131901101,13131901101,Imposto de Renda,,asset_non_current,1
account_template_ans_13131901102,13131901102,Contribuição Social,,asset_non_current,1
account_template_ans_13131901103,13131901103,Crédito de Previdência Social,,asset_non_current,1
account_template_ans_13131901104,13131901104,Créditos de PIS e COFINS,,asset_non_current,1
account_template_ans_13131901105,13131901105,Imposto Sobre Serviços - ISS,,asset_non_current,1
account_template_ans_13131901108,13131901108,Outros Créditos Tributários e Previdenciários,,asset_non_current,1
account_template_ans_13141901101,13141901101,Direitos Resultantes da Venda de Imóveis,,asset_non_current,1
account_template_ans_13141901102,13141901102,(-) Ajuste a Valor Presente,,expense,
account_template_ans_13141901109,13141901109,(-) Provisão para Perdas Sobre Créditos,,asset_non_current,
account_template_ans_13141902201,13141902201,Direitos Resultantes da Venda de Carteira de Beneficiários de Planos de Saúde,,asset_non_current,1
account_template_ans_13141902202,13141902202,(-) Ajuste a Valor Presente,,expense,
account_template_ans_13141902209,13141902209,(-) Provisão para Perdas Sobre Créditos,,asset_non_current,
account_template_ans_13141903301,13141903301,Contraprestação Pecuniária/Prêmio em Contestação - Depósito Judicial pelo Contratante,,asset_non_current,1
account_template_ans_13141903309,13141903309,(-) Provisão para Perdas Sobre Créditos,,asset_non_current,
account_template_ans_13142901101,13142901101,Notas Promissórias,,asset_non_current,1
account_template_ans_13142901102,13142901102,(-) Ajuste a Valor Presente,,expense,
account_template_ans_13142901109,13142901109,(-) Provisão para Perdas Sobre Créditos,,asset_non_current,
account_template_ans_13142908801,13142908801,Outros Títulos a Receber,,asset_non_current,1
account_template_ans_13142908802,13142908802,(-) Ajuste a Valor Presente,,expense,
account_template_ans_13142908809,13142908809,(-) Provisão para Perdas Sobre Créditos,,asset_non_current,
account_template_ans_13143901101,13143901101,Empréstimos,,asset_non_current,1
account_template_ans_13143901102,13143901102,(-) Ajuste a Valor Presente,,expense,
account_template_ans_13143902201,13143902201,Depósitos,,asset_non_current,1
account_template_ans_13143902202,13143902202,(-) Ajuste a Valor Presente,,expense,
account_template_ans_13148901101,13148901101,Outros Valores e Bens,,asset_non_current,1
account_template_ans_13148901102,13148901102,(-) Ajuste a Valor Presente,,expense,
account_template_ans_13148901109,13148901109,(-) Provisão para Perdas Sobre Créditos,,asset_non_current,
account_template_ans_13151901101,13151901101,Comissões/Agenciamentos Diferidos - Contraprestações Pecuniárias,,asset_current,
account_template_ans_13151902201,13151902201,Comissão/Agenciamento de Seguros,,asset_current,
account_template_ans_13151902202,13151902202,Comissão/Agenciamento de Cosseguro Aceito,,asset_current,
account_template_ans_13151908801,13151908801,Outras Comissões Diferidas - Assistência Médico- Hospitalar,,asset_current,
account_template_ans_13152901101,13152901101,Comissões/Agenciamentos Diferidos - Contraprestações Pecuniárias,,asset_current,
account_template_ans_13152902201,13152902201,Comissão/Agenciamentos de Seguros,,asset_current,
account_template_ans_13152902202,13152902202,Comissão/Agenciamentos de Cosseguro Aceito,,asset_current,
account_template_ans_13152908808,13152908808,Outras Comissões Diferidas – Assistência Odontológica,,asset_current,
account_template_ans_13161901101,13161901101,Imposto de Renda (IRPJ),,asset_current,
account_template_ans_13161901102,13161901102,Contribuição Social Sobre o Lucro Líquido (CSLL),,asset_current,
account_template_ans_13161902201,13161902201,Imposto de Renda (IRPJ),,asset_current,
account_template_ans_13161902202,13161902202,Contribuição Social Sobre o Lucro Líquido (CSLL),,asset_current,
account_template_ans_13171901101,13171901101,Depósitos Judiciais - Eventos / Sinistros,,asset_current,
account_template_ans_13171901102,13171901102,Depósitos Judiciais e Fiscais - Tributos,,asset_current,
account_template_ans_13171901103,13171901103,Depósitos Judiciais - Civeis,,asset_current,
account_template_ans_13171901104,13171901104,Depósitos Judiciais - Trabalhistas,,asset_current,
account_template_ans_13171901105,13171901105,Depósitos Judiciais - Ressarcimento SUS,,asset_current,
account_template_ans_13171901106,13171901106,Depósitos Judiciais - TSS e Multas ANS,,asset_current,
account_template_ans_13181901101,13181901101,Outros Créditos a Receber a Longo Prazo,,asset_current,
account_template_ans_13181901102,13181901102,(-) Ajuste a Valor Presente,,asset_current,
account_template_ans_13181901109,13181901109,(-) Provisão para Perdas Sobre Créditos,,asset_non_current,
account_template_ans_13182903301,13182903301,Despesas Operacionais Antecipadas de Longo Prazo,,asset_current,
account_template_ans_13191901101,13191901101,Passivo Tributário a Receber de Cooperados,,asset_current,
account_template_ans_13211901101,13211901101,Valor Patrimonial,,asset_current,
account_template_ans_13211901102,13211901102,Mais valia de ativos,,asset_non_current,
account_template_ans_13211901103,13211901103,Goodwill,,asset_non_current,
account_template_ans_13211901109,13211901109,(-) Provisão para Desvalorização,,asset_non_current,
account_template_ans_13211902201,13211902201,Valor Patrimonial,,asset_non_current,
account_template_ans_13211902202,13211902202,Mais valia de ativos,,asset_non_current,
account_template_ans_13211902203,13211902203,Goodwill,,asset_non_current,
account_template_ans_13211902209,13211902209,(-) Provisão para Desvalorização,,asset_non_current,
account_template_ans_13212901101,13212901101,Valor Patrimonial,,asset_non_current,
account_template_ans_13212901102,13212901102,Ágio mais valia de ativos,,asset_non_current,
account_template_ans_13212901103,13212901103,Goodwill,,asset_non_current,
account_template_ans_13212901109,13212901109,(-) Provisão para Desvalorização,,asset_non_current,
account_template_ans_13212902201,13212902201,Valor Patrimonial,,asset_non_current,
account_template_ans_13212902202,13212902202,Ágio mais valia de ativos,,asset_non_current,
account_template_ans_13212902203,13212902203,Goodwill,,asset_non_current,
account_template_ans_13212902209,13212902209,(-) Provisão para Desvalorização,,asset_non_current,
account_template_ans_13213901101,13213901101,Valor Patrimonial,,asset_non_current,
account_template_ans_13213901102,13213901102,Ágio mais valia de ativos,,asset_non_current,
account_template_ans_13213901103,13213901103,Goodwill,,asset_non_current,
account_template_ans_13213901109,13213901109,(-) Provisão para Desvalorização,,asset_non_current,
account_template_ans_13213902201,13213902201,Valor Patrimonial,,asset_non_current,
account_template_ans_13213902202,13213902202,Ágio mais valia de ativos,,asset_non_current,
account_template_ans_13213902203,13213902203,Goodwill,,asset_non_current,
account_template_ans_13213902209,13213902209,(-) Provisão para Desvalorização,,asset_non_current,
account_template_ans_13214901101,13214901101,Valor Patrimonial,,asset_non_current,
account_template_ans_13214901102,13214901102,Mais valia de ativos,,asset_non_current,
account_template_ans_13214901103,13214901103,Goodwill,,asset_non_current,
account_template_ans_13214901109,13214901109,(-) Provisão para Desvalorização,,asset_non_current,
account_template_ans_13214902201,13214902201,Valor Patrimonial,,asset_non_current,
account_template_ans_13214902202,13214902202,Mais valia de ativos,,asset_non_current,
account_template_ans_13214902203,13214902203,Goodwill,,asset_non_current,
account_template_ans_13214902209,13214902209,(-) Provisão para Desvalorização,,asset_non_current,
account_template_ans_13215901101,13215901101,Valor Patrimonial,,asset_non_current,
account_template_ans_13215901102,13215901102,Mais valia de ativos,,asset_non_current,
account_template_ans_13215901103,13215901103,Goodwill,,asset_non_current,
account_template_ans_13215901109,13215901109,(-) Provisão para Desvalorização,,asset_non_current,
account_template_ans_13215902201,13215902201,Valor Patrimonial,,asset_non_current,
account_template_ans_13215902202,13215902202,Mais valia de ativos,,asset_non_current,
account_template_ans_13215902203,13215902203,Goodwill,,asset_non_current,
account_template_ans_13215902209,13215902209,(-) Provisão para Desvalorização,,asset_non_current,
account_template_ans_13221901101,13221901101,Participação em Operadoras,,asset_non_current,
account_template_ans_13221901102,13221901102,Participação em Rede Assistencial Não Hospitalar,,asset_non_current,
account_template_ans_13221901103,13221901103,Participação em Rede Hospitalar,,asset_non_current,
account_template_ans_13221902201,13221902201,"Participações em Instituições Reguladas (SUSEP, BACEN, PREVIC)",,asset_non_current,
account_template_ans_13221903301,13221903301,Outras Participações,,asset_non_current,
account_template_ans_13231901101,13231901101,Ações de Incentivos Fiscais,,asset_non_current,
account_template_ans_13231901102,13231901102,Quotas de Fundos,,asset_non_current,
account_template_ans_13231901108,13231901108,Outros,,asset_non_current,
account_template_ans_13231901109,13231901109,(-) Provisão para Desvalorização de Incentivos Fiscais,,asset_non_current,
account_template_ans_13241901101,13241901101,Terrenos,,asset_non_current,
account_template_ans_13241901102,13241901102,Edificações,,asset_non_current,
account_template_ans_13241902201,13241902201,(-) Terrenos,,expense,
account_template_ans_13241902202,13241902202,(-) Edificações,,expense,
account_template_ans_13241903301,13241903301,Edificações,,asset_non_current,
account_template_ans_13281901101,13281901101,Títulos Patrimoniais,,asset_non_current,
account_template_ans_13281901108,13281901108,Outros Investimentos,,asset_non_current,
account_template_ans_13281909901,13281909901,(-) Provisão para Desvalorização - Títulos Patrimoniais,,asset_non_current,
account_template_ans_13281909908,13281909908,(-) Provisão para Desvalorização - Outros Investimentos,,asset_non_current,
account_template_ans_13311901101,13311901101,Terrenos,,asset_non_current,
account_template_ans_13311901102,13311901102,Edificações,,asset_non_current,
account_template_ans_13311902201,13311902201,Terrenos,,asset_non_current,
account_template_ans_13311902202,13311902202,Edificações,,asset_non_current,
account_template_ans_13311903301,13311903301,Edificações,,expense,
account_template_ans_13311909901,13311909901,Terrenos,,asset_non_current,
account_template_ans_13311909902,13311909902,Edificações,,asset_non_current,
account_template_ans_13312901101,13312901101,Terrenos,,asset_non_current,
account_template_ans_13312901102,13312901102,Edificações,,asset_non_current,
account_template_ans_13312902201,13312902201,Terrenos,,asset_non_current,
account_template_ans_13312902202,13312902202,Edificações,,asset_non_current,
account_template_ans_13312903301,13312903301,Edificações,,expense,
account_template_ans_13312909901,13312909901,Terrenos,,asset_non_current,
account_template_ans_13312909902,13312909902,Edificações,,asset_non_current,
account_template_ans_13321901101,13321901101,Instalações,,asset_non_current,
account_template_ans_13321901102,13321901102,Máquinas e equipamentos,,asset_non_current,
account_template_ans_13321901103,13321901103,Equipamentos de Processamento Eletrônico de Dados - Hardware,,asset_non_current,
account_template_ans_13321901104,13321901104,Móveis e utensilios,,asset_non_current,
account_template_ans_13321901105,13321901105,Veiculos,,asset_non_current,
account_template_ans_13321902201,13321902201,Instalações,,asset_non_current,
account_template_ans_13321902202,13321902202,Máquinas e equipamentos,,asset_non_current,
account_template_ans_13321902203,13321902203,Equipamentos de Processamento Eletrônico de Dados - Hardware,,asset_non_current,
account_template_ans_13321902204,13321902204,Móveis e utensilios,,asset_non_current,
account_template_ans_13321902205,13321902205,Veiculos,,asset_non_current,
account_template_ans_13321903301,13321903301,Instalações,,expense,
account_template_ans_13321903302,13321903302,Máquinas e equipamentos,,expense,
account_template_ans_13321903303,13321903303,Equipamentos de Processamento Eletrônico de Dados - Hardware,,expense,
account_template_ans_13321903304,13321903304,Móveis e utensilios,,expense,
account_template_ans_13321903305,13321903305,Veiculos,,expense,
account_template_ans_13321909901,13321909901,Instalações,,asset_non_current,
account_template_ans_13321909902,13321909902,Máquinas e equipamentos,,asset_non_current,
account_template_ans_13321909903,13321909903,Equipamentos de Processamento Eletrônico de Dados - Hardware,,asset_non_current,
account_template_ans_13321909904,13321909904,Móveis e utensilios,,asset_non_current,
account_template_ans_13321909905,13321909905,Veiculos,,asset_non_current,
account_template_ans_13322901101,13322901101,Instalações,,asset_non_current,
account_template_ans_13322901102,13322901102,Máquinas e equipamentos,,asset_non_current,
account_template_ans_13322901103,13322901103,Equipamentos de Processamento Eletrônico de Dados - Hardware,,asset_non_current,
account_template_ans_13322901104,13322901104,Móveis e utensilios,,asset_non_current,
account_template_ans_13322901105,13322901105,Veiculos,,asset_non_current,
account_template_ans_13322902201,13322902201,Instalações,,asset_non_current,
account_template_ans_13322902202,13322902202,Máquinas e equipamentos,,asset_non_current,
account_template_ans_13322902203,13322902203,Equipamentos de Processamento Eletrônico de Dados - Hardware,,asset_non_current,
account_template_ans_13322902204,13322902204,Móveis e utensilios,,asset_non_current,
account_template_ans_13322902205,13322902205,Veiculos,,asset_non_current,
account_template_ans_13322903301,13322903301,Instalações,,expense,
account_template_ans_13322903302,13322903302,Máquinas e equipamentos,,expense,
account_template_ans_13322903303,13322903303,Equipamentos de Processamento Eletrônico de Dados - Hardware,,expense,
account_template_ans_13322903304,13322903304,Móveis e utensilios,,expense,
account_template_ans_13322903305,13322903305,Veiculos,,expense,
account_template_ans_13322909901,13322909901,Instalações,,asset_non_current,
account_template_ans_13322909902,13322909902,Máquinas e equipamentos,,asset_non_current,
account_template_ans_13322909903,13322909903,Equipamentos de Processamento Eletrônico de Dados - Hardware,,asset_non_current,
account_template_ans_13322909904,13322909904,Móveis e utensilios,,asset_non_current,
account_template_ans_13322909905,13322909905,Veiculos,,asset_non_current,
account_template_ans_13331901101,13331901101,Bens em uso na fase de implantação,,asset_non_current,
account_template_ans_13331901102,13331901102,Imóveis em construção,,asset_non_current,
account_template_ans_13331901103,13331901103,Instalações,,asset_non_current,
account_template_ans_13331901104,13331901104,Máquinas e equipamentos,,asset_non_current,
account_template_ans_13331901105,13331901105,Equipamentos de Processamento Eletrônico de Dados - Hardware,,asset_non_current,
account_template_ans_13331901106,13331901106,Móveis e utensilios,,asset_non_current,
account_template_ans_13331901107,13331901107,Veiculos,,asset_non_current,
account_template_ans_13331901109,13331901109,Outras imobilizações,,asset_non_current,
account_template_ans_13331902201,13331902201,Bens em uso na fase de implantação,,asset_non_current,
account_template_ans_13331902202,13331902202,Imóveis em construção,,asset_non_current,
account_template_ans_13331902203,13331902203,Instalações,,asset_non_current,
account_template_ans_13331902204,13331902204,Máquinas e equipamentos,,asset_non_current,
account_template_ans_13331902205,13331902205,Equipamentos de Processamento Eletrônico de Dados - Hardware,,asset_non_current,
account_template_ans_13331902206,13331902206,Móveis e utensilios,,asset_non_current,
account_template_ans_13331902207,13331902207,Veiculos,,asset_non_current,
account_template_ans_13331902209,13331902209,Outras imobilizações,,asset_non_current,
account_template_ans_13332901101,13332901101,Bens em uso na fase de implantação,,asset_non_current,
account_template_ans_13332901102,13332901102,Imóveis em construção,,asset_non_current,
account_template_ans_13332901103,13332901103,Instalações,,asset_non_current,
account_template_ans_13332901104,13332901104,Máquinas e equipamentos,,asset_non_current,
account_template_ans_13332901105,13332901105,Equipamentos de Processamento Eletrônico de Dados - Hardware,,asset_non_current,
account_template_ans_13332901106,13332901106,Móveis e utensilios,,asset_non_current,
account_template_ans_13332901107,13332901107,Veiculos,,asset_non_current,
account_template_ans_13332901109,13332901109,Outras imobilizações,,asset_non_current,
account_template_ans_13332902201,13332902201,Bens em uso na fase de implantação,,asset_non_current,
account_template_ans_13332902202,13332902202,Imóveis em construção,,asset_non_current,
account_template_ans_13332902203,13332902203,Instalações,,asset_non_current,
account_template_ans_13332902204,13332902204,Máquinas e equipamentos,,asset_non_current,
account_template_ans_13332902205,13332902205,Equipamentos de Processamento Eletrônico de Dados - Hardware,,asset_non_current,
account_template_ans_13332902206,13332902206,Móveis e utensilios,,asset_non_current,
account_template_ans_13332902207,13332902207,Veiculos,,asset_non_current,
account_template_ans_13332902209,13332902209,Outras imobilizações,,asset_non_current,
account_template_ans_13341901101,13341901101,Benfeitorias em imóveis de terceiros,,asset_non_current,
account_template_ans_13341901109,13341901109,Outras imobilizações,,asset_non_current,
account_template_ans_13341902201,13341902201,Benfeitorias em imóveis de terceiros,,asset_non_current,
account_template_ans_13341902209,13341902209,Outras imobilizações,,asset_non_current,
account_template_ans_13341903301,13341903301,Benfeitorias em imóveis de terceiros,,expense,
account_template_ans_13341903309,13341903309,Outras imobilizações,,expense,
account_template_ans_13341909901,13341909901,Benfeitorias em imóveis de terceiros,,asset_non_current,
account_template_ans_13341909909,13341909909,Outras imobilizações,,asset_non_current,
account_template_ans_13342901101,13342901101,Benfeitorias em imóveis de terceiros,,asset_non_current,
account_template_ans_13342901109,13342901109,Outras imobilizações,,asset_non_current,
account_template_ans_13342902201,13342902201,Benfeitorias em imóveis de terceiros,,asset_non_current,
account_template_ans_13342902209,13342902209,Outras imobilizações,,asset_non_current,
account_template_ans_13342903301,13342903301,Benfeitorias em imóveis de terceiros,,expense,
account_template_ans_13342903309,13342903309,Outras imobilizações,,expense,
account_template_ans_13342909901,13342909901,Benfeitorias em imóveis de terceiros,,asset_non_current,
account_template_ans_13342909909,13342909909,Outras imobilizações,,asset_non_current,
account_template_ans_13351901101,13351901101,Direito de Uso de Arrendamentos,,asset_non_current,
account_template_ans_13351903301,13351903301,Direito de Uso de Arrendamentos,,expense,
account_template_ans_13352901101,13352901101,Direito de Uso de Arrendamentos,,asset_non_current,
account_template_ans_13352903301,13352903301,Direito de Uso de Arrendamentos,,expense,
account_template_ans_13411901101,13411901101,Aquisição de Carteira de Plano de Assistência à Saúde,,asset_non_current,
account_template_ans_13411901102,13411901102,Sistema de Computação,,asset_non_current,
account_template_ans_13411901103,13411901103,Marcas Comerciais,,asset_non_current,
account_template_ans_13411901104,13411901104,Gastos com Promoção e Prevenção à Saúde,,asset_non_current,
account_template_ans_13411901105,13411901105,Mais valia de ativos de investimentos incorporados,,asset_non_current,
account_template_ans_13411901106,13411901106,Goodwill de investimentos incorporados,,asset_non_current,
account_template_ans_13411901109,13411901109,Outros Ativos Intangíveis,,asset_non_current,
account_template_ans_13411902201,13411902201,(-) Aquisição de Carteira de Plano de Assistência à Saúde,,asset_non_current,
account_template_ans_13411902202,13411902202,(-) Sistema de Computação,,asset_non_current,
account_template_ans_13411902203,13411902203,(-) Marcas Comerciais,,asset_non_current,
account_template_ans_13411902204,13411902204,(-) Gastos com Promoção e Prevenção à Saúde,,asset_non_current,
account_template_ans_13411902209,13411902209,(-) Outros Ativos Intangíveis,,asset_non_current,
account_template_ans_13411903301,13411903301,(-) Amortização da Aquisição de Carteira de Plano de Assistência à Saúde,,asset_non_current,
account_template_ans_13411903302,13411903302,(-) Amortização do Sistema de Computação,,asset_non_current,
account_template_ans_13411903303,13411903303,(-) Amortização de Marcas Comerciais,,asset_non_current,
account_template_ans_13411903304,13411903304,(-) Gastos com Promoção e Prevenção à Saúde,,asset_non_current,
account_template_ans_13411903309,13411903309,(-) Amortização de Outros Ativos Intangíveis,,asset_non_current,
account_template_ans_13412901101,13412901101,Sistema de Computação,,asset_non_current,
account_template_ans_13412901102,13412901102,Marcas Comerciais,,asset_non_current,
account_template_ans_13412901105,13412901105,Mais valia de ativos de investimentos incorporados,,asset_non_current,
account_template_ans_13412901106,13412901106,Goodwill de investimentos incorporados,,asset_non_current,
account_template_ans_13412901109,13412901109,Outros Ativos Intangíveis,,asset_non_current,
account_template_ans_13412902201,13412902201,(-) Sistema de Computação,,asset_non_current,
account_template_ans_13412902202,13412902202,(-) Marcas Comerciais,,asset_non_current,
account_template_ans_13412902209,13412902209,(-) Outros Ativos Intangíveis,,asset_non_current,
account_template_ans_13412903301,13412903301,(-) Amortização do Sistema de Computação,,asset_non_current,
account_template_ans_13412903302,13412903302,(-) Amortização de Marcas Comerciais,,asset_non_current,
account_template_ans_13412903309,13412903309,(-) Amortização de Outros Ativos Intangíveis,,asset_non_current,
account_template_ans_19111901102,19111901102,Outros,,asset_current,1
account_template_ans_21111101101,21111101101,Provisão de Prêmio/Contraprestação Não Ganha - Planos Individuais/Familiares,,liability_current,
account_template_ans_21111101102,21111101102,Provisão de Prêmio/Contraprestação Não Ganha - Planos Coletivos,,liability_current,
account_template_ans_21111101103,21111101103,Provisão de Insuficiência de Prêmios/Contraprestações,,liability_current,
account_template_ans_21111101104,21111101104,Provisão para Remissão,,liability_current,
account_template_ans_21111101105,21111101105,Provisão de Prêmio/Contraprestação Não Ganha - Aportes em Planos Coletivos,,liability_current,
account_template_ans_21111102201,21111102201,Provisão de Eventos/Sinistros a Liquidar para o SUS - GRU,,liability_current,
account_template_ans_21111102202,21111102202,Provisão de Eventos/Sinistros a Liquidar para o SUS - Parcelamento,,liability_current,
account_template_ans_21111102204,21111102204,Provisão de Eventos /Sinistros a Liquidar para o SUS  ( %  hc x ABI),,liability_current,
account_template_ans_21111103301,21111103301,Rede Contratada/Credenciada,,liability_current,
account_template_ans_21111103302,21111103302,Cooperados,,liability_current,
account_template_ans_21111103303,21111103303,Intercâmbio,,liability_current,
account_template_ans_21111103304,21111103304,Reembolso,,liability_current,
account_template_ans_21111103305,21111103305,Rede Própria,,liability_current,
account_template_ans_21111104401,21111104401,Provisão para Eventos/Sinistros Ocorridos e Não Avisados (PEONA) - Outros Prestadores,,liability_current,
account_template_ans_21111104402,21111104402,Provisão para Eventos/Sinistros Ocorridos e Não Avisados (PEONA) - SUS,,liability_current,
account_template_ans_21111108801,21111108801,Outras Provisões Técnicas - Autorizadas,,liability_current,
account_template_ans_21111108802,21111108802,Outras Provisões Técnicas - Obrigatórias,,liability_current,
account_template_ans_21111202201,21111202201,Provisão de Eventos/Sinistros a Liquidar para o SUS - GRU,,liability_current,
account_template_ans_21111202202,21111202202,Provisão de Eventos/Sinistros a Liquidar para o SUS - Parcelamento,,liability_current,
account_template_ans_21111202204,21111202204,Provisão de Eventos /Sinistros a Liquidar para o SUS  ( %  hc x ABI),,liability_current,
account_template_ans_21111203301,21111203301,Rede Contratada/Credenciada,,liability_current,
account_template_ans_21111203302,21111203302,Cooperados,,liability_current,
account_template_ans_21111203303,21111203303,Intercâmbio,,liability_current,
account_template_ans_21111203304,21111203304,Reembolso,,liability_current,
account_template_ans_21111203305,21111203305,Rede Própria,,liability_current,
account_template_ans_21111208801,21111208801,Outras Provisões Técnicas - Autorizadas,,liability_current,
account_template_ans_21111208802,21111208802,Outras Provisões Técnicas - Obrigatórias,,liability_current,
account_template_ans_21112101101,21112101101,Provisão de Prêmio/Contraprestação Não Ganha - Planos Individuais/Familiares,,liability_current,
account_template_ans_21112101102,21112101102,Provisão de Prêmio/Contraprestação Não Ganha - Planos Coletivos,,liability_current,
account_template_ans_21112101103,21112101103,Provisão de Insuficiência de Prêmios/Contraprestações,,liability_current,
account_template_ans_21112101104,21112101104,Provisão para Remissão,,liability_current,
account_template_ans_21112101105,21112101105,Provisão de Prêmio/Contraprestação Não Ganha - Aportes em Planos Coletivos,,liability_current,
account_template_ans_21112102201,21112102201,Provisão de Eventos/Sinistros a Liquidar para o SUS - GRU,,liability_current,
account_template_ans_21112102202,21112102202,Provisão de Eventos/Sinistros a Liquidar para o SUS - Parcelamento,,liability_current,
account_template_ans_21112102204,21112102204,Provisão de Eventos /Sinistros a Liquidar para o SUS  ( %  hc x ABI),,liability_current,
account_template_ans_21112103301,21112103301,Rede Contratada/Credenciada,,liability_current,
account_template_ans_21112103302,21112103302,Cooperados,,liability_current,
account_template_ans_21112103303,21112103303,Intercâmbio,,liability_current,
account_template_ans_21112103304,21112103304,Reembolso,,liability_current,
account_template_ans_21112103305,21112103305,Rede Própria,,liability_current,
account_template_ans_21112104401,21112104401,Provisão para Eventos/Sinistros Ocorridos e Não Avisados (PEONA) - Outros Prestadores,,liability_current,
account_template_ans_21112104402,21112104402,Provisão para Eventos/Sinistros Ocorridos e Não Avisados (PEONA) - SUS,,liability_current,
account_template_ans_21112108801,21112108801,Outras Provisões Técnicas - Autorizadas,,liability_current,
account_template_ans_21112108802,21112108802,Outras Provisões Técnicas - Obrigatórias,,liability_current,
account_template_ans_21112202201,21112202201,Provisão de Eventos/Sinistros a Liquidar para o SUS - GRU,,liability_current,
account_template_ans_21112202202,21112202202,Provisão de Eventos/Sinistros a Liquidar para o SUS - Parcelamento,,liability_current,
account_template_ans_21112202204,21112202204,Provisão de Eventos /Sinistros a Liquidar para o SUS  ( %  hc x ABI),,liability_current,
account_template_ans_21112203301,21112203301,Rede Contratada/Credenciada,,liability_current,
account_template_ans_21112203302,21112203302,Cooperados,,liability_current,
account_template_ans_21112203303,21112203303,Intercâmbio,,liability_current,
account_template_ans_21112203304,21112203304,Reembolso,,liability_current,
account_template_ans_21112203305,21112203305,Rede Própria,,liability_current,
account_template_ans_21112208801,21112208801,Outras Provisões Técnicas - Autorizadas,,liability_current,
account_template_ans_21112208802,21112208802,Outras Provisões Técnicas - Obrigatórias,,liability_current,
account_template_ans_21311901101,21311901101,Contraprestação Pecuniária a Restituir,,liability_current,
account_template_ans_21311901102,21311901102,Prêmios a Restituir,,liability_current,
account_template_ans_21312901101,21312901101,Contraprestação Pecuniária a Restituir,,liability_current,
account_template_ans_21312901102,21312901102,Prêmios a Restituir,,liability_current,
account_template_ans_21321901101,21321901101,Contraprestação Pecuniária/Prêmios Recebidos Antecipadamente - Assistência Médico Hospitalar,,liability_current,
account_template_ans_21322901101,21322901101,Contraprestação Pecuniária/Prêmios Recebidos Antecipadamente - Assistência Odontológica,,liability_current,
account_template_ans_21341901101,21341901101,Débitos de Comercialização sobre Contraprestação Pecuniária,,liability_current,
account_template_ans_21341901102,21341901102,Comissões a Pagar - Seguros,,liability_current,
account_template_ans_21342901101,21342901101,Débitos de Comercialização sobre Contraprestação Pecuniária,,liability_current,
account_template_ans_21342901102,21342901102,Comissões a Pagar - Seguros,,liability_current,
account_template_ans_21351101101,21351101101,Intercâmbio a Pagar de Corresponsabilidade  Cedida - Preço Preestabelecido,,liability_current,
account_template_ans_21351201101,21351201101,Intercâmbio a Pagar de Corresponsabilidade  Cedida - Preço Pós-estabelecido,,liability_current,
account_template_ans_21351901101,21351901101,Prêmios,,liability_current,
account_template_ans_21351901102,21351901102,Sinistros,,liability_current,
account_template_ans_21351901103,21351901103,Comercialização,,liability_current,
account_template_ans_21351901108,21351901108,Outros Débitos,,liability_current,
account_template_ans_21351902201,21351902201,Prêmios,,liability_current,
account_template_ans_21351902202,21351902202,Sinistros,,liability_current,
account_template_ans_21351902203,21351902203,Comercialização,,liability_current,
account_template_ans_21351902208,21351902208,Outros Débitos,,liability_current,
account_template_ans_21352101101,21352101101,Intercâmbio a Pagar de Corresponsabilidade Cedida - Preço Pre-estabelecido,,liability_current,
account_template_ans_21352201101,21352201101,Intercâmbio a Pagar de Corresponsabilidade Cedida - Preço Pós-estabelecido,,liability_current,
account_template_ans_21352901101,21352901101,Prêmios,,liability_current,
account_template_ans_21352901102,21352901102,Sinistros,,liability_current,
account_template_ans_21352901103,21352901103,Comercialização,,liability_current,
account_template_ans_21352901108,21352901108,Outros Débitos,,liability_current,
account_template_ans_21352902201,21352902201,Prêmios,,liability_current,
account_template_ans_21352902202,21352902202,Sinistros,,liability_current,
account_template_ans_21352902203,21352902203,Comercialização,,liability_current,
account_template_ans_21352902208,21352902208,Outros Débitos,,liability_current,
account_template_ans_21361901101,21361901101,Contraprestações Pecuniárias/Prêmios a Repassar - Contratos Estipulados,,liability_current,
account_template_ans_21361901102,21361901102,Contraprestações Pecuniárias/Prêmios a Repassar - Contratos Não Estipulados,,liability_current,
account_template_ans_21362901101,21362901101,Contraprestações Pecuniárias/Prêmios a Repassar - Contratos Estipulados,,liability_current,
account_template_ans_21362901102,21362901102,Contraprestações Pecuniárias/Prêmios a Repassar - Contratos Não Estipulados,,liability_current,
account_template_ans_21381101101,21381101101,Prêmios,,liability_current,
account_template_ans_21381102201,21381102201,Prêmios,,liability_current,
account_template_ans_21381908801,21381908801,Outros Débitos de Operações com Planos de Assistência Médico-Hospitalar,,liability_current,
account_template_ans_21381908802,21381908802,Débitos com Programas ou Fundos para Custeio de Despesas de Assistência Médico-Hospitalar,,liability_current,
account_template_ans_21382101101,21382101101,Prêmios,,liability_current,
account_template_ans_21382102201,21382102201,Prêmios,,liability_current,
account_template_ans_21382908801,21382908801,Outros Débitos de Operações com Planos de Assistência Odontológica,,liability_current,
account_template_ans_21382908802,21382908802,Débitos com Programas ou Fundos para Custeio de Despesas de Assistência Odontológica,,liability_current,
account_template_ans_21411901101,21411901101,Prestadores de Serviços de Assistência à Saúde,,liability_current,
account_template_ans_21488908801,21488908801,Outros Débitos Não Relacionados com Planos de Saúde da Operadora,,liability_current,
account_template_ans_21488908802,21488908802,Débitos com Administração de Programas ou Fundos de Custeio de Despesas de Assistência à Saúde,,liability_current,
account_template_ans_21511901101,21511901101,Provisão para Imposto de Renda - IRPJ,,liability_current,
account_template_ans_21511901102,21511901102,Provisão para Contribuição Social Sobre o Lucro Líquido - CSSL,,liability_current,
account_template_ans_21531901101,21531901101,Provisão para Ações Tributárias,,liability_current,
account_template_ans_21531901102,21531901102,Provisão para Ações Civeis,,liability_current,
account_template_ans_21531901103,21531901103,Provisão para Ações Trabalhistas,,liability_current,
account_template_ans_21531901104,21531901104,Provisão  para multas administrativas da ANS,,liability_current,
account_template_ans_21531901105,21531901105,Provisão para multas administrativas diversas,,liability_current,
account_template_ans_21611901101,21611901101,Imposto de Renda Pessoa Jurídica a Pagar,,liability_current,
account_template_ans_21611901102,21611901102,(-) Antecipação de IRPJ,,liability_current,
account_template_ans_21611902201,21611902201,Contribuição Social sobre o Lucro Líquido a Pagar,,liability_current,
account_template_ans_21611902202,21611902202,(-) Antecipação de CSLL,,liability_current,
account_template_ans_21611903301,21611903301,Imposto Sobre Serviços - ISS,,liability_current,
account_template_ans_21611903302,21611903302,Imposto Sobre Operações Financeiras - IOF,,liability_current,
account_template_ans_21611903303,21611903303,Taxa de Saúde Suplementar - TSS,,liability_current,
account_template_ans_21611903304,21611903304,Contribuições Previdenciárias,,liability_current,
account_template_ans_21611903305,21611903305,FGTS a Recolher,,liability_current,
account_template_ans_21611903306,21611903306,COFINS e PIS / PASEP,,liability_current,
account_template_ans_21611903308,21611903308,Outros Impostos e Contribuições a Recolher,,liability_current,
account_template_ans_21621901101,21621901101,Imposto de Renda Retido na Fonte - de Funcionários,,liability_current,
account_template_ans_21621901102,21621901102,Imposto de Renda Retido na Fonte - de Terceiros,,liability_current,
account_template_ans_21621901103,21621901103,Imposto Sobre Serviços Retido na Fonte,,liability_current,
account_template_ans_21621901104,21621901104,Contribuição Social Sobre o Lucro Líquido - CSLL,,liability_current,
account_template_ans_21621901105,21621901105,COFINS,,liability_current,
account_template_ans_21621901106,21621901106,PIS,,liability_current,
account_template_ans_21621901107,21621901107,Contribuições Previdenciárias Retidas de Terceiros,,liability_current,
account_template_ans_21621901108,21621901108,Outros,,liability_current,
account_template_ans_21631901101,21631901101,Imposto de Renda,,liability_current,
account_template_ans_21631901102,21631901102,Contribuição Social Sobre o Lucro Líquido - CSLL,,liability_current,
account_template_ans_21631901103,21631901103,Imposto Sobre Serviços - ISS,,liability_current,
account_template_ans_21631901104,21631901104,COFINS,,liability_current,
account_template_ans_21631901105,21631901105,PIS,,liability_current,
account_template_ans_21631901106,21631901106,Contribuições Previdenciárias,,liability_current,
account_template_ans_21631901108,21631901108,Outros,,liability_current,
account_template_ans_21632901101,21632901101,Imposto de Renda,,liability_current,
account_template_ans_21632901102,21632901102,Contribuição Social Sobre o Lucro Líquido – CSLL,,liability_current,
account_template_ans_21632901103,21632901103,Imposto Sobre Serviços – ISS,,liability_current,
account_template_ans_21632901104,21632901104,COFINS,,liability_current,
account_template_ans_21632901105,21632901105,PIS,,liability_current,
account_template_ans_21632901106,21632901106,Contribuições Previdenciárias,,liability_current,
account_template_ans_21632901108,21632901108,Outros,,liability_current,
account_template_ans_21711901101,21711901101,Empréstimos Hipotecários,,liability_current,
account_template_ans_21711901102,21711901102,Empréstimos Bancários,,liability_current,
account_template_ans_21711901108,21711901108,Outros Empréstimos,,liability_current,
account_template_ans_21711901109,21711901109,(-) Ajuste a Valor Presente,,liability_current,
account_template_ans_21721901101,21721901101,Financiamentos para Aquisição de Ativos,,liability_current,
account_template_ans_21721901108,21721901108,Outros Financiamentos,,liability_current,
account_template_ans_21721901109,21721901109,(-) Ajuste a Valor Presente,,liability_current,
account_template_ans_21811901101,21811901101,Salários a Pagar,,liability_current,
account_template_ans_21811901102,21811901102,Participações,,liability_current,
account_template_ans_21811901103,21811901103,Honorários,,liability_current,
account_template_ans_21811901104,21811901104,Férias,,liability_current,
account_template_ans_21811901105,21811901105,Décimo Terceiro Salário,,liability_current,
account_template_ans_21811901108,21811901108,Outras Obrigações com Pessoal,,liability_current,
account_template_ans_21821901101,21821901101,Fornecedores,,liability_payable,1
account_template_ans_21831901101,21831901101,Dependências no País,,liability_current,
account_template_ans_21841901101,21841901101,Programas Assistenciais e Culturais aos Participantes,,liability_current,
account_template_ans_21851901101,21851901101,Depósitos de Beneficiários de Planos de Assistência à Saúde e de Terceiros,,liability_current,
account_template_ans_21861901101,21861901101,Débitos com Aquisição de Carteira de Beneficiários de Planos de Saúde,,liability_current,
account_template_ans_21871901101,21871901101,Passivo de Arrendamentos - Valor Presente,,liability_current,
account_template_ans_21881901101,21881901101,Multas administrativas da ANS não parceladas,,liability_current,
account_template_ans_21881901102,21881901102,Multas administrativas da ANS parceladas,,liability_current,
account_template_ans_21881901109,21881901109,Multas administrativas diversas,,liability_current,
account_template_ans_21888908801,21888908801,Arrendamentos a Pagar,,liability_current,
account_template_ans_21888908802,21888908802,Dividendos e Juros sobre Capital Próprio a Pagar,,liability_current,
account_template_ans_21888908808,21888908808,Outros Débitos a Pagar,,liability_current,
account_template_ans_21911901101,21911901101,Débitos a Pagar a Cooperados,,liability_current,
account_template_ans_23111101101,23111101101,Provisão de Prêmio/Contraprestação Não Ganha - Planos Individuais/Familiares,,liability_non_current,
account_template_ans_23111101102,23111101102,Provisão de Prêmio/Contraprestação Não Ganha - Planos Coletivos,,liability_non_current,
account_template_ans_23111101103,23111101103,Provisão de Insuficiência de Prêmios/Contraprestações,,liability_non_current,
account_template_ans_23111101104,23111101104,Provisão para Remissão,,liability_non_current,
account_template_ans_23111101105,23111101105,Provisão de Prêmio/Contraprestação Não Ganha - Aportes em Planos Coletivos,,liability_non_current,
account_template_ans_23111102201,23111102201,Provisão de Eventos/Sinistros a Liquidar para o SUS - Parcelamento,,liability_non_current,
account_template_ans_23111102202,23111102202,Provisão de Eventos/Sinistros a Liquidar para o SUS - Ação Judicial com Depósito Judicial,,liability_non_current,
account_template_ans_23111103301,23111103301,Rede Contratada/Credenciada,,liability_non_current,
account_template_ans_23111103302,23111103302,Cooperados,,liability_non_current,
account_template_ans_23111103303,23111103303,Intercâmbio,,liability_non_current,
account_template_ans_23111103304,23111103304,Reembolso,,liability_non_current,
account_template_ans_23111103305,23111103305,Rede Própria,,liability_non_current,
account_template_ans_23111103306,23111103306,Eventos/Sinistros a Liquidar para Outros Prestadores - Ação Judicial com Depósito Judicial,,liability_non_current,
account_template_ans_23111104401,23111104401,Provisão para Eventos/Sinistros Ocorridos e Não Avisados (PEONA),,liability_non_current,
account_template_ans_23111104402,23111104402,Provisão para Eventos/Sinistros Ocorridos e Não Avisados (PEONA) - SUS,,liability_non_current,
account_template_ans_23111108801,23111108801,Outras Provisões Técnicas - Autorizadas,,liability_non_current,
account_template_ans_23111108802,23111108802,Outras Provisões Técnicas - Obrigatórias,,liability_non_current,
account_template_ans_23111202201,23111202201,Provisão de Eventos/Sinistros a Liquidar para o SUS - Parcelamento,,liability_non_current,
account_template_ans_23111202202,23111202202,Provisão de Eventos/Sinistros a Liquidar para o SUS - Ação Judicial com Depósito Judicial,,liability_non_current,
account_template_ans_23111203301,23111203301,Rede Contratada/Credenciada,,liability_non_current,
account_template_ans_23111203302,23111203302,Cooperados,,liability_non_current,
account_template_ans_23111203303,23111203303,Intercâmbio,,liability_non_current,
account_template_ans_23111203304,23111203304,Reembolso,,liability_non_current,
account_template_ans_23111203305,23111203305,Rede Própria,,liability_non_current,
account_template_ans_23111203306,23111203306,Eventos/Sinistros a Liquidar para Outros Prestadores - Ação Judicial com Depósito Judicial,,liability_non_current,
account_template_ans_23111208801,23111208801,Outras Provisões Técnicas - Autorizadas,,liability_non_current,
account_template_ans_23111208802,23111208802,Outras Provisões Técnicas - Obrigatórias,,liability_non_current,
account_template_ans_23112101101,23112101101,Provisão de Prêmio/Contraprestação Não Ganha - Planos Individuais/Familiares,,liability_non_current,
account_template_ans_23112101102,23112101102,Provisão de Prêmio/Contraprestação Não Ganha - Planos Coletivos,,liability_non_current,
account_template_ans_23112101103,23112101103,Provisão de Insuficiência de Prêmios/Contraprestações,,liability_non_current,
account_template_ans_23112101104,23112101104,Provisão para Remissão,,liability_non_current,
account_template_ans_23112101105,23112101105,Provisão de Prêmio/Contraprestação Não Ganha - Aportes em Planos Coletivos,,liability_non_current,
account_template_ans_23112102201,23112102201,Provisão de Eventos/Sinistros a Liquidar para o SUS - Parcelamento,,liability_non_current,
account_template_ans_23112102202,23112102202,Provisão de Eventos/Sinistros a Liquidar para o SUS - Ação Judicial com Depósito Judicial,,liability_non_current,
account_template_ans_23112103301,23112103301,Rede Contratada/Credenciada,,liability_non_current,
account_template_ans_23112103302,23112103302,Cooperados,,liability_non_current,
account_template_ans_23112103303,23112103303,Intercâmbio,,liability_non_current,
account_template_ans_23112103304,23112103304,Reembolso,,liability_non_current,
account_template_ans_23112103305,23112103305,Rede Própria,,liability_non_current,
account_template_ans_23112103306,23112103306,Eventos/Sinistros a Liquidar para Outros Prestadores - Ação Judicial com Depósito Judicial,,liability_non_current,
account_template_ans_23112104401,23112104401,Provisão para Eventos/Sinistros Ocorridos e Não Avisados (PEONA),,liability_non_current,
account_template_ans_23112104402,23112104402,Provisão para Eventos/Sinistros Ocorridos e Não Avisados (PEONA) - SUS,,liability_non_current,
account_template_ans_23112108801,23112108801,Outras Provisões Técnicas - Autorizadas,,liability_non_current,
account_template_ans_23112108802,23112108802,Outras Provisões Técnicas - Obrigatórias,,liability_non_current,
account_template_ans_23112202201,23112202201,Provisão de Eventos/Sinistros a Liquidar para o SUS - Parcelamento,,liability_non_current,
account_template_ans_23112202202,23112202202,Provisão de Eventos/Sinistros a Liquidar para o SUS - Ação Judicial com Depósito Judicial,,liability_non_current,
account_template_ans_23112203301,23112203301,Rede Contratada/Credenciada,,liability_non_current,
account_template_ans_23112203302,23112203302,Cooperados,,liability_non_current,
account_template_ans_23112203303,23112203303,Intercâmbio,,liability_non_current,
account_template_ans_23112203304,23112203304,Reembolso,,liability_non_current,
account_template_ans_23112203305,23112203305,Rede Própria,,liability_non_current,
account_template_ans_23112203306,23112203306,Eventos/Sinistros a Liquidar para Outros Prestadores - Ação Judicial com Depósito Judicial,,liability_non_current,
account_template_ans_23112208801,23112208801,Outras Provisões Técnicas - Autorizadas,,liability_non_current,
account_template_ans_23112208802,23112208802,Outras Provisões Técnicas - Obrigatórias,,liability_non_current,
account_template_ans_23531901101,23531901101,Imposto de Renda Diferido,,liability_non_current,
account_template_ans_23531901102,23531901102,Contribuição Social Diferida,,liability_non_current,
account_template_ans_23531901108,23531901108,Outros Tributos Diferidos,,liability_non_current,
account_template_ans_23532901101,23532901101,Provisão para Ações Tributárias,,liability_non_current,
account_template_ans_23532901102,23532901102,Provisão para Ações Civeis,,liability_non_current,
account_template_ans_23532901103,23532901103,Provisão para Ações Trabalhistas,,liability_non_current,
account_template_ans_23532901104,23532901104,Provisão  para multas administrativas da ANS,,liability_non_current,
account_template_ans_23532901105,23532901105,Provisão para multas administrativas diversas,,liability_non_current,
account_template_ans_23533901101,23533901101,"Provisão para Ressarcimento ao SUS (sem GRU, excedente ao hc x ABI)",,liability_non_current,
account_template_ans_23641901101,23641901101,Imposto de Renda Pessoa Jurídica - IRPJ,,liability_non_current,
account_template_ans_23641901102,23641901102,Contribuição Social Sobre o Lucro Líquido -CSLL,,liability_non_current,
account_template_ans_23641901108,23641901108,Outros Impostos e Contribuições a Recolher,,liability_non_current,
account_template_ans_23642901101,23642901101,Imposto de Renda,,liability_non_current,
account_template_ans_23642901102,23642901102,Contribuição Social Sobre o Lucro Líquido -CSLL,,liability_non_current,
account_template_ans_23642901103,23642901103,Imposto Sobre Serviços - ISS,,liability_non_current,
account_template_ans_23642901104,23642901104,COFINS,,liability_non_current,
account_template_ans_23642901105,23642901105,PIS,,liability_non_current,
account_template_ans_23642901106,23642901106,Contribuições Previdenciárias,,liability_non_current,
account_template_ans_23642901108,23642901108,Outros Tributos e Encargos Sociais,,liability_non_current,
account_template_ans_23643901101,23643901101,Imposto de Renda,,liability_non_current,
account_template_ans_23643901102,23643901102,Contribuição Social Sobre o Lucro Líquido - CSLL,,liability_non_current,
account_template_ans_23643901103,23643901103,Imposto Sobre Serviços - ISS,,liability_non_current,
account_template_ans_23643901104,23643901104,COFINS,,liability_non_current,
account_template_ans_23643901105,23643901105,PIS,,liability_non_current,
account_template_ans_23643901106,23643901106,Contribuições Previdenciárias,,liability_non_current,
account_template_ans_23643901108,23643901108,Outros,,liability_non_current,
account_template_ans_23771901101,23771901101,Empréstimos Hipotecários,,liability_non_current,
account_template_ans_23771901102,23771901102,Empréstimos Bancários,,liability_non_current,
account_template_ans_23771901108,23771901108,Outros Empréstimos,,liability_non_current,
account_template_ans_23771901109,23771901109,(-) Ajuste a Valor Presente,,liability_non_current,
account_template_ans_23772901101,23772901101,Financiamentos para Aquisição de Ativos,,liability_non_current,
account_template_ans_23772901108,23772901108,Outros Financiamentos,,liability_non_current,
account_template_ans_23772901109,23772901109,(-) Ajuste a Valor Presente,,liability_non_current,
account_template_ans_23881901101,23881901101,Fornecedores,,liability_non_current,
account_template_ans_23882901101,23882901101,Outros Débitos,,liability_non_current,
account_template_ans_23882901109,23882901109,(-) Ajuste a Valor Presente,,liability_non_current,
account_template_ans_23883901101,23883901101,Depósitos de Terceiros,,liability_non_current,
account_template_ans_23883901109,23883901109,(-) Ajuste a Valor Presente,,liability_non_current,
account_template_ans_23884901101,23884901101,Multas administrativas da ANS não parceladas,,liability_non_current,
account_template_ans_23884901102,23884901102,Multas administrativas da ANS parceladas,,liability_non_current,
account_template_ans_23884901109,23884901109,Multas administrativas diversas,,liability_non_current,
account_template_ans_23888908803,23888908803,Passivo de Arrendamentos - Valor Presente,,liability_non_current,
account_template_ans_23888908808,23888908808,Outras Exigibilidades de Longo Prazo,,liability_non_current,
account_template_ans_23888908809,23888908809,(-) Ajuste a Valor Presente,,liability_non_current,
account_template_ans_25111901101,25111901101,Capital Social - Cotas,,equity,
account_template_ans_25111901102,25111901102,Ações Ordinárias,,equity,
account_template_ans_25111901103,25111901103,Ações Preferenciais,,equity,
account_template_ans_25112901101,25112901101,Capital Social - Cotas,,equity,
account_template_ans_25112901102,25112901102,Ações Ordinárias,,equity,
account_template_ans_25112901103,25112901103,Ações Preferenciais,,equity,
account_template_ans_25113901101,25113901101,Patrimônio Social,,equity,
account_template_ans_25121901101,25121901101,(-) Acionistas / Cotistas País,,equity,
account_template_ans_25121901102,25121901102,(-) Acionistas / Cotistas Exterior,,equity,
account_template_ans_25211901101,25211901101,Adiantamento para Futuro Aumento de Capital,,equity,
account_template_ans_25311901101,25311901101,Reservas de Capital/Reservas Patrimoniais,,equity,
account_template_ans_25321901101,25321901101,Reservas de Reavaliação - Ativos Próprios,,equity,
account_template_ans_25321901102,25321901102,Reservas de Reavaliação - Coligadas e Controladas,,equity,
account_template_ans_25325901101,25325901101,(-) Imposto de Renda Pessoa Jurídica - IRPJ,,equity,
account_template_ans_25325901102,25325901102,(-) Contribuição Social - CSLL,,equity,
account_template_ans_25331901101,25331901101,Reserva Legal,,equity,
account_template_ans_25331901102,25331901102,Reservas Estatutárias,,equity,
account_template_ans_25331901103,25331901103,Reservas para Contingências,,equity,
account_template_ans_25331901104,25331901104,Reserva de Lucros a Realizar,,equity,
account_template_ans_25331901105,25331901105,Reserva Especial para Dividendos,,equity,
account_template_ans_25331901106,25331901106,Reserva de Retenção de Lucros,,equity,
account_template_ans_25331901107,25331901107,Reserva de Incentivos Fiscais,,equity,
account_template_ans_25331901109,25331901109,Outras Reservas de Lucro,,equity,
account_template_ans_25331902201,25331902201,Fundo de Reserva,,equity,
account_template_ans_25331902202,25331902202,"Fundo de Assistência Técnica, Educacional e Social (F.A.T.E.S.)",,equity,
account_template_ans_25331902208,25331902208,Outras Reservas de Lucros / Sobras / Retenção de Superávits,,equity,
account_template_ans_25411901101,25411901101,Ganhos e Perdas Não Realizados com Títulos e Valores Mobiliários,,equity,
account_template_ans_25411901102,25411901102,Ganhos e Perdas Não Realizados com Títulos e Valores Mobiliários - Coligadas e Controladas,,equity,
account_template_ans_25491901101,25491901101,Outros Ajustes de Avaliação Patrimonial,,equity,
account_template_ans_25491901102,25491901102,Outros Ajustes de Avaliação Patrimonial - Coligadas e Controladas,,equity,
account_template_ans_25511901101,25511901101,(-) Ações em Tesouraria,,income_other,
account_template_ans_25611901101,25611901101,Lucros/Superávits Apurados,,equity_unaffected,
account_template_ans_25611901102,25611901102,Prejuízos/Déficits Apurados,,equity,
account_template_ans_25621901101,25621901101,Resultado do Ato Cooperativo - Mês,,income,
account_template_ans_25621901102,25621901102,Resultado Tributável - Mês,,income,
account_template_ans_25621901103,25621901103,Sobra à Disposição da A.G.O,,income,
account_template_ans_25621901104,25621901104,Perda do Período à Disposição da A.G.O.,,income,
account_template_ans_25631901101,25631901101,Dividendos antecipados,,income,
account_template_ans_29111901108,29111901108,Outros,,liability_current,1
account_template_ans_31111101101,31111101101,Contraprestação Emitida,,income,
account_template_ans_31111101102,31111101102,Premios Emitidos - Seguros Diretos,,income,
account_template_ans_31111101103,31111101103,Premios Emitidos - Cosseguro Aceito,,income,
account_template_ans_31111101104,31111101104,Contribuição para Auto Gestão - Recurso do Patrocinador,,income,
account_template_ans_31111101105,31111101105,Contribuição para Auto Gestão - Recurso do Participante,,income,
account_template_ans_31111102201,31111102201,Contraprestação Emitida,,income,
account_template_ans_31111102202,31111102202,Premios Emitidos - Seguros Diretos,,income,
account_template_ans_31111102203,31111102203,Premios Emitidos - Cosseguro Aceito,,income,
account_template_ans_31111102204,31111102204,Contribuição para Auto Gestão - Recurso do Patrocinador,,income,
account_template_ans_31111102205,31111102205,Contribuição para Auto Gestão - Recurso do Participante,,income,
account_template_ans_31111103301,31111103301,Contraprestação Emitida,,income,
account_template_ans_31111103302,31111103302,Premios Emitidos - Seguros Diretos,,income,
account_template_ans_31111103303,31111103303,Premios Emitidos - Cosseguro Aceito,,income,
account_template_ans_31111103304,31111103304,Contribuição para Auto Gestão - Recurso do Patrocinador,,income,
account_template_ans_31111103305,31111103305,Contribuição para Auto Gestão - Recurso do Participante,,income,
account_template_ans_31111104401,31111104401,Contraprestação Emitida,,income,
account_template_ans_31111104402,31111104402,Premios Emitidos - Seguros Diretos,,income,
account_template_ans_31111104403,31111104403,Premios Emitidos - Cosseguro Aceito,,income,
account_template_ans_31111104404,31111104404,Contribuição para Auto Gestão - Recurso do Patrocinador,,income,
account_template_ans_31111104405,31111104405,Contribuição para Auto Gestão - Recurso do Participante,,income,
account_template_ans_31111105501,31111105501,Contraprestação Emitida,,income,
account_template_ans_31111105502,31111105502,Premios Emitidos - Seguros Diretos,,income,
account_template_ans_31111105503,31111105503,Premios Emitidos - Cosseguro Aceito,,income,
account_template_ans_31111105504,31111105504,Contribuição para Auto Gestão - Recurso do Patrocinador,,income,
account_template_ans_31111105505,31111105505,Contribuição para Auto Gestão - Recurso do Participante,,income,
account_template_ans_31111106601,31111106601,Contraprestação Emitida,,income,
account_template_ans_31111106602,31111106602,Premios Emitidos - Seguros Diretos,,income,
account_template_ans_31111106603,31111106603,Premios Emitidos - Cosseguro Aceito,,income,
account_template_ans_31111106604,31111106604,Contribuição para Auto Gestão - Recurso do Patrocinador,,income,
account_template_ans_31111106605,31111106605,Contribuição para Auto Gestão - Recurso do Participante,,income,
account_template_ans_31111108801,31111108801,Contraprestação Emitida,,income,
account_template_ans_31111203301,31111203301,Contraprestação Emitida,,income,
account_template_ans_31111203302,31111203302,Premios Emitidos - Seguros Diretos,,income,
account_template_ans_31111203303,31111203303,Premios Emitidos - Cosseguro Aceito,,income,
account_template_ans_31111203304,31111203304,Contribuição para Auto Gestão - Recurso do Patrocinador,,income,
account_template_ans_31111203305,31111203305,Contribuição para Auto Gestão - Recurso do Participante,,income,
account_template_ans_31111203306,31111203306,Taxa de Administração,,income,
account_template_ans_31111203307,31111203307,Receita de Diferença de Tabela,,income,
account_template_ans_31111204401,31111204401,Contraprestação Emitida,,income,
account_template_ans_31111204402,31111204402,Premios Emitidos - Seguros Diretos,,income,
account_template_ans_31111204403,31111204403,Premios Emitidos - Cosseguro Aceito,,income,
account_template_ans_31111204404,31111204404,Contribuição para Auto Gestão - Recurso do Patrocinador,,income,
account_template_ans_31111204405,31111204405,Contribuição para Auto Gestão - Recurso do Participante,,income,
account_template_ans_31111204406,31111204406,Taxa de Administração,,income,
account_template_ans_31111204407,31111204407,Receita de Diferença de Tabela,,income,
account_template_ans_31111205501,31111205501,Contraprestação Emitida,,income,
account_template_ans_31111205502,31111205502,Premios Emitidos - Seguros Diretos,,income,
account_template_ans_31111205503,31111205503,Premios Emitidos - Cosseguro Aceito,,income,
account_template_ans_31111205504,31111205504,Contribuição para Auto Gestão - Recurso do Patrocinador,,income,
account_template_ans_31111205505,31111205505,Contribuição para Auto Gestão - Recurso do Participante,,income,
account_template_ans_31111205506,31111205506,Taxa de Administração,,income,
account_template_ans_31111205507,31111205507,Receita de Diferença de Tabela,,income,
account_template_ans_31111206601,31111206601,Contraprestação Emitida,,income,
account_template_ans_31111206602,31111206602,Premios Emitidos - Seguros Diretos,,income,
account_template_ans_31111206603,31111206603,Premios Emitidos - Cosseguro Aceito,,income,
account_template_ans_31111206604,31111206604,Contribuição para Auto Gestão - Recurso do Patrocinador,,income,
account_template_ans_31111206605,31111206605,Contribuição para Auto Gestão - Recurso do Participante,,income,
account_template_ans_31111206606,31111206606,Taxa de Administração,,income,
account_template_ans_31111206607,31111206607,Receita de Diferença de Tabela,,income,
account_template_ans_31111208806,31111208806,Taxa de Administração,,income,
account_template_ans_31111208807,31111208807,Receita de Diferença de Tabela,,income,
account_template_ans_31112101101,31112101101,Contraprestação Emitida,,income,
account_template_ans_31112101102,31112101102,Premios Emitidos - Seguros Diretos,,income,
account_template_ans_31112101103,31112101103,Premios Emitidos - Cosseguro Aceito,,income,
account_template_ans_31112101104,31112101104,Contribuição para Auto Gestão - Recurso do Patrocinador,,income,
account_template_ans_31112101105,31112101105,Contribuição para Auto Gestão - Recurso do Participante,,income,
account_template_ans_31112102201,31112102201,Contraprestação Emitida,,income,
account_template_ans_31112102202,31112102202,Premios Emitidos - Seguros Diretos,,income,
account_template_ans_31112102203,31112102203,Premios Emitidos - Cosseguro Aceito,,income,
account_template_ans_31112102204,31112102204,Contribuição para Auto Gestão - Recurso do Patrocinador,,income,
account_template_ans_31112102205,31112102205,Contribuição para Auto Gestão - Recurso do Participante,,income,
account_template_ans_31112103301,31112103301,Contraprestação Emitida,,income,
account_template_ans_31112103302,31112103302,Premios Emitidos - Seguros Diretos,,income,
account_template_ans_31112103303,31112103303,Premios Emitidos - Cosseguro Aceito,,income,
account_template_ans_31112103304,31112103304,Contribuição para Auto Gestão - Recurso do Patrocinador,,income,
account_template_ans_31112103305,31112103305,Contribuição para Auto Gestão - Recurso do Participante,,income,
account_template_ans_31112104401,31112104401,Contraprestação Emitida,,income,
account_template_ans_31112104402,31112104402,Premios Emitidos - Seguros Diretos,,income,
account_template_ans_31112104403,31112104403,Premios Emitidos - Cosseguro Aceito,,income,
account_template_ans_31112104404,31112104404,Contribuição para Auto Gestão - Recurso do Patrocinador,,income,
account_template_ans_31112104405,31112104405,Contribuição para Auto Gestão - Recurso do Participante,,income,
account_template_ans_31112105501,31112105501,Contraprestação Emitida,,income,
account_template_ans_31112105502,31112105502,Premios Emitidos - Seguros Diretos,,income,
account_template_ans_31112105503,31112105503,Premios Emitidos - Cosseguro Aceito,,income,
account_template_ans_31112105504,31112105504,Contribuição para Auto Gestão - Recurso do Patrocinador,,income,
account_template_ans_31112105505,31112105505,Contribuição para Auto Gestão - Recurso do Participante,,income,
account_template_ans_31112106601,31112106601,Contraprestação Emitida,,income,
account_template_ans_31112106602,31112106602,Premios Emitidos - Seguros Diretos,,income,
account_template_ans_31112106603,31112106603,Premios Emitidos - Cosseguro Aceito,,income,
account_template_ans_31112106604,31112106604,Contribuição para Auto Gestão - Recurso do Patrocinador,,income,
account_template_ans_31112106605,31112106605,Contribuição para Auto Gestão - Recurso do Participante,,income,
account_template_ans_31112108801,31112108801,Contraprestação Emitida,,income,
account_template_ans_31112203301,31112203301,Contraprestação Emitida,,income,
account_template_ans_31112203302,31112203302,Premios Emitidos - Seguros Diretos,,income,
account_template_ans_31112203303,31112203303,Premios Emitidos - Cosseguro Aceito,,income,
account_template_ans_31112203304,31112203304,Contribuição para Auto Gestão - Recurso do Patrocinador,,income,
account_template_ans_31112203305,31112203305,Contribuição para Auto Gestão - Recurso do Participante,,income,
account_template_ans_31112203306,31112203306,Taxa de Administração,,income,
account_template_ans_31112203307,31112203307,Receita de Diferença de Tabela,,income,
account_template_ans_31112204401,31112204401,Contraprestação Emitida,,income,
account_template_ans_31112204402,31112204402,Premios Emitidos - Seguros Diretos,,income,
account_template_ans_31112204403,31112204403,Premios Emitidos - Cosseguro Aceito,,income,
account_template_ans_31112204404,31112204404,Contribuição para Auto Gestão - Recurso do Patrocinador,,income,
account_template_ans_31112204405,31112204405,Contribuição para Auto Gestão - Recurso do Participante,,income,
account_template_ans_31112204406,31112204406,Taxa de Administração,,income,
account_template_ans_31112204407,31112204407,Receita de Diferença de Tabela,,income,
account_template_ans_31112205501,31112205501,Contraprestação Emitida,,income,
account_template_ans_31112205502,31112205502,Premios Emitidos - Seguros Diretos,,income,
account_template_ans_31112205503,31112205503,Premios Emitidos - Cosseguro Aceito,,income,
account_template_ans_31112205504,31112205504,Contribuição para Auto Gestão - Recurso do Patrocinador,,income,
account_template_ans_31112205505,31112205505,Contribuição para Auto Gestão - Recurso do Participante,,income,
account_template_ans_31112205506,31112205506,Taxa de Administração,,income,
account_template_ans_31112205507,31112205507,Receita de Diferença de Tabela,,income,
account_template_ans_31112206601,31112206601,Contraprestação Emitida,,income,
account_template_ans_31112206602,31112206602,Premios Emitidos - Seguros Diretos,,income,
account_template_ans_31112206603,31112206603,Premios Emitidos - Cosseguro Aceito,,income,
account_template_ans_31112206604,31112206604,Contribuição para Auto Gestão - Recurso do Patrocinador,,income,
account_template_ans_31112206605,31112206605,Contribuição para Auto Gestão - Recurso do Participante,,income,
account_template_ans_31112206606,31112206606,Taxa de Administração,,income,
account_template_ans_31112206607,31112206607,Receita de Diferença de Tabela,,income,
account_template_ans_31112208806,31112208806,Taxa de Administração,,income,
account_template_ans_31112208807,31112208807,Receita de Diferença de Tabela,,income,
account_template_ans_31171101101,31171101101,Cobertura Assistencial com Preço Preestabelecido com Corresponsabilidade Cedida em Preço Preestabelecido,,income,
account_template_ans_31171101102,31171101102,Recuperação por co-participação na cobertura com preço peestabelecido com corresponssabilidade cedida em preço preestabelecido,,income,
account_template_ans_31171101103,31171101103,Cobertura Assistencial com Preço Preestabelecido com Corresponsabilidade Cedida em Preço Pós- estabelecido (Taxa de Administração),,income,
account_template_ans_31171102201,31171102201,Cobertura Assistencial com Preço Preestabelecido com Corresponsabilidade Cedida em Preço Preestabelecido,,income,
account_template_ans_31171102202,31171102202,Recuperação por co-participação na cobertura com preço peestabelecido com corresponssabilidade cedida em preço preestabelecido,,income,
account_template_ans_31171102203,31171102203,Cobertura Assistencial com Preço Preestabelecido com Corresponsabilidade Cedida em Preço Pós- estabelecido (Taxa de Administração),,income,
account_template_ans_31171103301,31171103301,Cobertura Assistencial com Preço Preestabelecido com Corresponsabilidade Cedida em Preço Preestabelecido,,income,
account_template_ans_31171103302,31171103302,Recuperação por co-participação na cobertura com preço peestabelecido com corresponssabilidade cedida em preço preestabelecido,,income,
account_template_ans_31171103303,31171103303,Cobertura Assistencial com Preço Preestabelecido com Corresponsabilidade Cedida em Preço Pós- estabelecido (Taxa de Administração),,income,
account_template_ans_31171104401,31171104401,Cobertura Assistencial com Preço Preestabelecido com Corresponsabilidade Cedida em Preço Preestabelecido,,income,
account_template_ans_31171104402,31171104402,Recuperação por co-participação na cobertura com preço peestabelecido com corresponssabilidade cedida em preço preestabelecido,,income,
account_template_ans_31171104403,31171104403,Cobertura Assistencial com Preço Preestabelecido com Corresponsabilidade Cedida em Preço Pós- estabelecido (Taxa de Administração),,income,
account_template_ans_31171105501,31171105501,Cobertura Assistencial com Preço Preestabelecido com Corresponsabilidade Cedida em Preço Preestabelecido,,income,
account_template_ans_31171105502,31171105502,Recuperação por co-participação na cobertura com preço peestabelecido com corresponssabilidade cedida em preço preestabelecido,,income,
account_template_ans_31171105503,31171105503,Cobertura Assistencial com Preço Preestabelecido com Corresponsabilidade Cedida em Preço Pós- estabelecido (Taxa de Administração),,income,
account_template_ans_31171106601,31171106601,Cobertura Assistencial com Preço Preestabelecido com Corresponsabilidade Cedida em Preço Preestabelecido,,income,
account_template_ans_31171106602,31171106602,Recuperação por co-participação na cobertura com preço peestabelecido com corresponssabilidade cedida em preço preestabelecido,,income,
account_template_ans_31171106603,31171106603,Cobertura Assistencial com Preço Preestabelecido com Corresponsabilidade Cedida em Preço Pós- estabelecido (Taxa de Administração),,income,
account_template_ans_31171203301,31171203301,Cobertura Assistencial com Preço Pós-estabelecido com Corresponsabilidade Cedida em Preço Preestabelecido,,income,
account_template_ans_31171203302,31171203302,Recuperação por co-participação na cobertura com preço pós-estabelecido com corresponssabilidade cedida em preço preestabelecido,,income,
account_template_ans_31171203303,31171203303,Cobertura Assistencial com Preço Pós-estabelecido com Corresponsabilidade Cedida em Preço Pós- estabelecido (Taxa de Administração),,income,
account_template_ans_31171204401,31171204401,Cobertura Assistencial com Preço Pós-estabelecido com Corresponsabilidade Cedida em Preço Preestabelecido,,income,
account_template_ans_31171204402,31171204402,Recuperação por co-participação na cobertura com preço pós-estabelecido com corresponssabilidade cedida em preço preestabelecido,,income,
account_template_ans_31171204403,31171204403,Cobertura Assistencial com Preço Pós-estabelecido com Corresponsabilidade Cedida em Preço Pós- estabelecido (Taxa de Administração),,income,
account_template_ans_31171205501,31171205501,Cobertura Assistencial com Preço Pós-estabelecido com Corresponsabilidade Cedida em Preço Preestabelecido,,income,
account_template_ans_31171205502,31171205502,Recuperação por co-participação na cobertura com preço pós-estabelecido com corresponssabilidade cedida em preço preestabelecido,,income,
account_template_ans_31171205503,31171205503,Cobertura Assistencial com Preço Pós-estabelecido com Corresponsabilidade Cedida em Preço Pós- estabelecido (Taxa de Administração),,income,
account_template_ans_31171206601,31171206601,Cobertura Assistencial com Preço Pós-estabelecido com Corresponsabilidade Cedida em Preço Preestabelecido,,income,
account_template_ans_31171206602,31171206602,Recuperação por co-participação na cobertura com preço pós-estabelecido com corresponssabilidade cedida em preço preestabelecido,,income,
account_template_ans_31171206603,31171206603,Cobertura Assistencial com Preço Pós-estabelecido com Corresponsabilidade Cedida em Preço Pós- estabelecido (Taxa de Administração),,income,
account_template_ans_31172101101,31172101101,Cobertura Assistencial com Preço Preestabelecido com Corresponsabilidade Cedida em Preço Preestabelecido,,income,
account_template_ans_31172101102,31172101102,Recuperação por co-participação na cobertura com preço peestabelecido com corresponssabilidade cedida em preço preestabelecido,,income,
account_template_ans_31172101103,31172101103,Cobertura Assistencial com Preço Preestabelecido com Corresponsabilidade Cedida em Preço Pós- estabelecido (Taxa de Administração),,income,
account_template_ans_31172102201,31172102201,Cobertura Assistencial com Preço Preestabelecido com Corresponsabilidade Cedida em Preço Preestabelecido,,income,
account_template_ans_31172102202,31172102202,Recuperação por co-participação na cobertura com preço peestabelecido com corresponssabilidade cedida em preço preestabelecido,,income,
account_template_ans_31172102203,31172102203,Cobertura Assistencial com Preço Preestabelecido com Corresponsabilidade Cedida em Preço Pós- estabelecido (Taxa de Administração),,income,
account_template_ans_31172103301,31172103301,Cobertura Assistencial com Preço Preestabelecido com Corresponsabilidade Cedida em Preço Preestabelecido,,income,
account_template_ans_31172103302,31172103302,Recuperação por co-participação na cobertura com preço peestabelecido com corresponssabilidade cedida em preço preestabelecido,,income,
account_template_ans_31172103303,31172103303,Cobertura Assistencial com Preço Preestabelecido com Corresponsabilidade Cedida em Preço Pós- estabelecido (Taxa de Administração),,income,
account_template_ans_31172104401,31172104401,Cobertura Assistencial com Preço Preestabelecido com Corresponsabilidade Cedida em Preço Preestabelecido,,income,
account_template_ans_31172104402,31172104402,Recuperação por co-participação na cobertura com preço peestabelecido com corresponssabilidade cedida em preço preestabelecido,,income,
account_template_ans_31172104403,31172104403,Cobertura Assistencial com Preço Preestabelecido com Corresponsabilidade Cedida em Preço Pós- estabelecido (Taxa de Administração),,income,
account_template_ans_31172105501,31172105501,Cobertura Assistencial com Preço Preestabelecido com Corresponsabilidade Cedida em Preço Preestabelecido,,income,
account_template_ans_31172105502,31172105502,Recuperação por co-participação na cobertura com preço peestabelecido com corresponssabilidade cedida em preço preestabelecido,,income,
account_template_ans_31172105503,31172105503,Cobertura Assistencial com Preço Preestabelecido com Corresponsabilidade Cedida em Preço Pós- estabelecido (Taxa de Administração),,income,
account_template_ans_31172106601,31172106601,Cobertura Assistencial com Preço Preestabelecido com Corresponsabilidade Cedida em Preço Preestabelecido,,income,
account_template_ans_31172106602,31172106602,Recuperação por co-participação na cobertura com preço peestabelecido com corresponssabilidade cedida em preço preestabelecido,,income,
account_template_ans_31172106603,31172106603,Cobertura Assistencial com Preço Preestabelecido com Corresponsabilidade Cedida em Preço Pós- estabelecido (Taxa de Administração),,income,
account_template_ans_31172203301,31172203301,Cobertura Assistencial com Preço Pós-estabelecido com Corresponsabilidade Cedida em Preço Preestabelecido,,income,
account_template_ans_31172203302,31172203302,Recuperação por co-participação na cobertura com preço pós-estabelecido com corresponssabilidade cedida em preço preestabelecido,,income,
account_template_ans_31172203303,31172203303,Cobertura Assistencial com Preço Pós-estabelecido com Corresponsabilidade Cedida em Preço Pós- estabelecido (Taxa de Administração),,income,
account_template_ans_31172204401,31172204401,Cobertura Assistencial com Preço Pós-estabelecido com Corresponsabilidade Cedida em Preço Preestabelecido,,income,
account_template_ans_31172204402,31172204402,Recuperação por co-participação na cobertura com preço pós-estabelecido com corresponssabilidade cedida em preço preestabelecido,,income,
account_template_ans_31172204403,31172204403,Cobertura Assistencial com Preço Pós-estabelecido com Corresponsabilidade Cedida em Preço Pós- estabelecido (Taxa de Administração),,income,
account_template_ans_31172205501,31172205501,Cobertura Assistencial com Preço Pós-estabelecido com Corresponsabilidade Cedida em Preço Preestabelecido,,income,
account_template_ans_31172205502,31172205502,Recuperação por co-participação na cobertura com preço pós-estabelecido com corresponssabilidade cedida em preço preestabelecido,,income,
account_template_ans_31172205503,31172205503,Cobertura Assistencial com Preço Pós-estabelecido com Corresponsabilidade Cedida em Preço Pós- estabelecido (Taxa de Administração),,income,
account_template_ans_31172206601,31172206601,Cobertura Assistencial com Preço Pós-estabelecido com Corresponsabilidade Cedida em Preço Preestabelecido,,income,
account_template_ans_31172206602,31172206602,Recuperação por co-participação na cobertura com preço pós-estabelecido com corresponssabilidade cedida em preço preestabelecido,,income,
account_template_ans_31172206603,31172206603,Cobertura Assistencial com Preço Pós-estabelecido com Corresponsabilidade Cedida em Preço Pós- estabelecido (Taxa de Administração),,income,
account_template_ans_31191101101,31191101101,Descontos,,income,
account_template_ans_31191102201,31191102201,Abatimento Concedido,,income,
account_template_ans_31191103301,31191103301,Outras Deduções,,income,
account_template_ans_31191201101,31191201101,Descontos,,income,
account_template_ans_31191202201,31191202201,Abatimento Concedido,,income,
account_template_ans_31191203301,31191203301,Outras Deduções,,income,
account_template_ans_31192101101,31192101101,Descontos,,income,
account_template_ans_31192102201,31192102201,Abatimento Concedido,,income,
account_template_ans_31192103301,31192103301,Outras Deduções,,income,
account_template_ans_31192201101,31192201101,Descontos,,income,
account_template_ans_31192202201,31192202201,Abatimento Concedido,,income,
account_template_ans_31192203301,31192203301,Outras Deduções,,income,
account_template_ans_31211901101,31211901101,Seguros Diretos,,income,
account_template_ans_31211901102,31211901102,Co-seguro Aceito,,income,
account_template_ans_31211901103,31211901103,Contraprestações,,income,
account_template_ans_31212901103,31212901103,Contraprestações,,income,
account_template_ans_31211902201,31211902201,Provisão para Remissão,,income,
account_template_ans_31211909909,31211909909,Outras Provisões,,income,
account_template_ans_31212901101,31212901101,Seguros Diretos,,income,
account_template_ans_31212901102,31212901102,Co-seguro Aceito,,income,
account_template_ans_31212902201,31212902201,Provisão para Remissão,,income,
account_template_ans_31212909909,31212909909,Outras Provisões,,income,
account_template_ans_31311901101,31311901101,Taxa de Administração de Benefícios - Contratos Estipulados,,income,
account_template_ans_31311901102,31311901102,Taxa de Administração de Benefícios - Contratos Não Estipulados,,income,
account_template_ans_31312901101,31312901101,Taxa de Administração de Benefícios - Contratos Estipulados,,income,
account_template_ans_31312901102,31312901102,Taxa de Administração de Benefícios - Contratos Não Estipulados,,income,
account_template_ans_31411901101,31411901101,Indenizações com Sinistros,,income,
account_template_ans_31421901109,31421901109,Outras Receitas,,income,
account_template_ans_31511901101,31511901101,Indenizações com Sinistros,,income,
account_template_ans_31521901109,31521901109,Outras Receitas,,income,
account_template_ans_32111901101,32111901101,(-) Tributos Federais,,income_other,
account_template_ans_32111901102,32111901102,(-) Tributos Estaduais,,income_other,
account_template_ans_32111901103,32111901103,(-) Tributos Municipais,,income_other,
account_template_ans_32111909901,32111909901,Tributos Federais,,income,
account_template_ans_32111909902,32111909902,Tributos Estaduais,,income,
account_template_ans_32111909903,32111909903,Tributos Municipais,,income,
account_template_ans_32112901101,32112901101,(-) Tributos Federais,,income_other,
account_template_ans_32112901102,32112901102,(-) Tributos Estaduais,,income_other,
account_template_ans_32112901103,32112901103,(-) Tributos Municipais,,income_other,
account_template_ans_32112909901,32112909901,Tributos Federais,,income,
account_template_ans_32112909902,32112909902,Tributos Estaduais,,income,
account_template_ans_32112909903,32112909903,Tributos Municipais,,income,
account_template_ans_33111901101,33111901101,Implantação de Planos,,income,
account_template_ans_33111901102,33111901102,Inscrições,,income,
account_template_ans_33111901103,33111901103,Reembolso Despesas Cadastrais,,income,
account_template_ans_33111901104,33111901104,Confecção de Carteiras,,income,
account_template_ans_33111901105,33111901105,Recuperação de Custos de Emissão de Apólices,,income,
account_template_ans_33111901106,33111901106,Receitas com Participações em Lucros de Resseguros,,income,
account_template_ans_33111901107,33111901107,Multa Recebida por Cancelamento de Contrato,,income,
account_template_ans_33111901109,33111901109,Outras Receitas,,income,
account_template_ans_33111902201,33111902201,Receitas com Venda de Carteira,,income,
account_template_ans_33111909901,33111909901,Reversão da Prov. Sobre Contraprest. Pecuniárias/Prêmios a Receber de Assist. Méd- Hospitalar,,income,
account_template_ans_33111909902,33111909902,Reversão da Provisão Sobre Demais Créditos de Operações de Assist. Méd-Hospitalar,,income,
account_template_ans_33111909903,33111909903,Reversão da Provisão Sobre Outros Créditos de Administradora de Benefícios,,income,
account_template_ans_33111909904,33111909904,Reversão da Provisão Sobre Taxa de Administração de Benefícios a Receber,,income,
account_template_ans_33112901101,33112901101,Implantação de Planos,,income,
account_template_ans_33112901102,33112901102,Inscrições,,income,
account_template_ans_33112901103,33112901103,Reembolso Despesas Cadastrais,,income,
account_template_ans_33112901104,33112901104,Confecção de Carteiras,,income,
account_template_ans_33112901105,33112901105,Recuperação de Custos de Emissão de Apólices,,income,
account_template_ans_33112901106,33112901106,Receitas com Participações em Lucros de Resseguros,,income,
account_template_ans_33112901107,33112901107,Multa Recebida por Cancelamento de Contrato,,income,
account_template_ans_33112901109,33112901109,Outras Receitas,,income,
account_template_ans_33112902201,33112902201,Receitas com Venda de Carteira,,income,
account_template_ans_33112909901,33112909901,Reversão da Prov. Sobre Contraprest. Pecuniárias/Prêmios a Receber de Assist. Odontológica,,income,
account_template_ans_33112909902,33112909902,Reversão da Provisão Sobre Demais Créditos de Operações de Assist. Odontológica,,liability_current,
account_template_ans_33112909903,33112909903,Reversão da Provisão Sobre Outros Créditos de Administradora de Benefícios,,liability_current,
account_template_ans_33112909904,33112909904,Reversão da Provisão Sobre Taxa de Administração de Benefícios a Receber,,liability_current,
account_template_ans_33211901101,33211901101,Receitas com Prestação de Serviços,,income,
account_template_ans_33211901102,33211901102,(-) Dedução de Receitas com Prestação de Serviços,,income_other,
account_template_ans_33211902201,33211902201,Taxa de Administração,,income,
account_template_ans_33212901101,33212901101,Receitas com Prestação de Serviços,,income,
account_template_ans_33212901102,33212901102,(-) Dedução de Receitas com Prestação de Serviços,,income_other,
account_template_ans_33212902201,33212902201,Taxa de Administração,,income,
account_template_ans_33213901101,33213901101,Receitas Operacionais com o Serviço Único de Saúde - SUS,,income,
account_template_ans_33213901102,33213901102,(-) Dedução de Receitas com o SUS,,income_other,
account_template_ans_33214901101,33214901101,Receitas Operacionais com o Serviço Único de Saúde - SUS,,income,
account_template_ans_33214901102,33214901102,(-) Dedução de Receitas com o SUS,,income_other,
account_template_ans_33215901101,33215901101,Outras Receitas de Prestação de Serviços,,income,
account_template_ans_33215901102,33215901102,(-) Dedução de Outras Receitas Prestação de Serviços,,income_other,
account_template_ans_33216901101,33216901101,Taxa de Administração de Intercâmbio Eventual,,income,
account_template_ans_33216901102,33216901102,Receita de Intercâmbio Eventual por Diferença de Tabela,,income,
account_template_ans_33217901101,33217901101,Taxa de Administração de Intercâmbio Eventual,,income,
account_template_ans_33217901102,33217901102,Receita de Intercâmbio Eventual por Diferença de Tabela,,income,
account_template_ans_33218901101,33218901101,Outras Receitas Operacionais,,income,
account_template_ans_33311901101,33311901101,Receitas Operacionais de Outras Atividades (Autogestões - Lei 13.127),,income,
account_template_ans_33311901102,33311901102,Receitas Operacionais de Outras Atividades (Confederações e Federações de Cooperativas),,income,
account_template_ans_34111901101,34111901101,(-) Tributos Federais,,income_other,
account_template_ans_34111901102,34111901102,(-) Tributos Estaduais,,income_other,
account_template_ans_34111901103,34111901103,(-) Tributos Municipais,,income_other,
account_template_ans_34112901101,34112901101,(-) Tributos Federais,,income_other,
account_template_ans_34112901102,34112901102,(-) Tributos Estaduais,,income_other,
account_template_ans_34112901103,34112901103,(-) Tributos Municipais,,income_other,
account_template_ans_35111901101,35111901101,Juros,,income,
account_template_ans_35111901102,35111901102,Atualização Monetária,,income,
account_template_ans_35111901103,35111901103,Ajuste ao Valor de Mercado,,income,
account_template_ans_35111901109,35111901109,Outras Receitas,,income,
account_template_ans_35114901101,35114901101,Oscilação do Valor de Cotas,,income,
account_template_ans_35114901102,35114901102,Ajuste ao Valor de Mercado,,income,
account_template_ans_35114901109,35114901109,Outras Receitas,,income,
account_template_ans_35118901101,35118901101,Juros,,income,
account_template_ans_35118901102,35118901102,Atualização Monetária,,income,
account_template_ans_35118901103,35118901103,Ajuste ao Valor de Mercado,,income,
account_template_ans_35118901109,35118901109,Outras Receitas,,income,
account_template_ans_35121901101,35121901101,Juros,,income,
account_template_ans_35121901102,35121901102,Atualização Monetária,,income,
account_template_ans_35121901103,35121901103,Ajuste ao Valor de Mercado,,income,
account_template_ans_35121901109,35121901109,Outras Receitas,,income,
account_template_ans_35124901101,35124901101,Oscilação do Valor de Cotas,,income,
account_template_ans_35124901102,35124901102,Ajuste ao Valor de Mercado,,income,
account_template_ans_35124901109,35124901109,Outras Receitas,,income,
account_template_ans_35128901101,35128901101,Juros,,income,
account_template_ans_35128901102,35128901102,Atualização Monetária,,income,
account_template_ans_35128901103,35128901103,Ajuste ao Valor de Mercado,,income,
account_template_ans_35128901109,35128901109,Outras Receitas,,income,
account_template_ans_35131901101,35131901101,Ajuste ao Valor de Mercado,,income,
account_template_ans_35131901109,35131901109,Outras Receitas,,income,
account_template_ans_35134901101,35134901101,Oscilação do Valor de Cotas,,income,
account_template_ans_35134901102,35134901102,Ajuste ao Valor de Mercado,,income,
account_template_ans_35134901109,35134901109,Outras Receitas,,income,
account_template_ans_35138901101,35138901101,Juros,,income,
account_template_ans_35138901102,35138901102,Atualização Monetária,,income,
account_template_ans_35138901103,35138901103,Ajuste ao Valor de Mercado,,income,
account_template_ans_35138901109,35138901109,Outras Receitas,,income,
account_template_ans_35211901101,35211901101,Receitas por Recebimentos em Atraso,,income,
account_template_ans_35221901101,35221901101,Juros,,income,
account_template_ans_35221901102,35221901102,Atualização Monetária,,income,
account_template_ans_35221901109,35221901109,Outras Receitas,,income,
account_template_ans_35222901101,35222901101,Juros,,income,
account_template_ans_35222901102,35222901102,Atualização Monetária,,income,
account_template_ans_35222901109,35222901109,Outras Receitas,,income,
account_template_ans_35224901101,35224901101,Juros,,income,
account_template_ans_35224901102,35224901102,Atualização Monetária,,income,
account_template_ans_35224901103,35224901103,Oscilação Cambial,,income,
account_template_ans_35224901109,35224901109,Outras Receitas,,income,
account_template_ans_35231901101,35231901101,Juros,,income,
account_template_ans_35231901102,35231901102,Atualização Monetária,,income,
account_template_ans_35232901101,35232901101,Juros,,income,
account_template_ans_35232901102,35232901102,Atualização Monetária,,income,
account_template_ans_35311901101,35311901101,Receitas de Ajustes a Valor Presente,,income,
account_template_ans_35811901101,35811901101,Juros,,income,
account_template_ans_35811901102,35811901102,Atualização Monetária,,income,
account_template_ans_35811901109,35811901109,Outras Receitas,,income,
account_template_ans_35821901101,35821901101,Juros,,income,
account_template_ans_35821901102,35821901102,Atualização Monetária,,income,
account_template_ans_35821901109,35821901109,Outras Receitas,,income,
account_template_ans_35831901101,35831901101,Juros,,income,
account_template_ans_35831901102,35831901102,Atualização Monetária,,income,
account_template_ans_35831901109,35831901109,Outras Receitas,,income,
account_template_ans_35841901101,35841901101,Juros sobre Capital Próprio,,income,
account_template_ans_35891901101,35891901101,Juros,,income,
account_template_ans_35891901102,35891901102,Atualização Monetária,,income,
account_template_ans_35891901103,35891901103,Reversão de Encargos por Repactuação de Dívidas,,income,
account_template_ans_35891901109,35891901109,Outras Receitas,,income,
account_template_ans_36111901101,36111901101,Aluguel,,expense,
account_template_ans_36111901109,36111901109,Outras Receitas,,expense,
account_template_ans_36121901101,36121901101,Resultado de Equivalência Patrimonial,,expense,
account_template_ans_36121901102,36121901102,Ganho por compra vantajosa (deságio),,expense,
account_template_ans_36131901101,36131901101,Investimentos,,expense,
account_template_ans_36131901102,36131901102,Imobilizado,,expense,
account_template_ans_36191901101,36191901101,Dividendos e Rendimentos,,expense,
account_template_ans_36191901109,36191901109,Outras Receitas,,expense,
account_template_ans_37111909901,37111909901,Multas Administrativas aplicadas pela ANS,,expense,
account_template_ans_37111909902,37111909902,Multas Administrativas aplicadas pela ANS - contingências,,expense,
account_template_ans_37111909903,37111909903,Multas Administrativas diversas,,expense,
account_template_ans_37111909904,37111909904,Multas Administrativas diversas - contingências,,expense,
account_template_ans_41111101101,41111101101,Despesas com Eventos / Sinistros,,expense_direct_cost,
account_template_ans_41111101102,41111101102,(-) Glosas,,expense,
account_template_ans_41111101103,41111101103,(-) Recuperação por Co-Participação,,expense,
account_template_ans_41111101107,41111101107,Despesas com Eventos/Sinistros - Judicial,,expense_direct_cost,
account_template_ans_41111101109,41111101109,(-) Outras Recuperações,,expense,
account_template_ans_41111102201,41111102201,Despesas com Eventos / Sinistros,,expense_direct_cost,
account_template_ans_41111102202,41111102202,(-) Glosas,,expense,
account_template_ans_41111102203,41111102203,(-) Recuperação por Co-Participação,,expense,
account_template_ans_41111102207,41111102207,Despesas com Eventos/Sinistros - Judicial,,expense_direct_cost,
account_template_ans_41111102209,41111102209,(-) Outras Recuperações,,expense,
account_template_ans_41111103301,41111103301,Despesas com Eventos / Sinistros,,expense_direct_cost,
account_template_ans_41111103302,41111103302,(-) Glosas,,expense,
account_template_ans_41111103303,41111103303,(-) Recuperação por Co-Participação,,expense,
account_template_ans_41111103307,41111103307,Despesas com Eventos/Sinistros - Judicial,,expense_direct_cost,
account_template_ans_41111103309,41111103309,(-) Outras Recuperações,,expense,
account_template_ans_41111104401,41111104401,Despesas com Eventos / Sinistros,,expense_direct_cost,
account_template_ans_41111104402,41111104402,(-) Glosas,,expense,
account_template_ans_41111104403,41111104403,(-) Recuperação por Co-Participação,,expense,
account_template_ans_41111104407,41111104407,Despesas com Eventos/Sinistros - Judicial,,expense_direct_cost,
account_template_ans_41111104409,41111104409,(-) Outras Recuperações,,expense,
account_template_ans_41111105501,41111105501,Despesas com Eventos / Sinistros,,expense_direct_cost,
account_template_ans_41111105502,41111105502,(-) Glosas,,expense,
account_template_ans_41111105503,41111105503,(-) Recuperação por Co-Participação,,expense,
account_template_ans_41111105507,41111105507,Despesas com Eventos/Sinistros - Judicial,,expense_direct_cost,
account_template_ans_41111105509,41111105509,(-) Outras Recuperações,,expense,
account_template_ans_41111106601,41111106601,Despesas com Eventos / Sinistros,,expense_direct_cost,
account_template_ans_41111106602,41111106602,(-) Glosas,,expense,
account_template_ans_41111106603,41111106603,(-) Recuperação por Co-Participação,,expense,
account_template_ans_41111106607,41111106607,Despesas com Eventos/Sinistros - Judicial,,expense_direct_cost,
account_template_ans_41111106609,41111106609,(-) Outras Recuperações,,expense,
account_template_ans_41111108801,41111108801,Despesas com Eventos / Sinistros,,expense_direct_cost,
account_template_ans_41111108802,41111108802,(-) Glosas,,expense,
account_template_ans_41111203301,41111203301,Despesas com Eventos / Sinistros,,expense_direct_cost,
account_template_ans_41111203302,41111203302,(-) Glosas,,expense,
account_template_ans_41111203303,41111203303,(-) Recuperação por Co-Participação,,expense,
account_template_ans_41111203304,41111203304,(-) Recuperação por Reembolso do Contratante,,expense,
account_template_ans_41111203307,41111203307,Despesas com Eventos/Sinistros - Judicial,,expense_direct_cost,
account_template_ans_41111203309,41111203309,(-) Outras Recuperações,,expense,
account_template_ans_41111204401,41111204401,Despesas com Eventos / Sinistros,,expense_direct_cost,
account_template_ans_41111204402,41111204402,(-) Glosas,,expense,
account_template_ans_41111204403,41111204403,(-) Recuperação por Co-Participação,,expense,
account_template_ans_41111204404,41111204404,(-) Recuperação por Reembolso do Contratante,,expense,
account_template_ans_41111204407,41111204407,Despesas com Eventos/Sinistros - Judicial,,expense_direct_cost,
account_template_ans_41111204409,41111204409,(-) Outras Recuperações,,expense,
account_template_ans_41111205501,41111205501,Despesas com Eventos / Sinistros,,expense_direct_cost,
account_template_ans_41111205502,41111205502,(-) Glosas,,expense,
account_template_ans_41111205503,41111205503,(-) Recuperação por Co-Participação,,expense,
account_template_ans_41111205504,41111205504,(-) Recuperação por Reembolso do Contratante,,expense,
account_template_ans_41111205507,41111205507,Despesas com Eventos/Sinistros - Judicial,,expense_direct_cost,
account_template_ans_41111205509,41111205509,(-) Outras Recuperações,,expense,
account_template_ans_41111206601,41111206601,Despesas com Eventos / Sinistros,,expense_direct_cost,
account_template_ans_41111206602,41111206602,(-) Glosas,,expense,
account_template_ans_41111206603,41111206603,(-) Recuperação por Co-Participação,,expense,
account_template_ans_41111206604,41111206604,(-) Recuperação por Reembolso do Contratante,,expense,
account_template_ans_41111206607,41111206607,Despesas com Eventos/Sinistros - Judicial,,expense_direct_cost,
account_template_ans_41111206609,41111206609,(-) Outras Recuperações,,expense,
account_template_ans_41111208801,41111208801,Despesas com Eventos / Sinistros,,expense_direct_cost,
account_template_ans_41111208802,41111208802,(-) Glosas,,expense,
account_template_ans_41111208804,41111208804,(-) Recuperação por Reembolso do Contratante,,expense,
account_template_ans_41112101101,41112101101,Despesas com Eventos / Sinistros,,expense_direct_cost,
account_template_ans_41112101102,41112101102,(-) Glosas,,expense,
account_template_ans_41112101103,41112101103,(-) Recuperação por Co-Participação,,expense,
account_template_ans_41112101107,41112101107,Despesas com Eventos/Sinistros - Judicial,,expense_direct_cost,
account_template_ans_41112101109,41112101109,(-) Outras Recuperações,,expense,
account_template_ans_41112102201,41112102201,Despesas com Eventos / Sinistros,,expense_direct_cost,
account_template_ans_41112102202,41112102202,(-) Glosas,,expense,
account_template_ans_41112102203,41112102203,(-) Recuperação por Co-Participação,,expense,
account_template_ans_41112102207,41112102207,Despesas com Eventos/Sinistros - Judicial,,expense_direct_cost,
account_template_ans_41112102209,41112102209,(-) Outras Recuperações,,expense,
account_template_ans_41112103301,41112103301,Despesas com Eventos / Sinistros,,expense_direct_cost,
account_template_ans_41112103302,41112103302,(-) Glosas,,expense,
account_template_ans_41112103303,41112103303,(-) Recuperação por Co-Participação,,expense,
account_template_ans_41112103307,41112103307,Despesas com Eventos/Sinistros - Judicial,,expense_direct_cost,
account_template_ans_41112103309,41112103309,(-) Outras Recuperações,,expense,
account_template_ans_41112104401,41112104401,Despesas com Eventos / Sinistros,,expense_direct_cost,
account_template_ans_41112104402,41112104402,(-) Glosas,,expense,
account_template_ans_41112104403,41112104403,(-) Recuperação por Co-Participação,,expense,
account_template_ans_41112104407,41112104407,Despesas com Eventos/Sinistros - Judicial,,expense_direct_cost,
account_template_ans_41112104409,41112104409,(-) Outras Recuperações,,expense,
account_template_ans_41112105501,41112105501,Despesas com Eventos / Sinistros,,expense_direct_cost,
account_template_ans_41112105502,41112105502,(-) Glosas,,expense,
account_template_ans_41112105503,41112105503,(-) Recuperação por Co-Participação,,expense,
account_template_ans_41112105507,41112105507,Despesas com Eventos/Sinistros - Judicial,,expense_direct_cost,
account_template_ans_41112105509,41112105509,(-) Outras Recuperações,,expense,
account_template_ans_41112106601,41112106601,Despesas com Eventos / Sinistros,,expense_direct_cost,
account_template_ans_41112106602,41112106602,(-) Glosas,,expense,
account_template_ans_41112106603,41112106603,(-) Recuperação por Co-Participação,,expense,
account_template_ans_41112106607,41112106607,Despesas com Eventos/Sinistros - Judicial,,expense_direct_cost,
account_template_ans_41112106609,41112106609,(-) Outras Recuperações,,expense,
account_template_ans_41112108801,41112108801,Despesas com Eventos / Sinistros,,expense_direct_cost,
account_template_ans_41112108802,41112108802,(-) Glosas,,expense,
account_template_ans_41112203301,41112203301,Despesas com Eventos / Sinistros,,expense_direct_cost,
account_template_ans_41112203302,41112203302,(-) Glosas,,expense,
account_template_ans_41112203303,41112203303,(-) Recuperação por Co-Participação,,expense,
account_template_ans_41112203304,41112203304,(-) Recuperação por Reembolso do Contratante,,expense,
account_template_ans_41112203307,41112203307,Despesas com Eventos/Sinistros - Judicial,,expense_direct_cost,
account_template_ans_41112203309,41112203309,(-) Outras Recuperações,,expense,
account_template_ans_41112204401,41112204401,Despesas com Eventos / Sinistros,,expense_direct_cost,
account_template_ans_41112204402,41112204402,(-) Glosas,,expense,
account_template_ans_41112204403,41112204403,(-) Recuperação por Co-Participação,,expense,
account_template_ans_41112204404,41112204404,(-) Recuperação por Reembolso do Contratante,,expense,
account_template_ans_41112204407,41112204407,Despesas com Eventos/Sinistros - Judicial,,expense_direct_cost,
account_template_ans_41112204409,41112204409,(-) Outras Recuperações,,expense,
account_template_ans_41112205501,41112205501,Despesas com Eventos / Sinistros,,expense_direct_cost,
account_template_ans_41112205502,41112205502,(-) Glosas,,expense,
account_template_ans_41112205503,41112205503,(-) Recuperação por Co-Participação,,expense,
account_template_ans_41112205504,41112205504,(-) Recuperação por Reembolso do Contratante,,expense,
account_template_ans_41112205507,41112205507,Despesas com Eventos/Sinistros - Judicial,,expense_direct_cost,
account_template_ans_41112205509,41112205509,(-) Outras Recuperações,,expense,
account_template_ans_41112206601,41112206601,Despesas com Eventos / Sinistros,,expense_direct_cost,
account_template_ans_41112206602,41112206602,(-) Glosas,,expense,
account_template_ans_41112206603,41112206603,(-) Recuperação por Co-Participação,,expense,
account_template_ans_41112206604,41112206604,(-) Recuperação por Reembolso do Contratante,,expense,
account_template_ans_41112206607,41112206607,Despesas com Eventos/Sinistros - Judicial,,expense_direct_cost,
account_template_ans_41112206609,41112206609,(-) Outras Recuperações,,expense,
account_template_ans_41112208801,41112208801,Despesas com Eventos / Sinistros,,expense_direct_cost,
account_template_ans_41112208802,41112208802,(-) Glosas,,expense,
account_template_ans_41112208804,41112208804,(-) Recuperação por Reembolso do Contratante,,expense,
account_template_ans_41121101101,41121101101,Despesas com Eventos / Sinistros,,expense_direct_cost,
account_template_ans_41121101102,41121101102,(-) Glosas,,expense,
account_template_ans_41121101103,41121101103,(-) Recuperação por Co-Participação,,expense,
account_template_ans_41121101109,41121101109,(-) Outras Recuperações,,expense,
account_template_ans_41121102201,41121102201,Despesas com Eventos / Sinistros,,expense_direct_cost,
account_template_ans_41121102202,41121102202,(-) Glosas,,expense,
account_template_ans_41121102203,41121102203,(-) Recuperação por Co-Participação,,expense,
account_template_ans_41121102209,41121102209,(-) Outras Recuperações,,expense,
account_template_ans_41121103301,41121103301,Despesas com Eventos / Sinistros,,expense_direct_cost,
account_template_ans_41121103302,41121103302,(-) Glosas,,expense,
account_template_ans_41121103303,41121103303,(-) Recuperação por Co-Participação,,expense,
account_template_ans_41121103309,41121103309,(-) Outras Recuperações,,expense,
account_template_ans_41121104401,41121104401,Despesas com Eventos / Sinistros,,expense_direct_cost,
account_template_ans_41121104402,41121104402,(-) Glosas,,expense,
account_template_ans_41121104403,41121104403,(-) Recuperação por Co-Participação,,expense,
account_template_ans_41121104409,41121104409,(-) Outras Recuperações,,expense,
account_template_ans_41121105501,41121105501,Despesas com Eventos / Sinistros,,expense_direct_cost,
account_template_ans_41121105502,41121105502,(-) Glosas,,expense,
account_template_ans_41121105503,41121105503,(-) Recuperação por Co-Participação,,expense,
account_template_ans_41121105509,41121105509,(-) Outras Recuperações,,expense,
account_template_ans_41121106601,41121106601,Despesas com Eventos / Sinistros,,expense_direct_cost,
account_template_ans_41121106602,41121106602,(-) Glosas,,expense,
account_template_ans_41121106603,41121106603,(-) Recuperação por Co-Participação,,expense,
account_template_ans_41121106609,41121106609,(-) Outras Recuperações,,expense,
account_template_ans_41121108801,41121108801,Despesas com Eventos / Sinistros,,expense_direct_cost,
account_template_ans_41121108802,41121108802,(-) Glosas,,expense,
account_template_ans_41121203301,41121203301,Despesas com Eventos / Sinistros,,expense_direct_cost,
account_template_ans_41121203302,41121203302,(-) Glosas,,expense,
account_template_ans_41121203303,41121203303,(-) Recuperação por Co-Participação,,expense,
account_template_ans_41121203304,41121203304,(-) Recuperação por Reembolso do Contratante,,expense,
account_template_ans_41121203309,41121203309,(-) Outras Recuperações,,expense,
account_template_ans_41121204401,41121204401,Despesas com Eventos / Sinistros,,expense_direct_cost,
account_template_ans_41121204402,41121204402,(-) Glosas,,expense,
account_template_ans_41121204403,41121204403,(-) Recuperação por Co-Participação,,expense,
account_template_ans_41121204404,41121204404,(-) Recuperação por Reembolso do Contratante,,expense,
account_template_ans_41121204409,41121204409,(-) Outras Recuperações,,expense,
account_template_ans_41121205501,41121205501,Despesas com Eventos / Sinistros,,expense_direct_cost,
account_template_ans_41121205502,41121205502,(-) Glosas,,expense,
account_template_ans_41121205503,41121205503,(-) Recuperação por Co-Participação,,expense,
account_template_ans_41121205504,41121205504,(-) Recuperação por Reembolso do Contratante,,expense,
account_template_ans_41121205509,41121205509,(-) Outras Recuperações,,expense,
account_template_ans_41121206601,41121206601,Despesas com Eventos / Sinistros,,expense_direct_cost,
account_template_ans_41121206602,41121206602,(-) Glosas,,expense,
account_template_ans_41121206603,41121206603,(-) Recuperação por Co-Participação,,expense,
account_template_ans_41121206604,41121206604,(-) Recuperação por Reembolso do Contratante,,expense,
account_template_ans_41121206609,41121206609,(-) Outras Recuperações,,expense,
account_template_ans_41121208801,41121208801,Despesas com Eventos / Sinistros,,expense_direct_cost,
account_template_ans_41121208802,41121208802,(-) Glosas,,expense,
account_template_ans_41121208804,41121208804,(-) Recuperação por Reembolso do Contratante,,expense,
account_template_ans_41122101101,41122101101,Despesas com Eventos / Sinistros,,expense_direct_cost,
account_template_ans_41122101102,41122101102,(-) Glosas,,expense,
account_template_ans_41122101103,41122101103,(-) Recuperação por Co-Participação,,expense,
account_template_ans_41122101109,41122101109,(-) Outras Recuperações,,expense,
account_template_ans_41122102201,41122102201,Despesas com Eventos / Sinistros,,expense_direct_cost,
account_template_ans_41122102202,41122102202,(-) Glosas,,expense,
account_template_ans_41122102203,41122102203,(-) Recuperação por Co-Participação,,expense,
account_template_ans_41122102209,41122102209,(-) Outras Recuperações,,expense,
account_template_ans_41122103301,41122103301,Despesas com Eventos / Sinistros,,expense_direct_cost,
account_template_ans_41122103302,41122103302,(-) Glosas,,expense,
account_template_ans_41122103303,41122103303,(-) Recuperação por Co-Participação,,expense,
account_template_ans_41122103309,41122103309,(-) Outras Recuperações,,expense,
account_template_ans_41122104401,41122104401,Despesas com Eventos / Sinistros,,expense_direct_cost,
account_template_ans_41122104402,41122104402,(-) Glosas,,expense,
account_template_ans_41122104403,41122104403,(-) Recuperação por Co-Participação,,expense,
account_template_ans_41122104409,41122104409,(-) Outras Recuperações,,expense,
account_template_ans_41122105501,41122105501,Despesas com Eventos / Sinistros,,expense_direct_cost,
account_template_ans_41122105502,41122105502,(-) Glosas,,expense,
account_template_ans_41122105503,41122105503,(-) Recuperação por Co-Participação,,expense,
account_template_ans_41122105509,41122105509,(-) Outras Recuperações,,expense,
account_template_ans_41122106601,41122106601,Despesas com Eventos / Sinistros,,expense_direct_cost,
account_template_ans_41122106602,41122106602,(-) Glosas,,expense,
account_template_ans_41122106603,41122106603,(-) Recuperação por Co-Participação,,expense,
account_template_ans_41122106609,41122106609,(-) Outras Recuperações,,expense,
account_template_ans_41122108801,41122108801,Despesas com Eventos / Sinistros,,expense_direct_cost,
account_template_ans_41122108802,41122108802,(-) Glosas,,expense,
account_template_ans_41122203301,41122203301,Despesas com Eventos / Sinistros,,expense_direct_cost,
account_template_ans_41122203302,41122203302,(-) Glosas,,expense,
account_template_ans_41122203303,41122203303,(-) Recuperação por Co-Participação,,expense,
account_template_ans_41122203304,41122203304,(-) Recuperação por Reembolso do Contratante,,expense,
account_template_ans_41122203309,41122203309,(-) Outras Recuperações,,expense,
account_template_ans_41122204401,41122204401,Despesas com Eventos / Sinistros,,expense_direct_cost,
account_template_ans_41122204402,41122204402,(-) Glosas,,expense,
account_template_ans_41122204403,41122204403,(-) Recuperação por Co-Participação,,expense,
account_template_ans_41122204404,41122204404,(-) Recuperação por Reembolso do Contratante,,expense,
account_template_ans_41122204409,41122204409,(-) Outras Recuperações,,expense,
account_template_ans_41122205501,41122205501,Despesas com Eventos / Sinistros,,expense_direct_cost,
account_template_ans_41122205502,41122205502,(-) Glosas,,expense,
account_template_ans_41122205503,41122205503,(-) Recuperação por Co-Participação,,expense,
account_template_ans_41122205504,41122205504,(-) Recuperação por Reembolso do Contratante,,expense,
account_template_ans_41122205509,41122205509,(-) Outras Recuperações,,expense,
account_template_ans_41122206601,41122206601,Despesas com Eventos / Sinistros,,expense_direct_cost,
account_template_ans_41122206602,41122206602,(-) Glosas,,expense,
account_template_ans_41122206603,41122206603,(-) Recuperação por Co-Participação,,expense,
account_template_ans_41122206604,41122206604,(-) Recuperação por Reembolso do Contratante,,expense,
account_template_ans_41122206609,41122206609,(-) Outras Recuperações,,expense,
account_template_ans_41122208801,41122208801,Despesas com Eventos / Sinistros,,expense_direct_cost,
account_template_ans_41122208802,41122208802,(-) Glosas,,expense,
account_template_ans_41122208804,41122208804,(-) Recuperação por Reembolso do Contratante,,expense,
account_template_ans_41131101101,41131101101,Despesas com Eventos / Sinistros,,expense_direct_cost,
account_template_ans_41131101102,41131101102,(-) Glosas,,expense,
account_template_ans_41131101103,41131101103,(-) Recuperação por Co-Participação,,expense,
account_template_ans_41131101109,41131101109,(-) Outras Recuperações,,expense,
account_template_ans_41131102201,41131102201,Despesas com Eventos / Sinistros,,expense_direct_cost,
account_template_ans_41131102202,41131102202,(-) Glosas,,expense,
account_template_ans_41131102203,41131102203,(-) Recuperação por Co-Participação,,expense,
account_template_ans_41131102209,41131102209,(-) Outras Recuperações,,expense,
account_template_ans_41131103301,41131103301,Despesas com Eventos / Sinistros,,expense_direct_cost,
account_template_ans_41131103302,41131103302,(-) Glosas,,expense,
account_template_ans_41131103303,41131103303,(-) Recuperação por Co-Participação,,expense,
account_template_ans_41131103309,41131103309,(-) Outras Recuperações,,expense,
account_template_ans_41131104401,41131104401,Despesas com Eventos / Sinistros,,expense_direct_cost,
account_template_ans_41131104402,41131104402,(-) Glosas,,expense,
account_template_ans_41131104403,41131104403,(-) Recuperação por Co-Participação,,expense,
account_template_ans_41131104409,41131104409,(-) Outras Recuperações,,expense,
account_template_ans_41131105501,41131105501,Despesas com Eventos / Sinistros,,expense_direct_cost,
account_template_ans_41131105502,41131105502,(-) Glosas,,expense,
account_template_ans_41131105503,41131105503,(-) Recuperação por Co-Participação,,expense,
account_template_ans_41131105509,41131105509,(-) Outras Recuperações,,expense,
account_template_ans_41131106601,41131106601,Despesas com Eventos / Sinistros,,expense_direct_cost,
account_template_ans_41131106602,41131106602,(-) Glosas,,expense,
account_template_ans_41131106603,41131106603,(-) Recuperação por Co-Participação,,expense,
account_template_ans_41131106609,41131106609,(-) Outras Recuperações,,expense,
account_template_ans_41131108801,41131108801,Despesas com Eventos / Sinistros,,expense_direct_cost,
account_template_ans_41131108802,41131108802,(-) Glosas,,expense,
account_template_ans_41131203301,41131203301,Despesas com Eventos / Sinistros,,expense_direct_cost,
account_template_ans_41131203302,41131203302,(-) Glosas,,expense,
account_template_ans_41131203303,41131203303,(-) Recuperação por Co-Participação,,expense,
account_template_ans_41131203304,41131203304,(-) Recuperação por Reembolso do Contratante,,expense,
account_template_ans_41131203309,41131203309,(-) Outras Recuperações,,expense,
account_template_ans_41131204401,41131204401,Despesas com Eventos / Sinistros,,expense_direct_cost,
account_template_ans_41131204402,41131204402,(-) Glosas,,expense,
account_template_ans_41131204403,41131204403,(-) Recuperação por Co-Participação,,expense,
account_template_ans_41131204404,41131204404,(-) Recuperação por Reembolso do Contratante,,expense,
account_template_ans_41131204409,41131204409,(-) Outras Recuperações,,expense,
account_template_ans_41131205501,41131205501,Despesas com Eventos / Sinistros,,expense_direct_cost,
account_template_ans_41131205502,41131205502,(-) Glosas,,expense,
account_template_ans_41131205503,41131205503,(-) Recuperação por Co-Participação,,expense,
account_template_ans_41131205504,41131205504,(-) Recuperação por Reembolso do Contratante,,expense,
account_template_ans_41131205509,41131205509,(-) Outras Recuperações,,expense,
account_template_ans_41131206601,41131206601,Despesas com Eventos / Sinistros,,expense_direct_cost,
account_template_ans_41131206602,41131206602,(-) Glosas,,expense,
account_template_ans_41131206603,41131206603,(-) Recuperação por Co-Participação,,expense,
account_template_ans_41131206604,41131206604,(-) Recuperação por Reembolso do Contratante,,expense,
account_template_ans_41131206609,41131206609,(-) Outras Recuperações,,expense,
account_template_ans_41131208801,41131208801,Despesas com Eventos / Sinistros,,expense_direct_cost,
account_template_ans_41131208802,41131208802,(-) Glosas,,expense,
account_template_ans_41131208804,41131208804,(-) Recuperação por Reembolso do Contratante,,expense,
account_template_ans_41132101101,41132101101,Despesas com Eventos / Sinistros,,expense_direct_cost,
account_template_ans_41132101102,41132101102,(-) Glosas,,expense,
account_template_ans_41132101103,41132101103,(-) Recuperação por Co-Participação,,expense,
account_template_ans_41132101109,41132101109,(-) Outras Recuperações,,expense,
account_template_ans_41132102201,41132102201,Despesas com Eventos / Sinistros,,expense_direct_cost,
account_template_ans_41132102202,41132102202,(-) Glosas,,expense,
account_template_ans_41132102203,41132102203,(-) Recuperação por Co-Participação,,expense,
account_template_ans_41132102209,41132102209,(-) Outras Recuperações,,expense,
account_template_ans_41132103301,41132103301,Despesas com Eventos / Sinistros,,expense_direct_cost,
account_template_ans_41132103302,41132103302,(-) Glosas,,expense,
account_template_ans_41132103303,41132103303,(-) Recuperação por Co-Participação,,expense,
account_template_ans_41132103309,41132103309,(-) Outras Recuperações,,expense,
account_template_ans_41132104401,41132104401,Despesas com Eventos / Sinistros,,expense_direct_cost,
account_template_ans_41132104402,41132104402,(-) Glosas,,expense,
account_template_ans_41132104403,41132104403,(-) Recuperação por Co-Participação,,expense,
account_template_ans_41132104409,41132104409,(-) Outras Recuperações,,expense,
account_template_ans_41132105501,41132105501,Despesas com Eventos / Sinistros,,expense_direct_cost,
account_template_ans_41132105502,41132105502,(-) Glosas,,expense,
account_template_ans_41132105503,41132105503,(-) Recuperação por Co-Participação,,expense,
account_template_ans_41132105509,41132105509,(-) Outras Recuperações,,expense,
account_template_ans_41132106601,41132106601,Despesas com Eventos / Sinistros,,expense_direct_cost,
account_template_ans_41132106602,41132106602,(-) Glosas,,expense,
account_template_ans_41132106603,41132106603,(-) Recuperação por Co-Participação,,expense,
account_template_ans_41132106609,41132106609,(-) Outras Recuperações,,expense,
account_template_ans_41132108801,41132108801,Despesas com Eventos / Sinistros,,expense_direct_cost,
account_template_ans_41132108802,41132108802,(-) Glosas,,expense,
account_template_ans_41132203301,41132203301,Despesas com Eventos / Sinistros,,expense_direct_cost,
account_template_ans_41132203302,41132203302,(-) Glosas,,expense,
account_template_ans_41132203303,41132203303,(-) Recuperação por Co-Participação,,expense,
account_template_ans_41132203304,41132203304,(-) Recuperação por Reembolso do Contratante,,expense,
account_template_ans_41132203309,41132203309,(-) Outras Recuperações,,expense,
account_template_ans_41132204401,41132204401,Despesas com Eventos / Sinistros,,expense_direct_cost,
account_template_ans_41132204402,41132204402,(-) Glosas,,expense,
account_template_ans_41132204403,41132204403,(-) Recuperação por Co-Participação,,expense,
account_template_ans_41132204404,41132204404,(-) Recuperação por Reembolso do Contratante,,expense,
account_template_ans_41132204409,41132204409,(-) Outras Recuperações,,expense,
account_template_ans_41132205501,41132205501,Despesas com Eventos / Sinistros,,expense_direct_cost,
account_template_ans_41132205502,41132205502,(-) Glosas,,expense,
account_template_ans_41132205503,41132205503,(-) Recuperação por Co-Participação,,expense,
account_template_ans_41132205504,41132205504,(-) Recuperação por Reembolso do Contratante,,expense,
account_template_ans_41132205509,41132205509,(-) Outras Recuperações,,expense,
account_template_ans_41132206601,41132206601,Despesas com Eventos / Sinistros,,expense_direct_cost,
account_template_ans_41132206602,41132206602,(-) Glosas,,expense,
account_template_ans_41132206603,41132206603,(-) Recuperação por Co-Participação,,expense,
account_template_ans_41132206604,41132206604,(-) Recuperação por Reembolso do Contratante,,expense,
account_template_ans_41132206609,41132206609,(-) Outras Recuperações,,expense,
account_template_ans_41132208801,41132208801,Despesas com Eventos / Sinistros,,expense_direct_cost,
account_template_ans_41132208802,41132208802,(-) Glosas,,expense,
account_template_ans_41132208804,41132208804,(-) Recuperação por Reembolso do Contratante,,expense,
account_template_ans_41141101101,41141101101,Despesas com Eventos / Sinistros,,expense_direct_cost,
account_template_ans_41141101102,41141101102,(-) Glosas,,expense,
account_template_ans_41141101103,41141101103,(-) Recuperação por Co-Participação,,expense,
account_template_ans_41141101107,41141101107,Despesas com Eventos/Sinistros - Judicial,,expense_direct_cost,
account_template_ans_41141101109,41141101109,(-) Outras Recuperações,,expense,
account_template_ans_41141102201,41141102201,Despesas com Eventos / Sinistros,,expense_direct_cost,
account_template_ans_41141102202,41141102202,(-) Glosas,,expense,
account_template_ans_41141102203,41141102203,(-) Recuperação por Co-Participação,,expense,
account_template_ans_41141102207,41141102207,Despesas com Eventos/Sinistros - Judicial,,expense_direct_cost,
account_template_ans_41141102209,41141102209,(-) Outras Recuperações,,expense,
account_template_ans_41141103301,41141103301,Despesas com Eventos / Sinistros,,expense_direct_cost,
account_template_ans_41141103302,41141103302,(-) Glosas,,expense,
account_template_ans_41141103303,41141103303,(-) Recuperação por Co-Participação,,expense,
account_template_ans_41141103307,41141103307,Despesas com Eventos/Sinistros - Judicial,,expense_direct_cost,
account_template_ans_41141103309,41141103309,(-) Outras Recuperações,,expense,
account_template_ans_41141104401,41141104401,Despesas com Eventos / Sinistros,,expense_direct_cost,
account_template_ans_41141104402,41141104402,(-) Glosas,,expense,
account_template_ans_41141104403,41141104403,(-) Recuperação por Co-Participação,,expense,
account_template_ans_41141104407,41141104407,Despesas com Eventos/Sinistros - Judicial,,expense_direct_cost,
account_template_ans_41141104409,41141104409,(-) Outras Recuperações,,expense,
account_template_ans_41141105501,41141105501,Despesas com Eventos / Sinistros,,expense_direct_cost,
account_template_ans_41141105502,41141105502,(-) Glosas,,expense,
account_template_ans_41141105503,41141105503,(-) Recuperação por Co-Participação,,expense,
account_template_ans_41141105507,41141105507,Despesas com Eventos/Sinistros - Judicial,,expense_direct_cost,
account_template_ans_41141105509,41141105509,(-) Outras Recuperações,,expense,
account_template_ans_41141106601,41141106601,Despesas com Eventos / Sinistros,,expense_direct_cost,
account_template_ans_41141106602,41141106602,(-) Glosas,,expense,
account_template_ans_41141106603,41141106603,(-) Recuperação por Co-Participação,,expense,
account_template_ans_41141106607,41141106607,Despesas com Eventos/Sinistros - Judicial,,expense_direct_cost,
account_template_ans_41141106609,41141106609,(-) Outras Recuperações,,expense,
account_template_ans_41141108801,41141108801,Despesas com Eventos / Sinistros,,expense_direct_cost,
account_template_ans_41141108802,41141108802,(-) Glosas,,expense,
account_template_ans_41141203301,41141203301,Despesas com Eventos / Sinistros,,expense_direct_cost,
account_template_ans_41141203302,41141203302,(-) Glosas,,expense,
account_template_ans_41141203303,41141203303,(-) Recuperação por Co-Participação,,expense,
account_template_ans_41141203304,41141203304,(-) Recuperação por Reembolso do Contratante,,expense,
account_template_ans_41141203307,41141203307,Despesas com Eventos/Sinistros - Judicial,,expense_direct_cost,
account_template_ans_41141203309,41141203309,(-) Outras Recuperações,,expense,
account_template_ans_41141204401,41141204401,Despesas com Eventos / Sinistros,,expense_direct_cost,
account_template_ans_41141204402,41141204402,(-) Glosas,,expense,
account_template_ans_41141204403,41141204403,(-) Recuperação por Co-Participação,,expense,
account_template_ans_41141204404,41141204404,(-) Recuperação por Reembolso do Contratante,,expense,
account_template_ans_41141204407,41141204407,Despesas com Eventos/Sinistros - Judicial,,expense_direct_cost,
account_template_ans_41141204409,41141204409,(-) Outras Recuperações,,expense,
account_template_ans_41141205501,41141205501,Despesas com Eventos / Sinistros,,expense_direct_cost,
account_template_ans_41141205502,41141205502,(-) Glosas,,expense,
account_template_ans_41141205503,41141205503,(-) Recuperação por Co-Participação,,expense,
account_template_ans_41141205504,41141205504,(-) Recuperação por Reembolso do Contratante,,expense,
account_template_ans_41141205507,41141205507,Despesas com Eventos/Sinistros - Judicial,,expense_direct_cost,
account_template_ans_41141205509,41141205509,(-) Outras Recuperações,,expense,
account_template_ans_41141206601,41141206601,Despesas com Eventos / Sinistros,,expense_direct_cost,
account_template_ans_41141206602,41141206602,(-) Glosas,,expense,
account_template_ans_41141206603,41141206603,(-) Recuperação por Co-Participação,,expense,
account_template_ans_41141206604,41141206604,(-) Recuperação por Reembolso do Contratante,,expense,
account_template_ans_41141206607,41141206607,Despesas com Eventos/Sinistros - Judicial,,expense_direct_cost,
account_template_ans_41141206609,41141206609,(-) Outras Recuperações,,expense,
account_template_ans_41141208801,41141208801,Despesas com Eventos / Sinistros,,expense_direct_cost,
account_template_ans_41141208802,41141208802,(-) Glosas,,expense,
account_template_ans_41141208804,41141208804,(-) Recuperação por Reembolso do Contratante,,expense,
account_template_ans_41142101101,41142101101,Despesas com Eventos / Sinistros,,expense_direct_cost,
account_template_ans_41142101102,41142101102,(-) Glosas,,expense,
account_template_ans_41142101103,41142101103,(-) Recuperação por Co-Participação,,expense,
account_template_ans_41142101107,41142101107,Despesas com Eventos/Sinistros - Judicial,,expense_direct_cost,
account_template_ans_41142101109,41142101109,(-) Outras Recuperações,,expense,
account_template_ans_41142102201,41142102201,Despesas com Eventos / Sinistros,,expense_direct_cost,
account_template_ans_41142102202,41142102202,(-) Glosas,,expense,
account_template_ans_41142102203,41142102203,(-) Recuperação por Co-Participação,,expense,
account_template_ans_41142102207,41142102207,Despesas com Eventos/Sinistros - Judicial,,expense_direct_cost,
account_template_ans_41142102209,41142102209,(-) Outras Recuperações,,expense,
account_template_ans_41142103301,41142103301,Despesas com Eventos / Sinistros,,expense_direct_cost,
account_template_ans_41142103302,41142103302,(-) Glosas,,expense,
account_template_ans_41142103303,41142103303,(-) Recuperação por Co-Participação,,expense,
account_template_ans_41142103307,41142103307,Despesas com Eventos/Sinistros - Judicial,,expense_direct_cost,
account_template_ans_41142103309,41142103309,(-) Outras Recuperações,,expense,
account_template_ans_41142104401,41142104401,Despesas com Eventos / Sinistros,,expense_direct_cost,
account_template_ans_41142104402,41142104402,(-) Glosas,,expense,
account_template_ans_41142104403,41142104403,(-) Recuperação por Co-Participação,,expense,
account_template_ans_41142104407,41142104407,Despesas com Eventos/Sinistros - Judicial,,expense_direct_cost,
account_template_ans_41142104409,41142104409,(-) Outras Recuperações,,expense,
account_template_ans_41142105501,41142105501,Despesas com Eventos / Sinistros,,expense_direct_cost,
account_template_ans_41142105502,41142105502,(-) Glosas,,expense,
account_template_ans_41142105503,41142105503,(-) Recuperação por Co-Participação,,expense,
account_template_ans_41142105507,41142105507,Despesas com Eventos/Sinistros - Judicial,,expense_direct_cost,
account_template_ans_41142105509,41142105509,(-) Outras Recuperações,,expense,
account_template_ans_41142106601,41142106601,Despesas com Eventos / Sinistros,,expense_direct_cost,
account_template_ans_41142106602,41142106602,(-) Glosas,,expense,
account_template_ans_41142106603,41142106603,(-) Recuperação por Co-Participação,,expense,
account_template_ans_41142106607,41142106607,Despesas com Eventos/Sinistros - Judicial,,expense_direct_cost,
account_template_ans_41142106609,41142106609,(-) Outras Recuperações,,expense,
account_template_ans_41142108801,41142108801,Despesas com Eventos / Sinistros,,expense_direct_cost,
account_template_ans_41142108802,41142108802,(-) Glosas,,expense,
account_template_ans_41142203301,41142203301,Despesas com Eventos / Sinistros,,expense_direct_cost,
account_template_ans_41142203302,41142203302,(-) Glosas,,expense,
account_template_ans_41142203303,41142203303,(-) Recuperação por Co-Participação,,expense,
account_template_ans_41142203304,41142203304,(-) Recuperação por Reembolso do Contratante,,expense,
account_template_ans_41142203307,41142203307,Despesas com Eventos/Sinistros - Judicial,,expense_direct_cost,
account_template_ans_41142203309,41142203309,(-) Outras Recuperações,,expense,
account_template_ans_41142204401,41142204401,Despesas com Eventos / Sinistros,,expense_direct_cost,
account_template_ans_41142204402,41142204402,(-) Glosas,,expense,
account_template_ans_41142204403,41142204403,(-) Recuperação por Co-Participação,,expense,
account_template_ans_41142204404,41142204404,(-) Recuperação por Reembolso do Contratante,,expense,
account_template_ans_41142204407,41142204407,Despesas com Eventos/Sinistros - Judicial,,expense_direct_cost,
account_template_ans_41142204409,41142204409,(-) Outras Recuperações,,expense,
account_template_ans_41142205501,41142205501,Despesas com Eventos / Sinistros,,expense_direct_cost,
account_template_ans_41142205502,41142205502,(-) Glosas,,expense,
account_template_ans_41142205503,41142205503,(-) Recuperação por Co-Participação,,expense,
account_template_ans_41142205504,41142205504,(-) Recuperação por Reembolso do Contratante,,expense,
account_template_ans_41142205507,41142205507,Despesas com Eventos/Sinistros - Judicial,,expense_direct_cost,
account_template_ans_41142205509,41142205509,(-) Outras Recuperações,,expense,
account_template_ans_41142206601,41142206601,Despesas com Eventos / Sinistros,,expense_direct_cost,
account_template_ans_41142206602,41142206602,(-) Glosas,,expense,
account_template_ans_41142206603,41142206603,(-) Recuperação por Co-Participação,,expense,
account_template_ans_41142206604,41142206604,(-) Recuperação por Reembolso do Contratante,,expense,
account_template_ans_41142206607,41142206607,Despesas com Eventos/Sinistros - Judicial,,expense_direct_cost,
account_template_ans_41142206609,41142206609,(-) Outras Recuperações,,expense,
account_template_ans_41142208801,41142208801,Despesas com Eventos / Sinistros,,expense_direct_cost,
account_template_ans_41142208802,41142208802,(-) Glosas,,expense,
account_template_ans_41142208804,41142208804,(-) Recuperação por Reembolso do Contratante,,expense,
account_template_ans_41151101101,41151101101,Despesas com Eventos / Sinistros,,expense_direct_cost,
account_template_ans_41151101102,41151101102,(-) Glosas,,expense,
account_template_ans_41151101103,41151101103,(-) Recuperação por Co-Participação,,expense,
account_template_ans_41151101109,41151101109,(-) Outras Recuperações,,expense,
account_template_ans_41151102201,41151102201,Despesas com Eventos / Sinistros,,expense_direct_cost,
account_template_ans_41151102202,41151102202,(-) Glosas,,expense,
account_template_ans_41151102203,41151102203,(-) Recuperação por Co-Participação,,expense,
account_template_ans_41151102209,41151102209,(-) Outras Recuperações,,expense,
account_template_ans_41151103301,41151103301,Despesas com Eventos / Sinistros,,expense_direct_cost,
account_template_ans_41151103302,41151103302,(-) Glosas,,expense,
account_template_ans_41151103303,41151103303,(-) Recuperação por Co-Participação,,expense,
account_template_ans_41151103309,41151103309,(-) Outras Recuperações,,expense,
account_template_ans_41151104401,41151104401,Despesas com Eventos / Sinistros,,expense_direct_cost,
account_template_ans_41151104402,41151104402,(-) Glosas,,expense,
account_template_ans_41151104403,41151104403,(-) Recuperação por Co-Participação,,expense,
account_template_ans_41151104409,41151104409,(-) Outras Recuperações,,expense,
account_template_ans_41151105501,41151105501,Despesas com Eventos / Sinistros,,expense_direct_cost,
account_template_ans_41151105502,41151105502,(-) Glosas,,expense,
account_template_ans_41151105503,41151105503,(-) Recuperação por Co-Participação,,expense,
account_template_ans_41151105509,41151105509,(-) Outras Recuperações,,expense,
account_template_ans_41151106601,41151106601,Despesas com Eventos / Sinistros,,expense_direct_cost,
account_template_ans_41151106602,41151106602,(-) Glosas,,expense,
account_template_ans_41151106603,41151106603,(-) Recuperação por Co-Participação,,expense,
account_template_ans_41151106609,41151106609,(-) Outras Recuperações,,expense,
account_template_ans_41151108801,41151108801,Despesas com Eventos / Sinistros,,expense_direct_cost,
account_template_ans_41151108802,41151108802,(-) Glosas,,expense,
account_template_ans_41151203301,41151203301,Despesas com Eventos / Sinistros,,expense_direct_cost,
account_template_ans_41151203302,41151203302,(-) Glosas,,expense,
account_template_ans_41151203303,41151203303,(-) Recuperação por Co-Participação,,expense,
account_template_ans_41151203304,41151203304,(-) Recuperação por Reembolso do Contratante,,expense,
account_template_ans_41151203309,41151203309,(-) Outras Recuperações,,expense,
account_template_ans_41151204401,41151204401,Despesas com Eventos / Sinistros,,expense_direct_cost,
account_template_ans_41151204402,41151204402,(-) Glosas,,expense,
account_template_ans_41151204403,41151204403,(-) Recuperação por Co-Participação,,expense,
account_template_ans_41151204404,41151204404,(-) Recuperação por Reembolso do Contratante,,expense,
account_template_ans_41151204409,41151204409,(-) Outras Recuperações,,expense,
account_template_ans_41151205501,41151205501,Despesas com Eventos / Sinistros,,expense_direct_cost,
account_template_ans_41151205502,41151205502,(-) Glosas,,expense,
account_template_ans_41151205503,41151205503,(-) Recuperação por Co-Participação,,expense,
account_template_ans_41151205504,41151205504,(-) Recuperação por Reembolso do Contratante,,expense,
account_template_ans_41151205509,41151205509,(-) Outras Recuperações,,expense,
account_template_ans_41151206601,41151206601,Despesas com Eventos / Sinistros,,expense_direct_cost,
account_template_ans_41151206602,41151206602,(-) Glosas,,expense,
account_template_ans_41151206603,41151206603,(-) Recuperação por Co-Participação,,expense,
account_template_ans_41151206604,41151206604,(-) Recuperação por Reembolso do Contratante,,expense,
account_template_ans_41151206609,41151206609,(-) Outras Recuperações,,expense,
account_template_ans_41151208801,41151208801,Despesas com Eventos / Sinistros,,expense_direct_cost,
account_template_ans_41151208802,41151208802,(-) Glosas,,expense,
account_template_ans_41151208804,41151208804,(-) Recuperação por Reembolso do Contratante,,expense,
account_template_ans_41152101101,41152101101,Despesas com Eventos / Sinistros,,expense_direct_cost,
account_template_ans_41152101102,41152101102,(-) Glosas,,expense,
account_template_ans_41152101103,41152101103,(-) Recuperação por Co-Participação,,expense,
account_template_ans_41152101109,41152101109,(-) Outras Recuperações,,expense,
account_template_ans_41152102201,41152102201,Despesas com Eventos / Sinistros,,expense_direct_cost,
account_template_ans_41152102202,41152102202,(-) Glosas,,expense,
account_template_ans_41152102203,41152102203,(-) Recuperação por Co-Participação,,expense,
account_template_ans_41152102209,41152102209,(-) Outras Recuperações,,expense,
account_template_ans_41152103301,41152103301,Despesas com Eventos / Sinistros,,expense_direct_cost,
account_template_ans_41152103302,41152103302,(-) Glosas,,expense,
account_template_ans_41152103303,41152103303,(-) Recuperação por Co-Participação,,expense,
account_template_ans_41152103309,41152103309,(-) Outras Recuperações,,expense,
account_template_ans_41152104401,41152104401,Despesas com Eventos / Sinistros,,expense_direct_cost,
account_template_ans_41152104402,41152104402,(-) Glosas,,expense,
account_template_ans_41152104403,41152104403,(-) Recuperação por Co-Participação,,expense,
account_template_ans_41152104409,41152104409,(-) Outras Recuperações,,expense,
account_template_ans_41152105501,41152105501,Despesas com Eventos / Sinistros,,expense_direct_cost,
account_template_ans_41152105502,41152105502,(-) Glosas,,expense,
account_template_ans_41152105503,41152105503,(-) Recuperação por Co-Participação,,expense,
account_template_ans_41152105509,41152105509,(-) Outras Recuperações,,expense,
account_template_ans_41152106601,41152106601,Despesas com Eventos / Sinistros,,expense_direct_cost,
account_template_ans_41152106602,41152106602,(-) Glosas,,expense,
account_template_ans_41152106603,41152106603,(-) Recuperação por Co-Participação,,expense,
account_template_ans_41152106609,41152106609,(-) Outras Recuperações,,expense,
account_template_ans_41152108801,41152108801,Despesas com Eventos / Sinistros,,expense_direct_cost,
account_template_ans_41152108802,41152108802,(-) Glosas,,expense,
account_template_ans_41152203301,41152203301,Despesas com Eventos / Sinistros,,expense_direct_cost,
account_template_ans_41152203302,41152203302,(-) Glosas,,expense,
account_template_ans_41152203303,41152203303,(-) Recuperação por Co-Participação,,expense,
account_template_ans_41152203304,41152203304,(-) Recuperação por Reembolso do Contratante,,expense,
account_template_ans_41152203309,41152203309,(-) Outras Recuperações,,expense,
account_template_ans_41152204401,41152204401,Despesas com Eventos / Sinistros,,expense_direct_cost,
account_template_ans_41152204402,41152204402,(-) Glosas,,expense,
account_template_ans_41152204403,41152204403,(-) Recuperação por Co-Participação,,expense,
account_template_ans_41152204404,41152204404,(-) Recuperação por Reembolso do Contratante,,expense,
account_template_ans_41152204409,41152204409,(-) Outras Recuperações,,expense,
account_template_ans_41152205501,41152205501,Despesas com Eventos / Sinistros,,expense_direct_cost,
account_template_ans_41152205502,41152205502,(-) Glosas,,expense,
account_template_ans_41152205503,41152205503,(-) Recuperação por Co-Participação,,expense,
account_template_ans_41152205504,41152205504,(-) Recuperação por Reembolso do Contratante,,expense,
account_template_ans_41152205509,41152205509,(-) Outras Recuperações,,expense,
account_template_ans_41152206601,41152206601,Despesas com Eventos / Sinistros,,expense_direct_cost,
account_template_ans_41152206602,41152206602,(-) Glosas,,expense,
account_template_ans_41152206603,41152206603,(-) Recuperação por Co-Participação,,expense,
account_template_ans_41152206604,41152206604,(-) Recuperação por Reembolso do Contratante,,expense,
account_template_ans_41152206609,41152206609,(-) Outras Recuperações,,expense,
account_template_ans_41152208801,41152208801,Despesas com Eventos / Sinistros,,expense_direct_cost,
account_template_ans_41152208802,41152208802,(-) Glosas,,expense,
account_template_ans_41152208804,41152208804,(-) Recuperação por Reembolso do Contratante,,expense,
account_template_ans_41161101101,41161101101,Despesas com Eventos / Sinistros,,expense_direct_cost,
account_template_ans_41161101102,41161101102,(-) Glosas,,expense,
account_template_ans_41161101103,41161101103,(-) Recuperação por Co-Participação,,expense,
account_template_ans_41161101107,41161101107,Despesas com Eventos/Sinistros - Judicial,,expense_direct_cost,
account_template_ans_41161101109,41161101109,(-) Outras Recuperações,,expense,
account_template_ans_41161102201,41161102201,Despesas com Eventos / Sinistros,,expense_direct_cost,
account_template_ans_41161102202,41161102202,(-) Glosas,,expense,
account_template_ans_41161102203,41161102203,(-) Recuperação por Co-Participação,,expense,
account_template_ans_41161102207,41161102207,Despesas com Eventos/Sinistros - Judicial,,expense_direct_cost,
account_template_ans_41161102209,41161102209,(-) Outras Recuperações,,expense,
account_template_ans_41161103301,41161103301,Despesas com Eventos / Sinistros,,expense_direct_cost,
account_template_ans_41161103302,41161103302,(-) Glosas,,expense,
account_template_ans_41161103303,41161103303,(-) Recuperação por Co-Participação,,expense,
account_template_ans_41161103307,41161103307,Despesas com Eventos/Sinistros - Judicial,,expense_direct_cost,
account_template_ans_41161203307,41161203307,Despesas com Eventos/Sinistros - Judicial,,expense_direct_cost,
account_template_ans_41161103309,41161103309,(-) Outras Recuperações,,expense,
account_template_ans_41161104401,41161104401,Despesas com Eventos / Sinistros,,expense_direct_cost,
account_template_ans_41161104402,41161104402,(-) Glosas,,expense,
account_template_ans_41161104403,41161104403,(-) Recuperação por Co-Participação,,expense,
account_template_ans_41161104407,41161104407,Despesas com Eventos/Sinistros - Judicial,,expense_direct_cost,
account_template_ans_41161204407,41161204407,Despesas com Eventos/Sinistros - Judicial,,expense_direct_cost,
account_template_ans_41161104409,41161104409,(-) Outras Recuperações,,expense,
account_template_ans_41161105501,41161105501,Despesas com Eventos / Sinistros,,expense_direct_cost,
account_template_ans_41161105502,41161105502,(-) Glosas,,expense,
account_template_ans_41161105503,41161105503,(-) Recuperação por Co-Participação,,expense,
account_template_ans_41161105507,41161105507,Despesas com Eventos/Sinistros - Judicial,,expense_direct_cost,
account_template_ans_41161205507,41161205507,Despesas com Eventos/Sinistros - Judicial,,expense_direct_cost,
account_template_ans_41161105509,41161105509,(-) Outras Recuperações,,expense,
account_template_ans_41161106601,41161106601,Despesas com Eventos / Sinistros,,expense_direct_cost,
account_template_ans_41161106602,41161106602,(-) Glosas,,expense,
account_template_ans_41161106603,41161106603,(-) Recuperação por Co-Participação,,expense,
account_template_ans_41161106607,41161106607,Despesas com Eventos/Sinistros - Judicial,,expense_direct_cost,
account_template_ans_41161206607,41161206607,Despesas com Eventos/Sinistros - Judicial,,expense_direct_cost,
account_template_ans_41161106609,41161106609,(-) Outras Recuperações,,expense,
account_template_ans_41161203301,41161203301,Despesas com Eventos / Sinistros,,expense_direct_cost,
account_template_ans_41161203302,41161203302,(-) Glosas,,expense,
account_template_ans_41161203303,41161203303,(-) Recuperação por Co-Participação,,expense,
account_template_ans_41161203304,41161203304,(-) Recuperação por Reembolso do Contratante,,expense,
account_template_ans_41161203309,41161203309,(-) Outras Recuperações,,expense,
account_template_ans_41161204401,41161204401,Despesas com Eventos / Sinistros,,expense_direct_cost,
account_template_ans_41161204402,41161204402,(-) Glosas,,expense,
account_template_ans_41161204403,41161204403,(-) Recuperação por Co-Participação,,expense,
account_template_ans_41161204404,41161204404,(-) Recuperação por Reembolso do Contratante,,expense,
account_template_ans_41161204409,41161204409,(-) Outras Recuperações,,expense,
account_template_ans_41161205501,41161205501,Despesas com Eventos / Sinistros,,expense_direct_cost,
account_template_ans_41161205502,41161205502,(-) Glosas,,expense,
account_template_ans_41161205503,41161205503,(-) Recuperação por Co-Participação,,expense,
account_template_ans_41161205504,41161205504,(-) Recuperação por Reembolso do Contratante,,expense,
account_template_ans_41161205509,41161205509,(-) Outras Recuperações,,expense,
account_template_ans_41161206601,41161206601,Despesas com Eventos / Sinistros,,expense_direct_cost,
account_template_ans_41161206602,41161206602,(-) Glosas,,expense,
account_template_ans_41161206603,41161206603,(-) Recuperação por Co-Participação,,expense,
account_template_ans_41161206604,41161206604,(-) Recuperação por Reembolso do Contratante,,expense,
account_template_ans_41161206609,41161206609,(-) Outras Recuperações,,expense,
account_template_ans_41162101101,41162101101,Despesas com Eventos / Sinistros,,expense_direct_cost,
account_template_ans_41162101102,41162101102,(-) Glosas,,expense,
account_template_ans_41162101103,41162101103,(-) Recuperação por Co-Participação,,expense,
account_template_ans_41162101107,41162101107,Despesas com Eventos/Sinistros - Judicial,,expense_direct_cost,
account_template_ans_41162101109,41162101109,(-) Outras Recuperações,,expense,
account_template_ans_41162102201,41162102201,Despesas com Eventos / Sinistros,,expense_direct_cost,
account_template_ans_41162102202,41162102202,(-) Glosas,,expense,
account_template_ans_41162102203,41162102203,(-) Recuperação por Co-Participação,,expense,
account_template_ans_41162102207,41162102207,Despesas com Eventos/Sinistros - Judicial,,expense_direct_cost,
account_template_ans_41162102209,41162102209,(-) Outras Recuperações,,expense,
account_template_ans_41162103301,41162103301,Despesas com Eventos / Sinistros,,expense_direct_cost,
account_template_ans_41162103302,41162103302,(-) Glosas,,expense,
account_template_ans_41162103303,41162103303,(-) Recuperação por Co-Participação,,expense,
account_template_ans_41162103307,41162103307,Despesas com Eventos/Sinistros - Judicial,,expense_direct_cost,
account_template_ans_41162103309,41162103309,(-) Outras Recuperações,,expense,
account_template_ans_41162104401,41162104401,Despesas com Eventos / Sinistros,,expense_direct_cost,
account_template_ans_41162104402,41162104402,(-) Glosas,,expense,
account_template_ans_41162104403,41162104403,(-) Recuperação por Co-Participação,,expense,
account_template_ans_41162104407,41162104407,Despesas com Eventos/Sinistros - Judicial,,expense_direct_cost,
account_template_ans_41162104409,41162104409,(-) Outras Recuperações,,expense,
account_template_ans_41162105501,41162105501,Despesas com Eventos / Sinistros,,expense_direct_cost,
account_template_ans_41162105502,41162105502,(-) Glosas,,expense,
account_template_ans_41162105503,41162105503,(-) Recuperação por Co-Participação,,expense,
account_template_ans_41162105507,41162105507,Despesas com Eventos/Sinistros - Judicial,,expense_direct_cost,
account_template_ans_41162105509,41162105509,(-) Outras Recuperações,,expense,
account_template_ans_41162106601,41162106601,Despesas com Eventos / Sinistros,,expense_direct_cost,
account_template_ans_41162106602,41162106602,(-) Glosas,,expense,
account_template_ans_41162106603,41162106603,(-) Recuperação por Co-Participação,,expense,
account_template_ans_41162106607,41162106607,Despesas com Eventos/Sinistros - Judicial,,expense_direct_cost,
account_template_ans_41162106609,41162106609,(-) Outras Recuperações,,expense,
account_template_ans_41162203301,41162203301,Despesas com Eventos / Sinistros,,expense_direct_cost,
account_template_ans_41162203302,41162203302,(-) Glosas,,expense,
account_template_ans_41162203303,41162203303,(-) Recuperação por Co-Participação,,expense,
account_template_ans_41162203304,41162203304,(-) Recuperação por Reembolso do Contratante,,expense,
account_template_ans_41162203307,41162203307,Despesas com Eventos/Sinistros - Judicial,,expense_direct_cost,
account_template_ans_41162203309,41162203309,(-) Outras Recuperações,,expense,
account_template_ans_41162204401,41162204401,Despesas com Eventos / Sinistros,,expense_direct_cost,
account_template_ans_41162204402,41162204402,(-) Glosas,,expense,
account_template_ans_41162204403,41162204403,(-) Recuperação por Co-Participação,,expense,
account_template_ans_41162204404,41162204404,(-) Recuperação por Reembolso do Contratante,,expense,
account_template_ans_41162204407,41162204407,Despesas com Eventos/Sinistros - Judicial,,expense_direct_cost,
account_template_ans_41162204409,41162204409,(-) Outras Recuperações,,expense,
account_template_ans_41162205501,41162205501,Despesas com Eventos / Sinistros,,expense_direct_cost,
account_template_ans_41162205502,41162205502,(-) Glosas,,expense,
account_template_ans_41162205503,41162205503,(-) Recuperação por Co-Participação,,expense,
account_template_ans_41162205504,41162205504,(-) Recuperação por Reembolso do Contratante,,expense,
account_template_ans_41162205507,41162205507,Despesas com Eventos/Sinistros - Judicial,,expense_direct_cost,
account_template_ans_41162205509,41162205509,(-) Outras Recuperações,,expense,
account_template_ans_41162206601,41162206601,Despesas com Eventos / Sinistros,,expense_direct_cost,
account_template_ans_41162206602,41162206602,(-) Glosas,,expense,
account_template_ans_41162206603,41162206603,(-) Recuperação por Co-Participação,,expense,
account_template_ans_41162206604,41162206604,(-) Recuperação por Reembolso do Contratante,,expense,
account_template_ans_41162206607,41162206607,Despesas com Eventos/Sinistros - Judicial,,expense_direct_cost,
account_template_ans_41162206609,41162206609,(-) Outras Recuperações,,expense,
account_template_ans_41171101101,41171101101,Despesas com Eventos / Sinistros,,expense_direct_cost,
account_template_ans_41171101102,41171101102,(-) Glosas,,expense,
account_template_ans_41171101103,41171101103,(-) Recuperação por Co-Participação,,expense,
account_template_ans_41171101107,41171101107,Despesas com Eventos/Sinistros - Judicial,,expense_direct_cost,
account_template_ans_41171101109,41171101109,(-) Outras Recuperações,,expense,
account_template_ans_41171102201,41171102201,Despesas com Eventos / Sinistros,,expense_direct_cost,
account_template_ans_41171102202,41171102202,(-) Glosas,,expense,
account_template_ans_41171102203,41171102203,(-) Recuperação por Co-Participação,,expense,
account_template_ans_41171102207,41171102207,Despesas com Eventos/Sinistros - Judicial,,expense_direct_cost,
account_template_ans_41171102209,41171102209,(-) Outras Recuperações,,expense,
account_template_ans_41171103301,41171103301,Despesas com Eventos / Sinistros,,expense_direct_cost,
account_template_ans_41171103302,41171103302,(-) Glosas,,expense,
account_template_ans_41171103303,41171103303,(-) Recuperação por Co-Participação,,expense,
account_template_ans_41171103307,41171103307,Despesas com Eventos/Sinistros - Judicial,,expense_direct_cost,
account_template_ans_41171103309,41171103309,(-) Outras Recuperações,,expense,
account_template_ans_41171104401,41171104401,Despesas com Eventos / Sinistros,,expense_direct_cost,
account_template_ans_41171104402,41171104402,(-) Glosas,,expense,
account_template_ans_41171104403,41171104403,(-) Recuperação por Co-Participação,,expense,
account_template_ans_41171104407,41171104407,Despesas com Eventos/Sinistros - Judicial,,expense_direct_cost,
account_template_ans_41171104409,41171104409,(-) Outras Recuperações,,expense,
account_template_ans_41171105501,41171105501,Despesas com Eventos / Sinistros,,expense_direct_cost,
account_template_ans_41171105502,41171105502,(-) Glosas,,expense,
account_template_ans_41171105503,41171105503,(-) Recuperação por Co-Participação,,expense,
account_template_ans_41171105507,41171105507,Despesas com Eventos/Sinistros - Judicial,,expense_direct_cost,
account_template_ans_41171105509,41171105509,(-) Outras Recuperações,,expense,
account_template_ans_41171106601,41171106601,Despesas com Eventos / Sinistros,,expense_direct_cost,
account_template_ans_41171106602,41171106602,(-) Glosas,,expense,
account_template_ans_41171106603,41171106603,(-) Recuperação por Co-Participação,,expense,
account_template_ans_41171106607,41171106607,Despesas com Eventos/Sinistros - Judicial,,expense_direct_cost,
account_template_ans_41171106609,41171106609,(-) Outras Recuperações,,expense,
account_template_ans_41171203301,41171203301,Despesas com Eventos / Sinistros,,expense_direct_cost,
account_template_ans_41171203302,41171203302,(-) Glosas,,expense,
account_template_ans_41171203303,41171203303,(-) Recuperação por Co-Participação,,expense,
account_template_ans_41171203304,41171203304,(-) Recuperação por Reembolso do Contratante,,expense,
account_template_ans_41171203307,41171203307,Despesas com Eventos/Sinistros - Judicial,,expense_direct_cost,
account_template_ans_41171203309,41171203309,(-) Outras Recuperações,,expense,
account_template_ans_41171204401,41171204401,Despesas com Eventos / Sinistros,,expense_direct_cost,
account_template_ans_41171204402,41171204402,(-) Glosas,,expense,
account_template_ans_41171204403,41171204403,(-) Recuperação por Co-Participação,,expense,
account_template_ans_41171204404,41171204404,(-) Recuperação por Reembolso do Contratante,,expense,
account_template_ans_41171204407,41171204407,Despesas com Eventos/Sinistros - Judicial,,expense_direct_cost,
account_template_ans_41171204409,41171204409,(-) Outras Recuperações,,expense,
account_template_ans_41171205501,41171205501,Despesas com Eventos / Sinistros,,expense_direct_cost,
account_template_ans_41171205502,41171205502,(-) Glosas,,expense,
account_template_ans_41171205503,41171205503,(-) Recuperação por Co-Participação,,expense,
account_template_ans_41171205504,41171205504,(-) Recuperação por Reembolso do Contratante,,expense,
account_template_ans_41171205507,41171205507,Despesas com Eventos/Sinistros - Judicial,,expense_direct_cost,
account_template_ans_41171205509,41171205509,(-) Outras Recuperações,,expense,
account_template_ans_41171206601,41171206601,Despesas com Eventos / Sinistros,,expense_direct_cost,
account_template_ans_41171206602,41171206602,(-) Glosas,,expense,
account_template_ans_41171206603,41171206603,(-) Recuperação por Co-Participação,,expense,
account_template_ans_41171206604,41171206604,(-) Recuperação por Reembolso do Contratante,,expense,
account_template_ans_41171206607,41171206607,Despesas com Eventos/Sinistros - Judicial,,expense_direct_cost,
account_template_ans_41171206609,41171206609,(-) Outras Recuperações,,expense,
account_template_ans_41172101101,41172101101,Despesas com Eventos / Sinistros,,expense_direct_cost,
account_template_ans_41172101102,41172101102,(-) Glosas,,expense,
account_template_ans_41172101103,41172101103,(-) Recuperação por Co-Participação,,expense,
account_template_ans_41172101107,41172101107,Despesas com Eventos/Sinistros - Judicial,,expense_direct_cost,
account_template_ans_41172101109,41172101109,(-) Outras Recuperações,,expense,
account_template_ans_41172102201,41172102201,Despesas com Eventos / Sinistros,,expense_direct_cost,
account_template_ans_41172102202,41172102202,(-) Glosas,,expense,
account_template_ans_41172102203,41172102203,(-) Recuperação por Co-Participação,,expense,
account_template_ans_41172102207,41172102207,Despesas com Eventos/Sinistros - Judicial,,expense_direct_cost,
account_template_ans_41172102209,41172102209,(-) Outras Recuperações,,expense,
account_template_ans_41172103301,41172103301,Despesas com Eventos / Sinistros,,expense_direct_cost,
account_template_ans_41172103302,41172103302,(-) Glosas,,expense,
account_template_ans_41172103303,41172103303,(-) Recuperação por Co-Participação,,expense,
account_template_ans_41172103307,41172103307,Despesas com Eventos/Sinistros - Judicial,,expense_direct_cost,
account_template_ans_41172103309,41172103309,(-) Outras Recuperações,,expense,
account_template_ans_41172104401,41172104401,Despesas com Eventos / Sinistros,,expense_direct_cost,
account_template_ans_41172104402,41172104402,(-) Glosas,,expense,
account_template_ans_41172104403,41172104403,(-) Recuperação por Co-Participação,,expense,
account_template_ans_41172104407,41172104407,Despesas com Eventos/Sinistros - Judicial,,expense_direct_cost,
account_template_ans_41172104409,41172104409,(-) Outras Recuperações,,expense,
account_template_ans_41172105501,41172105501,Despesas com Eventos / Sinistros,,expense_direct_cost,
account_template_ans_41172105502,41172105502,(-) Glosas,,expense,
account_template_ans_41172105503,41172105503,(-) Recuperação por Co-Participação,,expense,
account_template_ans_41172105507,41172105507,Despesas com Eventos/Sinistros - Judicial,,expense_direct_cost,
account_template_ans_41172105509,41172105509,(-) Outras Recuperações,,expense,
account_template_ans_41172106601,41172106601,Despesas com Eventos / Sinistros,,expense_direct_cost,
account_template_ans_41172106602,41172106602,(-) Glosas,,expense,
account_template_ans_41172106603,41172106603,(-) Recuperação por Co-Participação,,expense,
account_template_ans_41172106607,41172106607,Despesas com Eventos/Sinistros - Judicial,,expense_direct_cost,
account_template_ans_41172106609,41172106609,(-) Outras Recuperações,,expense,
account_template_ans_41172203301,41172203301,Despesas com Eventos / Sinistros,,expense_direct_cost,
account_template_ans_41172203302,41172203302,(-) Glosas,,expense,
account_template_ans_41172203303,41172203303,(-) Recuperação por Co-Participação,,expense,
account_template_ans_41172203304,41172203304,(-) Recuperação por Reembolso do Contratante,,expense,
account_template_ans_41172203307,41172203307,Despesas com Eventos/Sinistros - Judicial,,expense_direct_cost,
account_template_ans_41172203309,41172203309,(-) Outras Recuperações,,expense,
account_template_ans_41172204401,41172204401,Despesas com Eventos / Sinistros,,expense_direct_cost,
account_template_ans_41172204402,41172204402,(-) Glosas,,expense,
account_template_ans_41172204403,41172204403,(-) Recuperação por Co-Participação,,expense,
account_template_ans_41172204404,41172204404,(-) Recuperação por Reembolso do Contratante,,expense,
account_template_ans_41172204407,41172204407,Despesas com Eventos/Sinistros - Judicial,,expense_direct_cost,
account_template_ans_41172204409,41172204409,(-) Outras Recuperações,,expense,
account_template_ans_41172205501,41172205501,Despesas com Eventos / Sinistros,,expense_direct_cost,
account_template_ans_41172205502,41172205502,(-) Glosas,,expense,
account_template_ans_41172205503,41172205503,(-) Recuperação por Co-Participação,,expense,
account_template_ans_41172205504,41172205504,(-) Recuperação por Reembolso do Contratante,,expense,
account_template_ans_41172205507,41172205507,Despesas com Eventos/Sinistros - Judicial,,expense_direct_cost,
account_template_ans_41172205509,41172205509,(-) Outras Recuperações,,expense,
account_template_ans_41172206601,41172206601,Despesas com Eventos / Sinistros,,expense_direct_cost,
account_template_ans_41172206602,41172206602,(-) Glosas,,expense,
account_template_ans_41172206603,41172206603,(-) Recuperação por Co-Participação,,expense,
account_template_ans_41172206604,41172206604,(-) Recuperação por Reembolso do Contratante,,expense,
account_template_ans_41172206607,41172206607,Despesas com Eventos/Sinistros - Judicial,,expense_direct_cost,
account_template_ans_41172206609,41172206609,(-) Outras Recuperações,,expense,
account_template_ans_41181101101,41181101101,Despesas com Eventos / Sinistros,,expense_direct_cost,
account_template_ans_41181101102,41181101102,(-) Reversão da Despesa,,expense,
account_template_ans_41181101103,41181101103,(-) Recuperação por Co-Participação,,expense,
account_template_ans_41181101109,41181101109,(-) Outras Recuperações,,expense,
account_template_ans_41181102201,41181102201,Despesas com Eventos / Sinistros,,expense_direct_cost,
account_template_ans_41181102202,41181102202,(-) Reversão da Despesa,,expense,
account_template_ans_41181102203,41181102203,(-) Recuperação por Co-Participação,,expense,
account_template_ans_41181102209,41181102209,(-) Outras Recuperações,,expense,
account_template_ans_41181103301,41181103301,Despesas com Eventos / Sinistros,,expense_direct_cost,
account_template_ans_41181103302,41181103302,(-) Reversão da Despesa,,expense,
account_template_ans_41181103303,41181103303,(-) Recuperação por Co-Participação,,expense,
account_template_ans_41181103309,41181103309,(-) Outras Recuperações,,expense,
account_template_ans_41181104401,41181104401,Despesas com Eventos / Sinistros,,expense_direct_cost,
account_template_ans_41181104402,41181104402,(-) Reversão da Despesa,,expense,
account_template_ans_41181104403,41181104403,(-) Recuperação por Co-Participação,,expense,
account_template_ans_41181104409,41181104409,(-) Outras Recuperações,,expense,
account_template_ans_41181105501,41181105501,Despesas com Eventos / Sinistros,,expense_direct_cost,
account_template_ans_41181105502,41181105502,(-) Reversão da Despesa,,expense,
account_template_ans_41181105503,41181105503,(-) Recuperação por Co-Participação,,expense,
account_template_ans_41181105509,41181105509,(-) Outras Recuperações,,expense,
account_template_ans_41181106601,41181106601,Despesas com Eventos / Sinistros,,expense_direct_cost,
account_template_ans_41181106602,41181106602,(-) Reversão da Despesa,,expense,
account_template_ans_41181106603,41181106603,(-) Recuperação por Co-Participação,,expense,
account_template_ans_41181106609,41181106609,(-) Outras Recuperações,,expense,
account_template_ans_41181203301,41181203301,Despesas com Eventos / Sinistros,,expense_direct_cost,
account_template_ans_41181203302,41181203302,(-) Reversão da Despesa,,expense,
account_template_ans_41181203303,41181203303,(-) Recuperação por Co-Participação,,expense,
account_template_ans_41181203304,41181203304,(-) Recuperação por Reembolso do Contratante,,expense,
account_template_ans_41181203309,41181203309,(-) Outras Recuperações,,expense,
account_template_ans_41181204401,41181204401,Despesas com Eventos / Sinistros,,expense_direct_cost,
account_template_ans_41181204402,41181204402,(-) Reversão da Despesa,,expense,
account_template_ans_41181204403,41181204403,(-) Recuperação por Co-Participação,,expense,
account_template_ans_41181204404,41181204404,(-) Recuperação por Reembolso do Contratante,,expense,
account_template_ans_41181204409,41181204409,(-) Outras Recuperações,,expense,
account_template_ans_41181205501,41181205501,Despesas com Eventos / Sinistros,,expense_direct_cost,
account_template_ans_41181205502,41181205502,(-) Reversão da Despesa,,expense,
account_template_ans_41181205503,41181205503,(-) Recuperação por Co-Participação,,expense,
account_template_ans_41181205504,41181205504,(-) Recuperação por Reembolso do Contratante,,expense,
account_template_ans_41181205509,41181205509,(-) Outras Recuperações,,expense,
account_template_ans_41181206601,41181206601,Despesas com Eventos / Sinistros,,expense_direct_cost,
account_template_ans_41181206602,41181206602,(-) Reversão da Despesa,,expense,
account_template_ans_41181206603,41181206603,(-) Recuperação por Co-Participação,,expense,
account_template_ans_41181206604,41181206604,(-) Recuperação por Reembolso do Contratante,,expense,
account_template_ans_41181206609,41181206609,(-) Outras Recuperações,,expense,
account_template_ans_41182101101,41182101101,Despesas com Eventos / Sinistros,,expense_direct_cost,
account_template_ans_41182101102,41182101102,(-) Reversão da Despesa,,expense,
account_template_ans_41182101103,41182101103,(-) Recuperação por Co-Participação,,expense,
account_template_ans_41182101109,41182101109,(-) Outras Recuperações,,expense,
account_template_ans_41182102201,41182102201,Despesas com Eventos / Sinistros,,expense_direct_cost,
account_template_ans_41182102202,41182102202,(-) Reversão da Despesa,,expense,
account_template_ans_41182102203,41182102203,(-) Recuperação por Co-Participação,,expense,
account_template_ans_41182102209,41182102209,(-) Outras Recuperações,,expense,
account_template_ans_41182103301,41182103301,Despesas com Eventos / Sinistros,,expense_direct_cost,
account_template_ans_41182103302,41182103302,(-) Reversão da Despesa,,expense,
account_template_ans_41182103303,41182103303,(-) Recuperação por Co-Participação,,expense,
account_template_ans_41182103309,41182103309,(-) Outras Recuperações,,expense,
account_template_ans_41182104401,41182104401,Despesas com Eventos / Sinistros,,expense_direct_cost,
account_template_ans_41182104402,41182104402,(-) Reversão da Despesa,,expense,
account_template_ans_41182104403,41182104403,(-) Recuperação por Co-Participação,,expense,
account_template_ans_41182104409,41182104409,(-) Outras Recuperações,,expense,
account_template_ans_41182105501,41182105501,Despesas com Eventos / Sinistros,,expense_direct_cost,
account_template_ans_41182105502,41182105502,(-) Reversão da Despesa,,expense,
account_template_ans_41182105503,41182105503,(-) Recuperação por Co-Participação,,expense,
account_template_ans_41182105509,41182105509,(-) Outras Recuperações,,expense,
account_template_ans_41182106601,41182106601,Despesas com Eventos / Sinistros,,expense_direct_cost,
account_template_ans_41182106602,41182106602,(-) Reversão da Despesa,,expense,
account_template_ans_41182106603,41182106603,(-) Recuperação por Co-Participação,,expense,
account_template_ans_41182106609,41182106609,(-) Outras Recuperações,,expense,
account_template_ans_41182203301,41182203301,Despesas com Eventos / Sinistros,,expense_direct_cost,
account_template_ans_41182203302,41182203302,(-) Reversão da Despesa,,expense,
account_template_ans_41182203303,41182203303,(-) Recuperação por Co-Participação,,expense,
account_template_ans_41182203304,41182203304,(-) Recuperação por Reembolso do Contratante,,expense,
account_template_ans_41182203309,41182203309,(-) Outras Recuperações,,expense,
account_template_ans_41182204401,41182204401,Despesas com Eventos / Sinistros,,expense_direct_cost,
account_template_ans_41182204402,41182204402,(-) Reversão da Despesa,,expense,
account_template_ans_41182204403,41182204403,(-) Recuperação por Co-Participação,,expense,
account_template_ans_41182204404,41182204404,(-) Recuperação por Reembolso do Contratante,,expense,
account_template_ans_41182204409,41182204409,(-) Outras Recuperações,,expense,
account_template_ans_41182205501,41182205501,Despesas com Eventos / Sinistros,,expense_direct_cost,
account_template_ans_41182205502,41182205502,(-) Reversão da Despesa,,expense,
account_template_ans_41182205503,41182205503,(-) Recuperação por Co-Participação,,expense,
account_template_ans_41182205504,41182205504,(-) Recuperação por Reembolso do Contratante,,expense,
account_template_ans_41182205509,41182205509,(-) Outras Recuperações,,expense,
account_template_ans_41182206601,41182206601,Despesas com Eventos / Sinistros,,expense_direct_cost,
account_template_ans_41182206602,41182206602,(-) Reversão da Despesa,,expense,
account_template_ans_41182206603,41182206603,(-) Recuperação por Co-Participação,,expense,
account_template_ans_41182206604,41182206604,(-) Recuperação por Reembolso do Contratante,,expense,
account_template_ans_41182206609,41182206609,(-) Outras Recuperações,,expense,
account_template_ans_41191101101,41191101101,Despesas com Eventos / Sinistros,,expense_direct_cost,
account_template_ans_41191101102,41191101102,(-) Glosas,,expense,
account_template_ans_41191101103,41191101103,(-) Recuperação por Co-Participação,,expense,
account_template_ans_41191101107,41191101107,Despesas com Eventos/Sinistros - Judicial,,expense_direct_cost,
account_template_ans_41191101109,41191101109,(-) Outras Recuperações,,expense,
account_template_ans_41191102201,41191102201,Despesas com Eventos / Sinistros,,expense_direct_cost,
account_template_ans_41191102202,41191102202,(-) Glosas,,expense,
account_template_ans_41191102203,41191102203,(-) Recuperação por Co-Participação,,expense,
account_template_ans_41191102207,41191102207,Despesas com Eventos/Sinistros - Judicial,,expense_direct_cost,
account_template_ans_41191102209,41191102209,(-) Outras Recuperações,,expense,
account_template_ans_41191103301,41191103301,Despesas com Eventos / Sinistros,,expense_direct_cost,
account_template_ans_41191103302,41191103302,(-) Glosas,,expense,
account_template_ans_41191103303,41191103303,(-) Recuperação por Co-Participação,,expense,
account_template_ans_41191103307,41191103307,Despesas com Eventos/Sinistros - Judicial,,expense_direct_cost,
account_template_ans_41191103309,41191103309,(-) Outras Recuperações,,expense,
account_template_ans_41191104401,41191104401,Despesas com Eventos / Sinistros,,expense_direct_cost,
account_template_ans_41191104402,41191104402,(-) Glosas,,expense,
account_template_ans_41191104403,41191104403,(-) Recuperação por Co-Participação,,expense,
account_template_ans_41191104407,41191104407,Despesas com Eventos/Sinistros - Judicial,,expense_direct_cost,
account_template_ans_41191104409,41191104409,(-) Outras Recuperações,,expense,
account_template_ans_41191105501,41191105501,Despesas com Eventos / Sinistros,,expense_direct_cost,
account_template_ans_41191105502,41191105502,(-) Glosas,,expense,
account_template_ans_41191105503,41191105503,(-) Recuperação por Co-Participação,,expense,
account_template_ans_41191105507,41191105507,Despesas com Eventos/Sinistros - Judicial,,expense_direct_cost,
account_template_ans_41191105509,41191105509,(-) Outras Recuperações,,expense,
account_template_ans_41191106601,41191106601,Despesas com Eventos / Sinistros,,expense_direct_cost,
account_template_ans_41191106602,41191106602,(-) Glosas,,expense,
account_template_ans_41191106603,41191106603,(-) Recuperação por Co-Participação,,expense,
account_template_ans_41191106607,41191106607,Despesas com Eventos/Sinistros - Judicial,,expense_direct_cost,
account_template_ans_41191106609,41191106609,(-) Outras Recuperações,,expense,
account_template_ans_41191108801,41191108801,Despesas com Eventos / Sinistros,,expense_direct_cost,
account_template_ans_41191108802,41191108802,(-) Glosas,,expense,
account_template_ans_41191203301,41191203301,Despesas com Eventos / Sinistros,,expense_direct_cost,
account_template_ans_41191203302,41191203302,(-) Glosas,,expense,
account_template_ans_41191203303,41191203303,(-) Recuperação por Co-Participação,,expense,
account_template_ans_41191203304,41191203304,(-) Recuperação por Reembolso do Contratante,,expense,
account_template_ans_41191203307,41191203307,Despesas com Eventos/Sinistros - Judicial,,expense_direct_cost,
account_template_ans_41191203309,41191203309,(-) Outras Recuperações,,expense,
account_template_ans_41191204401,41191204401,Despesas com Eventos / Sinistros,,expense_direct_cost,
account_template_ans_41191204402,41191204402,(-) Glosas,,expense,
account_template_ans_41191204403,41191204403,(-) Recuperação por Co-Participação,,expense,
account_template_ans_41191204404,41191204404,(-) Recuperação por Reembolso do Contratante,,expense,
account_template_ans_41191204407,41191204407,Despesas com Eventos/Sinistros - Judicial,,expense_direct_cost,
account_template_ans_41191204409,41191204409,(-) Outras Recuperações,,expense,
account_template_ans_41191205501,41191205501,Despesas com Eventos / Sinistros,,expense_direct_cost,
account_template_ans_41191205502,41191205502,(-) Glosas,,expense,
account_template_ans_41191205503,41191205503,(-) Recuperação por Co-Participação,,expense,
account_template_ans_41191205504,41191205504,(-) Recuperação por Reembolso do Contratante,,expense,
account_template_ans_41191205507,41191205507,Despesas com Eventos/Sinistros - Judicial,,expense_direct_cost,
account_template_ans_41191205509,41191205509,(-) Outras Recuperações,,expense,
account_template_ans_41191206601,41191206601,Despesas com Eventos / Sinistros,,expense_direct_cost,
account_template_ans_41191206602,41191206602,(-) Glosas,,expense,
account_template_ans_41191206603,41191206603,(-) Recuperação por Co-Participação,,expense,
account_template_ans_41191206604,41191206604,(-) Recuperação por Reembolso do Contratante,,expense,
account_template_ans_41191206607,41191206607,Despesas com Eventos/Sinistros - Judicial,,expense_direct_cost,
account_template_ans_41191206609,41191206609,(-) Outras Recuperações,,expense,
account_template_ans_41191208801,41191208801,Despesas com Eventos / Sinistros,,expense_direct_cost,
account_template_ans_41191208802,41191208802,(-) Glosas,,expense,
account_template_ans_41191208804,41191208804,(-) Recuperação por Reembolso do Contratante,,expense,
account_template_ans_41192101101,41192101101,Despesas com Eventos / Sinistros,,expense_direct_cost,
account_template_ans_41192101102,41192101102,(-) Glosas,,expense,
account_template_ans_41192101103,41192101103,(-) Recuperação por Co-Participação,,expense,
account_template_ans_41192101107,41192101107,Despesas com Eventos/Sinistros - Judicial,,expense_direct_cost,
account_template_ans_41192101109,41192101109,(-) Outras Recuperações,,expense,
account_template_ans_41192102201,41192102201,Despesas com Eventos / Sinistros,,expense_direct_cost,
account_template_ans_41192102202,41192102202,(-) Glosas,,expense,
account_template_ans_41192102203,41192102203,(-) Recuperação por Co-Participação,,expense,
account_template_ans_41192102207,41192102207,Despesas com Eventos/Sinistros - Judicial,,expense_direct_cost,
account_template_ans_41192102209,41192102209,(-) Outras Recuperações,,expense,
account_template_ans_41192103301,41192103301,Despesas com Eventos / Sinistros,,expense_direct_cost,
account_template_ans_41192103302,41192103302,(-) Glosas,,expense,
account_template_ans_41192103303,41192103303,(-) Recuperação por Co-Participação,,expense,
account_template_ans_41192103307,41192103307,Despesas com Eventos/Sinistros - Judicial,,expense_direct_cost,
account_template_ans_41192103309,41192103309,(-) Outras Recuperações,,expense,
account_template_ans_41192104401,41192104401,Despesas com Eventos / Sinistros,,expense_direct_cost,
account_template_ans_41192104402,41192104402,(-) Glosas,,expense,
account_template_ans_41192104403,41192104403,(-) Recuperação por Co-Participação,,expense,
account_template_ans_41192104407,41192104407,Despesas com Eventos/Sinistros - Judicial,,expense_direct_cost,
account_template_ans_41192104409,41192104409,(-) Outras Recuperações,,expense,
account_template_ans_41192105501,41192105501,Despesas com Eventos / Sinistros,,expense_direct_cost,
account_template_ans_41192105502,41192105502,(-) Glosas,,expense,
account_template_ans_41192105503,41192105503,(-) Recuperação por Co-Participação,,expense,
account_template_ans_41192105507,41192105507,Despesas com Eventos/Sinistros - Judicial,,expense_direct_cost,
account_template_ans_41192105509,41192105509,(-) Outras Recuperações,,expense,
account_template_ans_41192106601,41192106601,Despesas com Eventos / Sinistros,,expense_direct_cost,
account_template_ans_41192106602,41192106602,(-) Glosas,,expense,
account_template_ans_41192106603,41192106603,(-) Recuperação por Co-Participação,,expense,
account_template_ans_41192106607,41192106607,Despesas com Eventos/Sinistros - Judicial,,expense_direct_cost,
account_template_ans_41192106609,41192106609,(-) Outras Recuperações,,expense,
account_template_ans_41192108801,41192108801,Despesas com Eventos / Sinistros,,expense_direct_cost,
account_template_ans_41192108802,41192108802,(-) Glosas,,expense,
account_template_ans_41192203301,41192203301,Despesas com Eventos / Sinistros,,expense_direct_cost,
account_template_ans_41192203302,41192203302,(-) Glosas,,expense,
account_template_ans_41192203303,41192203303,(-) Recuperação por Co-Participação,,expense,
account_template_ans_41192203304,41192203304,(-) Recuperação por Reembolso do Contratante,,expense,
account_template_ans_41192203307,41192203307,Despesas com Eventos/Sinistros - Judicial,,expense_direct_cost,
account_template_ans_41192203309,41192203309,(-) Outras Recuperações,,expense,
account_template_ans_41192204401,41192204401,Despesas com Eventos / Sinistros,,expense_direct_cost,
account_template_ans_41192204402,41192204402,(-) Glosas,,expense,
account_template_ans_41192204403,41192204403,(-) Recuperação por Co-Participação,,expense,
account_template_ans_41192204404,41192204404,(-) Recuperação por Reembolso do Contratante,,expense,
account_template_ans_41192204407,41192204407,Despesas com Eventos/Sinistros - Judicial,,expense_direct_cost,
account_template_ans_41192204409,41192204409,(-) Outras Recuperações,,expense,
account_template_ans_41192205501,41192205501,Despesas com Eventos / Sinistros,,expense_direct_cost,
account_template_ans_41192205502,41192205502,(-) Glosas,,expense,
account_template_ans_41192205503,41192205503,(-) Recuperação por Co-Participação,,expense,
account_template_ans_41192205504,41192205504,(-) Recuperação por Reembolso do Contratante,,expense,
account_template_ans_41192205507,41192205507,Despesas com Eventos/Sinistros - Judicial,,expense_direct_cost,
account_template_ans_41192205509,41192205509,(-) Outras Recuperações,,expense,
account_template_ans_41192206601,41192206601,Despesas com Eventos / Sinistros,,expense_direct_cost,
account_template_ans_41192206602,41192206602,(-) Glosas,,expense,
account_template_ans_41192206603,41192206603,(-) Recuperação por Co-Participação,,expense,
account_template_ans_41192206604,41192206604,(-) Recuperação por Reembolso do Contratante,,expense,
account_template_ans_41192206607,41192206607,Despesas com Eventos/Sinistros - Judicial,,expense_direct_cost,
account_template_ans_41192206609,41192206609,(-) Outras Recuperações,,expense,
account_template_ans_41192208801,41192208801,Despesas com Eventos / Sinistros,,expense_direct_cost,
account_template_ans_41192208802,41192208802,(-) Glosas,,expense,
account_template_ans_41192208804,41192208804,(-) Recuperação por Reembolso do Contratante,,expense,
account_template_ans_41411901101,41411901101,Provisão de Eventos/Sinistros Ocorridos e Não Avisados - Outros Prestadores,,expense_direct_cost,
account_template_ans_41411901102,41411901102,Provisão de Eventos/Sinistros Ocorridos e Não Avisados - SUS,,expense_direct_cost,
account_template_ans_41412901101,41412901101,Provisão de Eventos/Sinistros Ocorridos e Não Avisados - Outros Prestadores,,expense_direct_cost,
account_template_ans_41412901102,41412901102,Provisão de Eventos/Sinistros Ocorridos e Não Avisados - SUS,,expense_direct_cost,
account_template_ans_41511101101,41511101101,Prêmios,,expense_direct_cost,
account_template_ans_41512101101,41512101101,Prêmios,,expense_direct_cost,
account_template_ans_41521101101,41521101101,Outras Despesas de Resseguro,,expense_direct_cost,
account_template_ans_41611101101,41611101101,Prêmios,,expense_direct_cost,
account_template_ans_41612101101,41612101101,Prêmios,,expense_direct_cost,
account_template_ans_41621101101,41621101101,Outras Despesas de Seguro,,expense_direct_cost,
account_template_ans_43111102201,43111102201,Remuneração – Pessoal Próprio (Assalariado),,expense_direct_cost,
account_template_ans_43111102202,43111102202,Comissão/Agenciamento,,expense_direct_cost,
account_template_ans_43111102203,43111102203,Encargos Sociais,,expense_direct_cost,
account_template_ans_43111103301,43111103301,Remuneração – Pessoal Próprio (Assalariado),,expense_direct_cost,
account_template_ans_43111103302,43111103302,Comissão/Agenciamento,,expense_direct_cost,
account_template_ans_43111103303,43111103303,Encargos Sociais,,expense_direct_cost,
account_template_ans_43111104401,43111104401,Remuneração – Pessoal Próprio (Assalariado),,expense_direct_cost,
account_template_ans_43111104402,43111104402,Comissão/Agenciamento,,expense_direct_cost,
account_template_ans_43111104403,43111104403,Encargos Sociais,,expense_direct_cost,
account_template_ans_43111202201,43111202201,Remuneração – Pessoal Próprio (Assalariado),,expense_direct_cost,
account_template_ans_43111202202,43111202202,Comissão/Agenciamento,,expense_direct_cost,
account_template_ans_43111202203,43111202203,Encargos Sociais,,expense_direct_cost,
account_template_ans_43111203301,43111203301,Remuneração – Pessoal Próprio (Assalariado),,expense_direct_cost,
account_template_ans_43111203302,43111203302,Comissão/Agenciamento,,expense_direct_cost,
account_template_ans_43111203303,43111203303,Encargos Sociais,,expense_direct_cost,
account_template_ans_43112102201,43112102201,Remuneração – Pessoal Próprio (Assalariado),,expense_direct_cost,
account_template_ans_43112102202,43112102202,Comissão/Agenciamento,,expense_direct_cost,
account_template_ans_43112102203,43112102203,Encargos Sociais,,expense_direct_cost,
account_template_ans_43112103301,43112103301,Remuneração – Pessoal Próprio (Assalariado),,expense_direct_cost,
account_template_ans_43112103302,43112103302,Comissão/Agenciamento,,expense_direct_cost,
account_template_ans_43112103303,43112103303,Encargos Sociais,,expense_direct_cost,
account_template_ans_43112104401,43112104401,Remuneração – Pessoal Próprio (Assalariado),,expense_direct_cost,
account_template_ans_43112104402,43112104402,Comissão/Agenciamento,,expense_direct_cost,
account_template_ans_43112104403,43112104403,Encargos Sociais,,expense_direct_cost,
account_template_ans_43112202201,43112202201,Remuneração – Pessoal Próprio (Assalariado),,expense_direct_cost,
account_template_ans_43112202202,43112202202,Comissão/Agenciamento,,expense_direct_cost,
account_template_ans_43112202203,43112202203,Encargos Sociais,,expense_direct_cost,
account_template_ans_43112203301,43112203301,Remuneração – Pessoal Próprio (Assalariado),,expense_direct_cost,
account_template_ans_43112203302,43112203302,Comissão/Agenciamento,,expense_direct_cost,
account_template_ans_43112203303,43112203303,Encargos Sociais,,expense_direct_cost,
account_template_ans_43131101101,43131101101,Cobertura Assistencial com Preço Preestabelecido,,expense_direct_cost,
account_template_ans_43131201101,43131201101,Cobertura Assistencial com Preço Pós-estabelecido,,expense_direct_cost,
account_template_ans_43132101101,43132101101,Cobertura Assistencial com Preço Preestabelecido,,expense_direct_cost,
account_template_ans_43132201101,43132201101,Cobertura Assistencial com Preço Pós-estabelecido,,expense_direct_cost,
account_template_ans_43141901101,43141901101,Contraprestações Pecuniárias,,expense_direct_cost,
account_template_ans_43141902201,43141902201,Prêmios de Seguro,,expense_direct_cost,
account_template_ans_43142901101,43142901101,Contraprestações Pecuniárias,,expense_direct_cost,
account_template_ans_43142902201,43142902201,Prêmios de Seguro,,expense_direct_cost,
account_template_ans_44131901101,44131901101,Confecção de Carteiras/Livro de Credenciamento,,expense_direct_cost,
account_template_ans_44131901102,44131901102,Despesas com Cobrança,,expense_direct_cost,
account_template_ans_44131901103,44131901103,Despesas com Encargos Sociais,,expense_direct_cost,
account_template_ans_44131901104,44131901104,Despesas com Apólices e Contratos,,expense_direct_cost,
account_template_ans_44131901105,44131901105,Despesas com Inspeção de Riscos,,expense_direct_cost,
account_template_ans_44131901107,44131901107,Despesas com Serviços Prestados por Terceiros,,expense_direct_cost,
account_template_ans_44131901108,44131901108,Despesas com Taxa de Administração - Administradora de Benefícios,,expense_direct_cost,
account_template_ans_44131901109,44131901109,Outras Despesas,,expense_direct_cost,
account_template_ans_44131902201,44131902201,Gastos com Aquisição de Carteiras,,expense_direct_cost,
account_template_ans_44131902202,44131902202,Amortização com Aquisição de Carteiras,,expense_direct_cost,
account_template_ans_44131902203,44131902203,Provisão para Redução ao Valor Recuperável do Ativo relacionado a Aquisição de Carteiras,,expense_direct_cost,
account_template_ans_44131903301,44131903301,Taxa de Administração,,expense_direct_cost,
account_template_ans_44131904401,44131904401,Despesas com Eventos/Sinistros não cobertos,,expense_direct_cost,
account_template_ans_44131904402,44131904402,Despesas com Provisão para Contingências,,expense_direct_cost,
account_template_ans_44131904403,44131904403,(-) Reversão de Provisão para Contingências,,expense,
account_template_ans_44132901101,44132901101,Confecção de Carteiras/Livro de Credenciamento,,expense_direct_cost,
account_template_ans_44132901102,44132901102,Despesas com Cobrança,,expense_direct_cost,
account_template_ans_44132901103,44132901103,Despesas com Encargos Sociais,,expense_direct_cost,
account_template_ans_44132901104,44132901104,Despesas com Apólices e Contratos,,expense_direct_cost,
account_template_ans_44132901105,44132901105,Despesas com Inspeção de Riscos,,expense_direct_cost,
account_template_ans_44132901107,44132901107,Despesas com Serviços Prestados por Terceiros,,expense_direct_cost,
account_template_ans_44132901108,44132901108,Despesas com Taxa de Administração - Administradora de Benefícios,,expense_direct_cost,
account_template_ans_44132901109,44132901109,Outras Despesas,,expense_direct_cost,
account_template_ans_44132902201,44132902201,Gastos com Aquisição de Carteiras,,expense_direct_cost,
account_template_ans_44132902202,44132902202,Amortização com Aquisição de Carteiras,,expense_direct_cost,
account_template_ans_44132902203,44132902203,Provisão para Redução ao Valor Recuperável do Ativo relacionado a Aquisição de Carteiras,,expense_direct_cost,
account_template_ans_44132903301,44132903301,Taxa de Administração,,expense_direct_cost,
account_template_ans_44132904401,44132904401,Despesas com Eventos/Sinistros não cobertos,,expense_direct_cost,
account_template_ans_44132904402,44132904402,Despesas com Provisão para Contingências,,expense_direct_cost,
account_template_ans_44132904403,44132904403,(-) Reversão de Provisão para Contingências,,expense,
account_template_ans_44151901101,44151901101,Despesas com Programa de Promoção da Saúde e Prevenção de Riscos e Doenças - Aprovadas pela DIPRO,,expense_direct_cost,
account_template_ans_44151901102,44151901102,Despesas com Programa de Promoção da Saúde e Prevenção de Riscos e Doenças - Não aprovadas pela DIPRO,,expense_direct_cost,
account_template_ans_44152901101,44152901101,Despesas com Programa de Boas Práticas em Atenção à Saúde  - Aprovados pela DIDES,,expense_direct_cost,
account_template_ans_44152901102,44152901102,Despesas com Programa de Boas Práticas em Atenção à Saúde  - Não Aprovados pela DIDES,,expense_direct_cost,
account_template_ans_44161901101,44161901101,(-) Impostos sobre Faturamento,,expense,
account_template_ans_44161901109,44161901109,(-) Outras,,expense,
account_template_ans_44162901101,44162901101,(-) Impostos sobre Faturamento,,expense,
account_template_ans_44162901109,44162901109,(-) Outras,,expense,
account_template_ans_44191901101,44191901101,Provisão Sobre Contraprest. Pecuniárias/Prêmios a Receber de Assist. Méd-Hospitalar,,expense_direct_cost,
account_template_ans_44191901109,44191901109,(-) Reversão da Prov. Sobre Contraprest. Pecuniárias/Prêmios a Receber de Assist. Méd- Hospitalar,,expense,
account_template_ans_44191902201,44191902201,Provisão Sobre Demais Créditos de Operações de Assist. Méd-Hospitalar,,expense_direct_cost,
account_template_ans_44191902209,44191902209,(-) Reversão da Provisão Sobre Demais Créditos de Operações de Assist. Méd-Hospitalar,,expense,
account_template_ans_44191903301,44191903301,Provisão Sobre Outros Créditos de Administradora de Benefícios,,expense_direct_cost,
account_template_ans_44191903309,44191903309,(-) Reversão da Provisão Sobre Outros Créditos de Administradora de Benefícios,,expense,
account_template_ans_44191905501,44191905501,Provisão Sobre Taxa de Administração de Benefícios a Receber,,expense_direct_cost,
account_template_ans_44191905509,44191905509,(-) Reversão da Provisão Sobre Taxa de Administração de Benefícios a Receber,,expense,
account_template_ans_44192901101,44192901101,Provisão Sobre Contraprest. Pecuniárias/Prêmios a Receber de Assist. Odontológica,,expense_direct_cost,
account_template_ans_44192901109,44192901109,(-) Reversão da Prov. Sobre Contraprest. Pecuniárias/Prêmios a Receber de Assist. Odontológica,,expense,
account_template_ans_44192902201,44192902201,Provisão Sobre Demais Créditos de Operações de Assistência Odontológica,,expense_direct_cost,
account_template_ans_44192902209,44192902209,(-) Reversão da Provisão Sobre Demais Créditos de Operações de Assist. Odontológica,,expense,
account_template_ans_44192903301,44192903301,Provisão Sobre Outros Créditos de Administradora de Benefícios,,expense_direct_cost,
account_template_ans_44192903309,44192903309,(-) Reversão da Provisão Sobre Outros Créditos de Administradora de Benefícios,,expense,
account_template_ans_44192905501,44192905501,Provisão Sobre Taxa de Administração de Benefícios a Receber,,expense_direct_cost,
account_template_ans_44192905509,44192905509,(-) Reversão da Provisão Sobre Taxa de Administração de Benefícios a Receber,,expense,
account_template_ans_44211901101,44211901101,Despesas com Prestação de Serviços - SUS,,expense_direct_cost,
account_template_ans_44211901102,44211901102,Despesas com Prestação de Serviços - Hospitalar,,expense_direct_cost,
account_template_ans_44211901103,44211901103,Despesas com Prestação de Serviços - Ambulatorial,,expense_direct_cost,
account_template_ans_44211901104,44211901104,Despesas com Prestação de Serviços - Diagnósticos,,expense_direct_cost,
account_template_ans_44211901105,44211901105,Custo de ociosidade rede própria,,expense_direct_cost,
account_template_ans_44211901109,44211901109,Despesas com Prestação de Serviços - Outros,,expense_direct_cost,
account_template_ans_44211902201,44211902201,(-) Dedução de Despesas com Prestação de Serviços - SUS,,expense,
account_template_ans_44211902209,44211902209,(-) Dedução de Despesas com Prestação de Serviços - Outros,,expense,
account_template_ans_44211903301,44211903301,Provisão Sobre Créditos de Operações  de Assistência Não Relacionadas com Plano de.Saúde,,expense_direct_cost,
account_template_ans_44211903309,44211903309,(-) Reversão da Provisão Sobre Créditos de Oper. Assist. Não Relacionadas com Plano de Saúde,,expense,
account_template_ans_44212901101,44212901101,Despesas com Prestação de Serviços - SUS,,expense_direct_cost,
account_template_ans_44212901105,44212901105,Custo de ociosidade rede própria,,expense_direct_cost,
account_template_ans_44212901109,44212901109,Despesas com Prestação de Serviços - Outros,,expense_direct_cost,
account_template_ans_44212902201,44212902201,(-) Dedução de Despesas com Prestação de Serviços - SUS,,expense,
account_template_ans_44212902209,44212902209,(-) Dedução de Despesas com Prestação de Serviços - Outros,,expense,
account_template_ans_44212903301,44212903301,Provisão Sobre Créditos de Operações  de Assistência Não Relacionadas com Plano de.Saúde,,expense_direct_cost,
account_template_ans_44212903309,44212903309,(-) Reversão da Provisão Sobre Créditos de Oper. Assist. Não Relacionadas com Plano de Saúde,,expense,
account_template_ans_44221901101,44221901101,Despesas com Intercâmbio Eventual por Diferença de Tabela,,expense_direct_cost,
account_template_ans_44222901101,44222901101,Despesas com Intercâmbio Eventual por Diferença de Tabela,,expense_direct_cost,
account_template_ans_44299901101,44299901101,Outras Despesas Operacionais,,expense_direct_cost,
account_template_ans_44311901101,44311901101,Despesas Operacionais de Outras Atividades (Autogestões - Lei 13.127),,expense_direct_cost,
account_template_ans_44311901102,44311901102,Despesas Operacionais de Outras Atividades (Confederações e Federações de Cooperativas),,expense_direct_cost,
account_template_ans_45111901101,45111901101,Ajuste ao valor de mercado,,expense_direct_cost,
account_template_ans_45111901109,45111901109,Outras Despesas,,expense_direct_cost,
account_template_ans_45121901101,45121901101,Ajuste ao valor de mercado,,expense_direct_cost,
account_template_ans_45121901109,45121901109,Outras Despesas,,expense_direct_cost,
account_template_ans_45131901101,45131901101,Ajuste ao valor de mercado,,expense_direct_cost,
account_template_ans_45131901109,45131901109,Outras despesas,,expense_direct_cost,
account_template_ans_45134901101,45134901101,Ajuste ao valor de mercado,,expense_direct_cost,
account_template_ans_45134901109,45134901109,Outras Despesas,,expense_direct_cost,
account_template_ans_45138901101,45138901101,Ajuste ao valor de mercado,,expense_direct_cost,
account_template_ans_45138901109,45138901109,Outras Despesas,,expense_direct_cost,
account_template_ans_45191901101,45191901101,Provisão para Desvalorização de Títulos de Renda Fixa - Privados,,expense_direct_cost,
account_template_ans_45191901102,45191901102,Provisão para Desvalorização de Títulos de Renda Fixa - Públicos,,expense_direct_cost,
account_template_ans_45191901103,45191901103,Provisão para Desvalorização de Títulos de Renda Variável,,expense_direct_cost,
account_template_ans_45191901109,45191901109,Outras Provisões para Desvalorização,,expense_direct_cost,
account_template_ans_45211901101,45211901101,Descontos Concedidos,,expense_direct_cost,
account_template_ans_45211901102,45211901102,Despesas Financeiras do Ressarcimento ao SUS,,expense_direct_cost,
account_template_ans_45211901103,45211901103,Atualização monetária - PESL,,expense_direct_cost,
account_template_ans_45211901104,45211901104,Juros - PESL,,expense_direct_cost,
account_template_ans_45211901105,45211901105,Variação cambial - PESL,,expense_direct_cost,
account_template_ans_45211901109,45211901109,Outras,,expense_direct_cost,
account_template_ans_45212901101,45212901101,Descontos Concedidos,,expense_direct_cost,
account_template_ans_45212901102,45212901102,Despesas Financeiras do Ressarcimento ao SUS,,expense_direct_cost,
account_template_ans_45212901103,45212901103,Atualização monetária - PESL,,expense_direct_cost,
account_template_ans_45212901104,45212901104,Juros - PESL,,expense_direct_cost,
account_template_ans_45212901105,45212901105,Variação cambial - PESL,,expense_direct_cost,
account_template_ans_45212901109,45212901109,Outras,,expense_direct_cost,
account_template_ans_45311901101,45311901101,Empréstimos Hipotecários,,expense_direct_cost,
account_template_ans_45311901102,45311901102,Empréstimos Bancários,,expense_direct_cost,
account_template_ans_45311901109,45311901109,Outros Empréstimos,,expense_direct_cost,
account_template_ans_45321901101,45321901101,Financiamentos para Aquisição de Ativos,,expense_direct_cost,
account_template_ans_45321901109,45321901109,Outros Financiamentos,,expense_direct_cost,
account_template_ans_45411901101,45411901101,Despesas de Ajuste a Valor Presente,,expense_direct_cost,
account_template_ans_45811901101,45811901101,Juros,,expense_direct_cost,
account_template_ans_45811901102,45811901102,Atualização Monetária,,expense_direct_cost,
account_template_ans_45811901109,45811901109,Outras Despesas,,expense_direct_cost,
account_template_ans_45821901101,45821901101,Juros sobre Capital Próprio,,expense_direct_cost,
account_template_ans_45831901101,45831901101,Despesas por Pagamentos em Atraso,,expense_direct_cost,
account_template_ans_45841901101,45841901101,Imposto de Renda,,expense_direct_cost,
account_template_ans_45841901102,45841901102,Imposto Sobre Operações Financeiras - IOF,,expense_direct_cost,
account_template_ans_45841901109,45841901109,Outras Despesas,,expense_direct_cost,
account_template_ans_45891901101,45891901101,Despesas Financeiras com Arrendamentos,,expense_direct_cost,
account_template_ans_45891901109,45891901109,Despesas Financeiras Diversas,,expense_direct_cost,
account_template_ans_46111901101,46111901101,Honorários de Diretoria,,expense_direct_cost,
account_template_ans_46111901102,46111901102,Honorários do Conselho de Administração,,expense_direct_cost,
account_template_ans_46111901103,46111901103,Honorários do Conselho Consultivo,,expense_direct_cost,
account_template_ans_46111901104,46111901104,Honorários do Conselho Fiscal,,expense_direct_cost,
account_template_ans_46111901105,46111901105,Representação Social,,expense_direct_cost,
account_template_ans_46111901106,46111901106,Ajuda de Custo,,expense_direct_cost,
account_template_ans_46111901107,46111901107,Gratificações,,expense_direct_cost,
account_template_ans_46111901109,46111901109,Outras Despesas,,expense_direct_cost,
account_template_ans_46121901101,46121901101,Salários e Ordenados,,expense_direct_cost,
account_template_ans_46121901102,46121901102,Serviços Extraordinários,,expense_direct_cost,
account_template_ans_46121901103,46121901103,Gratificações,,expense_direct_cost,
account_template_ans_46121901104,46121901104,13º Salário/Férias,,expense_direct_cost,
account_template_ans_46121901105,46121901105,Reclamações Trabalhistas,,expense_direct_cost,
account_template_ans_46121901106,46121901106,Ajuda de Custo,,expense_direct_cost,
account_template_ans_46121901107,46121901107,Participação no Resultado/Remuneração Variável/Remuneração por Performance,,expense_direct_cost,
account_template_ans_46121901108,46121901108,Representação Social,,expense_direct_cost,
account_template_ans_46121901109,46121901109,Outras Despesas,,expense_direct_cost,
account_template_ans_46131901101,46131901101,Aviso Prévio,,expense_direct_cost,
account_template_ans_46131901102,46131901102,Férias Indenizadas,,expense_direct_cost,
account_template_ans_46131901103,46131901103,Indenizações Trabalhistas,,expense_direct_cost,
account_template_ans_46131901109,46131901109,Outras Despesas,,expense_direct_cost,
account_template_ans_46141901101,46141901101,Previdência Social,,expense_direct_cost,
account_template_ans_46141901102,46141901102,FGTS,,expense_direct_cost,
account_template_ans_46141901109,46141901109,Outras Despesas,,expense_direct_cost,
account_template_ans_46151901101,46151901101,Despesas com Assistência Médica/ Odontológica,,expense_direct_cost,
account_template_ans_46161901101,46161901101,Formação Profissional,,expense_direct_cost,
account_template_ans_46161901102,46161901102,Instrução,,expense_direct_cost,
account_template_ans_46171901101,46171901101,Alimentação ao Trabalhador,,expense_direct_cost,
account_template_ans_46181901101,46181901101,Vale Transporte,,expense_direct_cost,
account_template_ans_46181901109,46181901109,Outras Despesas,,expense_direct_cost,
account_template_ans_46191901109,46191901109,Outras Despesas,,expense_direct_cost,
account_template_ans_46211901101,46211901101,Honorários Advocatícios,,expense_direct_cost,
account_template_ans_46211901102,46211901102,Honorários de Auditoria,,expense_direct_cost,
account_template_ans_46211901103,46211901103,Honorários de Consultoria,,expense_direct_cost,
account_template_ans_46211901104,46211901104,Honorários de Serviços Técnicos,,expense_direct_cost,
account_template_ans_46211901105,46211901105,Fretes e Carretos,,expense_direct_cost,
account_template_ans_46211901106,46211901106,Reclamações Judiciais,,expense_direct_cost,
account_template_ans_46211901109,46211901109,Outras Despesas,,expense_direct_cost,
account_template_ans_46221901101,46221901101,Encargos Sociais com Serviços de Terceiros,,expense_direct_cost,
account_template_ans_46311901101,46311901101,Aluguel,,expense_direct_cost,
account_template_ans_46311901102,46311901102,Arrendamento Mercantil,,expense_direct_cost,
account_template_ans_46311901103,46311901103,Condomínios e Taxas,,expense_direct_cost,
account_template_ans_46311901104,46311901104,"Água, Luz e Gás",,expense_direct_cost,
account_template_ans_46311901105,46311901105,Limpeza,,expense_direct_cost,
account_template_ans_46311901106,46311901106,Consertos,,expense_direct_cost,
account_template_ans_46311901109,46311901109,Outras Despesas,,expense_direct_cost,
account_template_ans_46331901101,46331901101,Aluguel,,expense_direct_cost,
account_template_ans_46331901102,46331901102,Arrendamento Mercantil,,expense_direct_cost,
account_template_ans_46331901103,46331901103,Manutenção e Consertos,,expense_direct_cost,
account_template_ans_46331901104,46331901104,Combustível,,expense_direct_cost,
account_template_ans_46331901109,46331901109,Outras Despesas,,expense_direct_cost,
account_template_ans_46371901101,46371901101,Depreciações,,expense_direct_cost,
account_template_ans_46371901102,46371901102,Perda por Redução ao Valor Recuperável,,expense_direct_cost,
account_template_ans_46381901101,46381901101,Amortizações,,expense_direct_cost,
account_template_ans_46381901102,46381901102,Perda por Redução ao Valor Recuperável,,expense_direct_cost,
account_template_ans_46391901101,46391901101,Despesas com Expediente,,expense_direct_cost,
account_template_ans_46391901102,46391901102,Despesas com Seguros,,expense_direct_cost,
account_template_ans_46391901103,46391901103,Despesas com Locomoção,,expense_direct_cost,
account_template_ans_46391901104,46391901104,Despesas com Comunicação,,expense_direct_cost,
account_template_ans_46391901109,46391901109,Outras Despesas com Localização e Funcionamento,,expense_direct_cost,
account_template_ans_46411901101,46411901101,Publicidade e Propaganda,,expense_direct_cost,
account_template_ans_46411901102,46411901102,Brindes,,expense_direct_cost,
account_template_ans_46411901103,46411901103,Promoções,,expense_direct_cost,
account_template_ans_46411901109,46411901109,Outras Despesas,,expense_direct_cost,
account_template_ans_46511901101,46511901101,Impostos Federais,,expense_direct_cost,
account_template_ans_46511901102,46511901102,Impostos Estaduais,,expense_direct_cost,
account_template_ans_46511901109,46511901109,Impostos Municipais,,expense_direct_cost,
account_template_ans_46521901101,46521901101,PIS/PASEP,,expense_direct_cost,
account_template_ans_46521901102,46521901102,Contribuição Sindical,,expense_direct_cost,
account_template_ans_46521901109,46521901109,Outras Contribuições,,expense_direct_cost,
account_template_ans_46531901101,46531901101,Taxa de Saúde Suplementar,,expense_direct_cost,
account_template_ans_46581901109,46581901109,Outros Tributos,,expense_direct_cost,
account_template_ans_46611901101,46611901101,Multas Administrativas aplicadas pela ANS,,expense_direct_cost,
account_template_ans_46611901102,46611901102,Multas Administrativas aplicadas pela ANS - contingências,,expense_direct_cost,
account_template_ans_46611901108,46611901108,Multas Administrativas diversas,,expense_direct_cost,
account_template_ans_46611901109,46611901109,Multas Administrativas diversas - contingências,,expense_direct_cost,
account_template_ans_46811901101,46811901101,Despesas com Publicações,,expense_direct_cost,
account_template_ans_46811901102,46811901102,Despesas com Contribuições e Donativos,,expense_direct_cost,
account_template_ans_46811901103,46811901103,Despesas Judiciais,,expense_direct_cost,
account_template_ans_46811901109,46811901109,Outras Despesas,,expense_direct_cost,
account_template_ans_47111901101,47111901101,Despesas com Serviços de Terceiros,,expense_direct_cost,
account_template_ans_47111901102,47111901102,Conservação e Reparos,,expense_direct_cost,
account_template_ans_47111901103,47111901103,"Impostos, Taxas e Seguros",,expense_direct_cost,
account_template_ans_47111901104,47111901104,Condomínio,,expense_direct_cost,
account_template_ans_47111901105,47111901105,Depreciações,,expense_direct_cost,
account_template_ans_47111901106,47111901106,Despesa com Provisão para Riscos sobre Aluguel a Receber,,expense_direct_cost,
account_template_ans_47111901107,47111901107,Provisão para Desvalorização,,expense_direct_cost,
account_template_ans_47111901108,47111901108,Outras Despesas,,expense_direct_cost,
account_template_ans_47111901109,47111901109,(-) Recuperação de Despesas Patrimoniais,,expense,
account_template_ans_47121901101,47121901101,Resultado de Equivalência Patrimonial,,expense_direct_cost,
account_template_ans_47121901107,47121901107,Provisão para Desvalorização,,expense_direct_cost,
account_template_ans_47121901109,47121901109,Outras despesas,,expense_direct_cost,
account_template_ans_47131901101,47131901101,Investimentos,,expense_direct_cost,
account_template_ans_47131901102,47131901102,Imobilizado,,expense_direct_cost,
account_template_ans_47131901103,47131901103,Intangível,,expense_direct_cost,
account_template_ans_47181901101,47181901101,Provisão para Desvalorização,,expense_direct_cost,
account_template_ans_47181901109,47181901109,Outras Despesas,,expense_direct_cost,
account_template_ans_61111901101,61111901101,Imposto de Renda da Pessoa Jurídica - IRPJ,,expense,
account_template_ans_61121901101,61121901101,Contribuição Social sobre o Lucro Líquido - CSLL,,expense,
account_template_ans_61191901101,61191901101,Impostos Diferidos,,expense,
account_template_ans_61211901101,61211901101,Administradores,,equity_other,
account_template_ans_61211901102,61211901102,Empregados,,equity_other,
account_template_ans_61211901109,61211901109,Outros,,equity_other,
account_template_ans_69111901101,69111901101,Apuração do Resultado do Período,,equity_other,
account_template_ans_71111901101,71111901101,Apuração de Custos com Eventos por Meio Próprio,,expense,
account_template_ans_71191901101,71191901101,Apuração de Custos com Prestação de Serviços,,expense,
